/*
 * LVGL9 Icon: camera_app_icon
 * Generated by generate_icon.py
 * Size: 112x112 pixels
 * Format: ARGB8888
 * Source: Material Design Icons (https://pictogrammers.com)
 */

#ifdef __has_include
    #if __has_include("lvgl.h")
        #ifndef LV_LVGL_H_INCLUDE_SIMPLE
            #define LV_LVGL_H_INCLUDE_SIMPLE
        #endif
    #endif
#endif

#if defined(LV_LVGL_H_INCLUDE_SIMPLE)
    #include "lvgl.h"
#else
    #include "lvgl/lvgl.h"
#endif

#ifndef LV_ATTRIBUTE_MEM_ALIGN
#define LV_ATTRIBUTE_MEM_ALIGN
#endif

#ifndef LV_ATTRIBUTE_IMAGE_CAMERA_APP_ICON
#define LV_ATTRIBUTE_IMAGE_CAMERA_APP_ICON
#endif

const LV_ATTRIBUTE_MEM_ALIGN LV_ATTRIBUTE_LARGE_CONST LV_ATTRIBUTE_IMAGE_CAMERA_APP_ICON uint8_t camera_app_icon_map[] = {
  0x80, 0x80, 0x80, 0x00, 0x80, 0x80, 0x80, 0x00, 0x80, 0x80, 0x80, 0x00, 0x80, 0x80, 0x80, 0x00, 0x80, 0x80, 0x80, 0x00, 0x80, 0x80, 0x80, 0x00, 0x80, 0x80, 0x80, 0x00, 
  0x80, 0x80, 0x80, 0x00, 0x80, 0x80, 0x80, 0x00, 0x80, 0x80, 0x80, 0xff, 0x80, 0x80, 0x80, 0xff, 0x80, 0x80, 0x80, 0xff, 0x80, 0x80, 0x80, 0xff, 0x80, 0x80, 0x80, 0xff, 
  0x80, 0x80, 0x80, 0xff, 0x80, 0x80, 0x80, 0xff, 0x80, 0x80, 0x80, 0xff, 0x80, 0x80, 0x80, 0xff, 0x80, 0x80, 0x80, 0xff, 0x80, 0x80, 0x80, 0xff, 0x80, 0x80, 0x80, 0xff, 
  0x80, 0x80, 0x80, 0xff, 0x80, 0x80, 0x80, 0xff, 0x80, 0x80, 0x80, 0xff, 0x80, 0x80, 0x80, 0xff, 0x80, 0x80, 0x80, 0xff, 0x80, 0x80, 0x80, 0xff, 0x80, 0x80, 0x80, 0xff, 
  0x80, 0x80, 0x80, 0xff, 0x80, 0x80, 0x80, 0xff, 0x80, 0x80, 0x80, 0xff, 0x80, 0x80, 0x80, 0xff, 0x80, 0x80, 0x80, 0xff, 0x80, 0x80, 0x80, 0xff, 0x80, 0x80, 0x80, 0xff, 
  0x80, 0x80, 0x80, 0xff, 0x80, 0x80, 0x80, 0xff, 0x80, 0x80, 0x80, 0xff, 0x80, 0x80, 0x80, 0xff, 0x80, 0x80, 0x80, 0xff, 0x80, 0x80, 0x80, 0xff, 0x80, 0x80, 0x80, 0xff, 
  0x80, 0x80, 0x80, 0xff, 0x80, 0x80, 0x80, 0xff, 0x80, 0x80, 0x80, 0xff, 0x80, 0x80, 0x80, 0xff, 0x80, 0x80, 0x80, 0xff, 0x80, 0x80, 0x80, 0xff, 0x80, 0x80, 0x80, 0xff, 
  0x80, 0x80, 0x80, 0xff, 0x80, 0x80, 0x80, 0xff, 0x80, 0x80, 0x80, 0xff, 0x80, 0x80, 0x80, 0xff, 0x80, 0x80, 0x80, 0xff, 0x80, 0x80, 0x80, 0xff, 0x80, 0x80, 0x80, 0xff, 
  0x80, 0x80, 0x80, 0xff, 0x80, 0x80, 0x80, 0xff, 0x80, 0x80, 0x80, 0xff, 0x80, 0x80, 0x80, 0xff, 0x80, 0x80, 0x80, 0xff, 0x80, 0x80, 0x80, 0xff, 0x80, 0x80, 0x80, 0xff, 
  0x80, 0x80, 0x80, 0xff, 0x80, 0x80, 0x80, 0xff, 0x80, 0x80, 0x80, 0xff, 0x80, 0x80, 0x80, 0xff, 0x80, 0x80, 0x80, 0xff, 0x80, 0x80, 0x80, 0xff, 0x80, 0x80, 0x80, 0xff, 
  0x80, 0x80, 0x80, 0xff, 0x80, 0x80, 0x80, 0xff, 0x80, 0x80, 0x80, 0xff, 0x80, 0x80, 0x80, 0xff, 0x80, 0x80, 0x80, 0xff, 0x80, 0x80, 0x80, 0xff, 0x80, 0x80, 0x80, 0xff, 
  0x80, 0x80, 0x80, 0xff, 0x80, 0x80, 0x80, 0xff, 0x80, 0x80, 0x80, 0xff, 0x80, 0x80, 0x80, 0xff, 0x80, 0x80, 0x80, 0xff, 0x80, 0x80, 0x80, 0xff, 0x80, 0x80, 0x80, 0xff, 
  0x80, 0x80, 0x80, 0xff, 0x80, 0x80, 0x80, 0xff, 0x80, 0x80, 0x80, 0xff, 0x80, 0x80, 0x80, 0xff, 0x80, 0x80, 0x80, 0xff, 0x80, 0x80, 0x80, 0xff, 0x80, 0x80, 0x80, 0xff, 
  0x80, 0x80, 0x80, 0xff, 0x80, 0x80, 0x80, 0xff, 0x80, 0x80, 0x80, 0xff, 0x80, 0x80, 0x80, 0xff, 0x80, 0x80, 0x80, 0xff, 0x80, 0x80, 0x80, 0xff, 0x80, 0x80, 0x80, 0xff, 
  0x80, 0x80, 0x80, 0xff, 0x80, 0x80, 0x80, 0xff, 0x80, 0x80, 0x80, 0xff, 0x80, 0x80, 0x80, 0xff, 0x80, 0x80, 0x80, 0xff, 0x80, 0x80, 0x80, 0xff, 0x80, 0x80, 0x80, 0x00, 
  0x80, 0x80, 0x80, 0x00, 0x80, 0x80, 0x80, 0x00, 0x80, 0x80, 0x80, 0x00, 0x80, 0x80, 0x80, 0x00, 0x80, 0x80, 0x80, 0x00, 0x80, 0x80, 0x80, 0x00, 0x80, 0x80, 0x80, 0x00, 
  0x80, 0x80, 0x80, 0x00, 0x80, 0x80, 0x80, 0x00, 0x80, 0x80, 0x80, 0x00, 0x80, 0x80, 0x80, 0x00, 0x80, 0x80, 0x80, 0x00, 0x80, 0x80, 0x80, 0x00, 0x80, 0x80, 0x80, 0x00, 
  0x80, 0x80, 0x80, 0xff, 0x80, 0x80, 0x80, 0xff, 0x80, 0x80, 0x80, 0xff, 0x80, 0x80, 0x80, 0xff, 0x80, 0x80, 0x80, 0xff, 0x80, 0x80, 0x80, 0xff, 0x80, 0x80, 0x80, 0xff, 
  0x80, 0x80, 0x80, 0xff, 0x80, 0x80, 0x80, 0xff, 0x80, 0x80, 0x80, 0xff, 0x80, 0x80, 0x80, 0xff, 0x80, 0x80, 0x80, 0xff, 0x80, 0x80, 0x80, 0xff, 0x80, 0x80, 0x80, 0xff, 
  0x80, 0x80, 0x80, 0xff, 0x80, 0x80, 0x80, 0xff, 0x80, 0x80, 0x80, 0xff, 0x80, 0x80, 0x80, 0xff, 0x80, 0x80, 0x80, 0xff, 0x80, 0x80, 0x80, 0xff, 0x80, 0x80, 0x80, 0xff, 
  0x80, 0x80, 0x80, 0xff, 0x80, 0x80, 0x80, 0xff, 0x80, 0x80, 0x80, 0xff, 0x80, 0x80, 0x80, 0xff, 0x80, 0x80, 0x80, 0xff, 0x80, 0x80, 0x80, 0xff, 0x80, 0x80, 0x80, 0xff, 
  0x80, 0x80, 0x80, 0xff, 0x80, 0x80, 0x80, 0xff, 0x80, 0x80, 0x80, 0xff, 0x80, 0x80, 0x80, 0xff, 0x80, 0x80, 0x80, 0xff, 0x80, 0x80, 0x80, 0xff, 0x80, 0x80, 0x80, 0xff, 
  0x80, 0x80, 0x80, 0xff, 0x80, 0x80, 0x80, 0xff, 0x80, 0x80, 0x80, 0xff, 0x80, 0x80, 0x80, 0xff, 0x80, 0x80, 0x80, 0xff, 0x80, 0x80, 0x80, 0xff, 0x80, 0x80, 0x80, 0xff, 
  0x80, 0x80, 0x80, 0xff, 0x80, 0x80, 0x80, 0xff, 0x80, 0x80, 0x80, 0xff, 0x80, 0x80, 0x80, 0xff, 0x80, 0x80, 0x80, 0xff, 0x80, 0x80, 0x80, 0xff, 0x80, 0x80, 0x80, 0xff, 
  0x80, 0x80, 0x80, 0xff, 0x80, 0x80, 0x80, 0xff, 0x80, 0x80, 0x80, 0xff, 0x80, 0x80, 0x80, 0xff, 0x80, 0x80, 0x80, 0xff, 0x80, 0x80, 0x80, 0xff, 0x80, 0x80, 0x80, 0xff, 
  0x80, 0x80, 0x80, 0xff, 0x80, 0x80, 0x80, 0xff, 0x80, 0x80, 0x80, 0xff, 0x80, 0x80, 0x80, 0xff, 0x80, 0x80, 0x80, 0xff, 0x80, 0x80, 0x80, 0xff, 0x80, 0x80, 0x80, 0xff, 
  0x80, 0x80, 0x80, 0xff, 0x80, 0x80, 0x80, 0xff, 0x80, 0x80, 0x80, 0xff, 0x80, 0x80, 0x80, 0xff, 0x80, 0x80, 0x80, 0xff, 0x80, 0x80, 0x80, 0xff, 0x80, 0x80, 0x80, 0xff, 
  0x80, 0x80, 0x80, 0xff, 0x80, 0x80, 0x80, 0xff, 0x80, 0x80, 0x80, 0xff, 0x80, 0x80, 0x80, 0xff, 0x80, 0x80, 0x80, 0xff, 0x80, 0x80, 0x80, 0xff, 0x80, 0x80, 0x80, 0xff, 
  0x80, 0x80, 0x80, 0xff, 0x80, 0x80, 0x80, 0xff, 0x80, 0x80, 0x80, 0xff, 0x80, 0x80, 0x80, 0xff, 0x80, 0x80, 0x80, 0xff, 0x80, 0x80, 0x80, 0xff, 0x80, 0x80, 0x80, 0xff, 
  0x80, 0x80, 0x80, 0xff, 0x80, 0x80, 0x80, 0xff, 0x80, 0x80, 0x80, 0xff, 0x80, 0x80, 0x80, 0xff, 0x80, 0x80, 0x80, 0xff, 0x80, 0x80, 0x80, 0xff, 0x80, 0x80, 0x80, 0xff, 
  0x80, 0x80, 0x80, 0xff, 0x80, 0x80, 0x80, 0xff, 0x80, 0x80, 0x80, 0xff, 0x80, 0x80, 0x80, 0xff, 0x80, 0x80, 0x80, 0xff, 0x80, 0x80, 0x80, 0xff, 0x80, 0x80, 0x80, 0xff, 
  0x80, 0x80, 0x80, 0xff, 0x80, 0x80, 0x80, 0x00, 0x80, 0x80, 0x80, 0x00, 0x80, 0x80, 0x80, 0x00, 0x80, 0x80, 0x80, 0x00, 0x80, 0x80, 0x80, 0x00, 0x80, 0x80, 0x80, 0x00, 
  0x80, 0x80, 0x80, 0x00, 0x80, 0x80, 0x80, 0x00, 0x80, 0x80, 0x80, 0x00, 0x80, 0x80, 0x80, 0x00, 0x80, 0x80, 0x80, 0x00, 0x80, 0x80, 0x80, 0xff, 0x80, 0x80, 0x80, 0xff, 
  0x80, 0x80, 0x80, 0xff, 0x80, 0x80, 0x80, 0xff, 0x80, 0x80, 0x80, 0xff, 0x80, 0x80, 0x80, 0xff, 0x80, 0x80, 0x80, 0xff, 0x80, 0x80, 0x80, 0xff, 0x80, 0x80, 0x80, 0xff, 
  0x80, 0x80, 0x80, 0xff, 0x80, 0x80, 0x80, 0xff, 0x80, 0x80, 0x80, 0xff, 0x80, 0x80, 0x80, 0xff, 0x80, 0x80, 0x80, 0xff, 0x80, 0x80, 0x80, 0xff, 0x80, 0x80, 0x80, 0xff, 
  0x80, 0x80, 0x80, 0xff, 0x80, 0x80, 0x80, 0xff, 0x80, 0x80, 0x80, 0xff, 0x80, 0x80, 0x80, 0xff, 0x80, 0x80, 0x80, 0xff, 0x80, 0x80, 0x80, 0xff, 0x80, 0x80, 0x80, 0xff, 
  0x80, 0x80, 0x80, 0xff, 0x80, 0x80, 0x80, 0xff, 0x80, 0x80, 0x80, 0xff, 0x80, 0x80, 0x80, 0xff, 0x80, 0x80, 0x80, 0xff, 0x80, 0x80, 0x80, 0xff, 0x80, 0x80, 0x80, 0xff, 
  0x80, 0x80, 0x80, 0xff, 0x80, 0x80, 0x80, 0xff, 0x80, 0x80, 0x80, 0xff, 0x80, 0x80, 0x80, 0xff, 0x80, 0x80, 0x80, 0xff, 0x80, 0x80, 0x80, 0xff, 0x80, 0x80, 0x80, 0xff, 
  0x80, 0x80, 0x80, 0xff, 0x80, 0x80, 0x80, 0xff, 0x80, 0x80, 0x80, 0xff, 0x80, 0x80, 0x80, 0xff, 0x80, 0x80, 0x80, 0xff, 0x80, 0x80, 0x80, 0xff, 0x80, 0x80, 0x80, 0xff, 
  0x80, 0x80, 0x80, 0xff, 0x80, 0x80, 0x80, 0xff, 0x80, 0x80, 0x80, 0xff, 0x80, 0x80, 0x80, 0xff, 0x80, 0x80, 0x80, 0xff, 0x80, 0x80, 0x80, 0xff, 0x80, 0x80, 0x80, 0xff, 
  0x80, 0x80, 0x80, 0xff, 0x80, 0x80, 0x80, 0xff, 0x80, 0x80, 0x80, 0xff, 0x80, 0x80, 0x80, 0xff, 0x80, 0x80, 0x80, 0xff, 0x80, 0x80, 0x80, 0xff, 0x80, 0x80, 0x80, 0xff, 
  0x80, 0x80, 0x80, 0xff, 0x80, 0x80, 0x80, 0xff, 0x80, 0x80, 0x80, 0xff, 0x80, 0x80, 0x80, 0xff, 0x80, 0x80, 0x80, 0xff, 0x80, 0x80, 0x80, 0xff, 0x80, 0x80, 0x80, 0xff, 
  0x80, 0x80, 0x80, 0xff, 0x80, 0x80, 0x80, 0xff, 0x80, 0x80, 0x80, 0xff, 0x80, 0x80, 0x80, 0xff, 0x80, 0x80, 0x80, 0xff, 0x80, 0x80, 0x80, 0xff, 0x80, 0x80, 0x80, 0xff, 
  0x80, 0x80, 0x80, 0xff, 0x80, 0x80, 0x80, 0xff, 0x80, 0x80, 0x80, 0xff, 0x80, 0x80, 0x80, 0xff, 0x80, 0x80, 0x80, 0xff, 0x80, 0x80, 0x80, 0xff, 0x80, 0x80, 0x80, 0xff, 
  0x80, 0x80, 0x80, 0xff, 0x80, 0x80, 0x80, 0xff, 0x80, 0x80, 0x80, 0xff, 0x80, 0x80, 0x80, 0xff, 0x80, 0x80, 0x80, 0xff, 0x80, 0x80, 0x80, 0xff, 0x80, 0x80, 0x80, 0xff, 
  0x80, 0x80, 0x80, 0xff, 0x80, 0x80, 0x80, 0xff, 0x80, 0x80, 0x80, 0xff, 0x80, 0x80, 0x80, 0xff, 0x80, 0x80, 0x80, 0xff, 0x80, 0x80, 0x80, 0xff, 0x80, 0x80, 0x80, 0xff, 
  0x80, 0x80, 0x80, 0xff, 0x80, 0x80, 0x80, 0xff, 0x80, 0x80, 0x80, 0xff, 0x80, 0x80, 0x80, 0xff, 0x80, 0x80, 0x80, 0xff, 0x80, 0x80, 0x80, 0xff, 0x80, 0x80, 0x80, 0xff, 
  0x80, 0x80, 0x80, 0xff, 0x80, 0x80, 0x80, 0xff, 0x80, 0x80, 0x80, 0xff, 0x80, 0x80, 0x80, 0x00, 0x80, 0x80, 0x80, 0x00, 0x80, 0x80, 0x80, 0x00, 0x80, 0x80, 0x80, 0x00, 
  0x80, 0x80, 0x80, 0x00, 0x80, 0x80, 0x80, 0x00, 0x80, 0x80, 0x80, 0x00, 0x80, 0x80, 0x80, 0x00, 0x80, 0x80, 0x80, 0xff, 0x80, 0x80, 0x80, 0xff, 0x80, 0x80, 0x80, 0xff, 
  0x80, 0x80, 0x80, 0xff, 0x80, 0x80, 0x80, 0xff, 0x80, 0x80, 0x80, 0xff, 0x80, 0x80, 0x80, 0xff, 0x80, 0x80, 0x80, 0xff, 0x80, 0x80, 0x80, 0xff, 0x80, 0x80, 0x80, 0xff, 
  0x80, 0x80, 0x80, 0xff, 0x80, 0x80, 0x80, 0xff, 0x80, 0x80, 0x80, 0xff, 0x80, 0x80, 0x80, 0xff, 0x80, 0x80, 0x80, 0xff, 0x80, 0x80, 0x80, 0xff, 0x80, 0x80, 0x80, 0xff, 
  0x80, 0x80, 0x80, 0xff, 0x80, 0x80, 0x80, 0xff, 0x80, 0x80, 0x80, 0xff, 0x80, 0x80, 0x80, 0xff, 0x80, 0x80, 0x80, 0xff, 0x80, 0x80, 0x80, 0xff, 0x80, 0x80, 0x80, 0xff, 
  0x80, 0x80, 0x80, 0xff, 0x80, 0x80, 0x80, 0xff, 0x80, 0x80, 0x80, 0xff, 0x80, 0x80, 0x80, 0xff, 0x80, 0x80, 0x80, 0xff, 0x80, 0x80, 0x80, 0xff, 0x80, 0x80, 0x80, 0xff, 
  0x80, 0x80, 0x80, 0xff, 0x80, 0x80, 0x80, 0xff, 0x80, 0x80, 0x80, 0xff, 0x80, 0x80, 0x80, 0xff, 0x80, 0x80, 0x80, 0xff, 0x80, 0x80, 0x80, 0xff, 0x80, 0x80, 0x80, 0xff, 
  0x80, 0x80, 0x80, 0xff, 0x80, 0x80, 0x80, 0xff, 0x80, 0x80, 0x80, 0xff, 0x80, 0x80, 0x80, 0xff, 0x80, 0x80, 0x80, 0xff, 0x80, 0x80, 0x80, 0xff, 0x80, 0x80, 0x80, 0xff, 
  0x80, 0x80, 0x80, 0xff, 0x80, 0x80, 0x80, 0xff, 0x80, 0x80, 0x80, 0xff, 0x80, 0x80, 0x80, 0xff, 0x80, 0x80, 0x80, 0xff, 0x80, 0x80, 0x80, 0xff, 0x80, 0x80, 0x80, 0xff, 
  0x80, 0x80, 0x80, 0xff, 0x80, 0x80, 0x80, 0xff, 0x80, 0x80, 0x80, 0xff, 0x80, 0x80, 0x80, 0xff, 0x80, 0x80, 0x80, 0xff, 0x80, 0x80, 0x80, 0xff, 0x80, 0x80, 0x80, 0xff, 
  0x80, 0x80, 0x80, 0xff, 0x80, 0x80, 0x80, 0xff, 0x80, 0x80, 0x80, 0xff, 0x80, 0x80, 0x80, 0xff, 0x80, 0x80, 0x80, 0xff, 0x80, 0x80, 0x80, 0xff, 0x80, 0x80, 0x80, 0xff, 
  0x80, 0x80, 0x80, 0xff, 0x80, 0x80, 0x80, 0xff, 0x80, 0x80, 0x80, 0xff, 0x80, 0x80, 0x80, 0xff, 0x80, 0x80, 0x80, 0xff, 0x80, 0x80, 0x80, 0xff, 0x80, 0x80, 0x80, 0xff, 
  0x80, 0x80, 0x80, 0xff, 0x80, 0x80, 0x80, 0xff, 0x80, 0x80, 0x80, 0xff, 0x80, 0x80, 0x80, 0xff, 0x80, 0x80, 0x80, 0xff, 0x80, 0x80, 0x80, 0xff, 0x80, 0x80, 0x80, 0xff, 
  0x80, 0x80, 0x80, 0xff, 0x80, 0x80, 0x80, 0xff, 0x80, 0x80, 0x80, 0xff, 0x80, 0x80, 0x80, 0xff, 0x80, 0x80, 0x80, 0xff, 0x80, 0x80, 0x80, 0xff, 0x80, 0x80, 0x80, 0xff, 
  0x80, 0x80, 0x80, 0xff, 0x80, 0x80, 0x80, 0xff, 0x80, 0x80, 0x80, 0xff, 0x80, 0x80, 0x80, 0xff, 0x80, 0x80, 0x80, 0xff, 0x80, 0x80, 0x80, 0xff, 0x80, 0x80, 0x80, 0xff, 
  0x80, 0x80, 0x80, 0xff, 0x80, 0x80, 0x80, 0xff, 0x80, 0x80, 0x80, 0xff, 0x80, 0x80, 0x80, 0xff, 0x80, 0x80, 0x80, 0xff, 0x80, 0x80, 0x80, 0xff, 0x80, 0x80, 0x80, 0xff, 
  0x80, 0x80, 0x80, 0xff, 0x80, 0x80, 0x80, 0xff, 0x80, 0x80, 0x80, 0xff, 0x80, 0x80, 0x80, 0xff, 0x80, 0x80, 0x80, 0x00, 0x80, 0x80, 0x80, 0x00, 0x80, 0x80, 0x80, 0x00, 
  0x80, 0x80, 0x80, 0x00, 0x80, 0x80, 0x80, 0x00, 0x80, 0x80, 0x80, 0x00, 0x80, 0x80, 0x80, 0xff, 0x80, 0x80, 0x80, 0xff, 0x80, 0x80, 0x80, 0xff, 0x80, 0x80, 0x80, 0xff, 
  0x80, 0x80, 0x80, 0xff, 0x80, 0x80, 0x80, 0xff, 0x80, 0x80, 0x80, 0xff, 0x80, 0x80, 0x80, 0xff, 0x80, 0x80, 0x80, 0xff, 0x80, 0x80, 0x80, 0xff, 0x80, 0x80, 0x80, 0xff, 
  0x80, 0x80, 0x80, 0xff, 0x80, 0x80, 0x80, 0xff, 0x80, 0x80, 0x80, 0xff, 0x80, 0x80, 0x80, 0xff, 0x80, 0x80, 0x80, 0xff, 0x80, 0x80, 0x80, 0xff, 0x80, 0x80, 0x80, 0xff, 
  0x80, 0x80, 0x80, 0xff, 0x80, 0x80, 0x80, 0xff, 0x80, 0x80, 0x80, 0xff, 0x80, 0x80, 0x80, 0xff, 0x80, 0x80, 0x80, 0xff, 0x80, 0x80, 0x80, 0xff, 0x80, 0x80, 0x80, 0xff, 
  0x80, 0x80, 0x80, 0xff, 0x80, 0x80, 0x80, 0xff, 0x80, 0x80, 0x80, 0xff, 0x80, 0x80, 0x80, 0xff, 0x80, 0x80, 0x80, 0xff, 0x80, 0x80, 0x80, 0xff, 0x80, 0x80, 0x80, 0xff, 
  0x80, 0x80, 0x80, 0xff, 0x80, 0x80, 0x80, 0xff, 0x80, 0x80, 0x80, 0xff, 0x80, 0x80, 0x80, 0xff, 0x80, 0x80, 0x80, 0xff, 0x80, 0x80, 0x80, 0xff, 0x80, 0x80, 0x80, 0xff, 
  0x80, 0x80, 0x80, 0xff, 0x80, 0x80, 0x80, 0xff, 0x80, 0x80, 0x80, 0xff, 0x80, 0x80, 0x80, 0xff, 0x80, 0x80, 0x80, 0xff, 0x80, 0x80, 0x80, 0xff, 0x80, 0x80, 0x80, 0xff, 
  0x80, 0x80, 0x80, 0xff, 0x80, 0x80, 0x80, 0xff, 0x80, 0x80, 0x80, 0xff, 0x80, 0x80, 0x80, 0xff, 0x80, 0x80, 0x80, 0xff, 0x80, 0x80, 0x80, 0xff, 0x80, 0x80, 0x80, 0xff, 
  0x80, 0x80, 0x80, 0xff, 0x80, 0x80, 0x80, 0xff, 0x80, 0x80, 0x80, 0xff, 0x80, 0x80, 0x80, 0xff, 0x80, 0x80, 0x80, 0xff, 0x80, 0x80, 0x80, 0xff, 0x80, 0x80, 0x80, 0xff, 
  0x80, 0x80, 0x80, 0xff, 0x80, 0x80, 0x80, 0xff, 0x80, 0x80, 0x80, 0xff, 0x80, 0x80, 0x80, 0xff, 0x80, 0x80, 0x80, 0xff, 0x80, 0x80, 0x80, 0xff, 0x80, 0x80, 0x80, 0xff, 
  0x80, 0x80, 0x80, 0xff, 0x80, 0x80, 0x80, 0xff, 0x80, 0x80, 0x80, 0xff, 0x80, 0x80, 0x80, 0xff, 0x80, 0x80, 0x80, 0xff, 0x80, 0x80, 0x80, 0xff, 0x80, 0x80, 0x80, 0xff, 
  0x80, 0x80, 0x80, 0xff, 0x80, 0x80, 0x80, 0xff, 0x80, 0x80, 0x80, 0xff, 0x80, 0x80, 0x80, 0xff, 0x80, 0x80, 0x80, 0xff, 0x80, 0x80, 0x80, 0xff, 0x80, 0x80, 0x80, 0xff, 
  0x80, 0x80, 0x80, 0xff, 0x80, 0x80, 0x80, 0xff, 0x80, 0x80, 0x80, 0xff, 0x80, 0x80, 0x80, 0xff, 0x80, 0x80, 0x80, 0xff, 0x80, 0x80, 0x80, 0xff, 0x80, 0x80, 0x80, 0xff, 
  0x80, 0x80, 0x80, 0xff, 0x80, 0x80, 0x80, 0xff, 0x80, 0x80, 0x80, 0xff, 0x80, 0x80, 0x80, 0xff, 0x80, 0x80, 0x80, 0xff, 0x80, 0x80, 0x80, 0xff, 0x80, 0x80, 0x80, 0xff, 
  0x80, 0x80, 0x80, 0xff, 0x80, 0x80, 0x80, 0xff, 0x80, 0x80, 0x80, 0xff, 0x80, 0x80, 0x80, 0xff, 0x80, 0x80, 0x80, 0xff, 0x80, 0x80, 0x80, 0xff, 0x80, 0x80, 0x80, 0xff, 
  0x80, 0x80, 0x80, 0xff, 0x80, 0x80, 0x80, 0xff, 0x80, 0x80, 0x80, 0xff, 0x80, 0x80, 0x80, 0xff, 0x80, 0x80, 0x80, 0xff, 0x80, 0x80, 0x80, 0x00, 0x80, 0x80, 0x80, 0x00, 
  0x80, 0x80, 0x80, 0x00, 0x80, 0x80, 0x80, 0x00, 0x80, 0x80, 0x80, 0xff, 0x80, 0x80, 0x80, 0xff, 0x80, 0x80, 0x80, 0xff, 0x80, 0x80, 0x80, 0xff, 0x80, 0x80, 0x80, 0xff, 
  0x80, 0x80, 0x80, 0xff, 0x80, 0x80, 0x80, 0xff, 0x80, 0x80, 0x80, 0xff, 0x80, 0x80, 0x80, 0xff, 0x80, 0x80, 0x80, 0xff, 0x80, 0x80, 0x80, 0xff, 0x80, 0x80, 0x80, 0xff, 
  0x80, 0x80, 0x80, 0xff, 0x80, 0x80, 0x80, 0xff, 0x80, 0x80, 0x80, 0xff, 0x80, 0x80, 0x80, 0xff, 0x80, 0x80, 0x80, 0xff, 0x80, 0x80, 0x80, 0xff, 0x80, 0x80, 0x80, 0xff, 
  0x80, 0x80, 0x80, 0xff, 0x80, 0x80, 0x80, 0xff, 0x80, 0x80, 0x80, 0xff, 0x80, 0x80, 0x80, 0xff, 0x80, 0x80, 0x80, 0xff, 0x80, 0x80, 0x80, 0xff, 0x80, 0x80, 0x80, 0xff, 
  0x80, 0x80, 0x80, 0xff, 0x80, 0x80, 0x80, 0xff, 0x80, 0x80, 0x80, 0xff, 0x80, 0x80, 0x80, 0xff, 0x80, 0x80, 0x80, 0xff, 0x80, 0x80, 0x80, 0xff, 0x80, 0x80, 0x80, 0xff, 
  0x80, 0x80, 0x80, 0xff, 0x80, 0x80, 0x80, 0xff, 0x80, 0x80, 0x80, 0xff, 0x80, 0x80, 0x80, 0xff, 0x80, 0x80, 0x80, 0xff, 0x80, 0x80, 0x80, 0xff, 0x80, 0x80, 0x80, 0xff, 
  0x80, 0x80, 0x80, 0xff, 0x80, 0x80, 0x80, 0xff, 0x80, 0x80, 0x80, 0xff, 0x80, 0x80, 0x80, 0xff, 0x80, 0x80, 0x80, 0xff, 0x80, 0x80, 0x80, 0xff, 0x80, 0x80, 0x80, 0xff, 
  0x80, 0x80, 0x80, 0xff, 0x80, 0x80, 0x80, 0xff, 0x80, 0x80, 0x80, 0xff, 0x80, 0x80, 0x80, 0xff, 0x80, 0x80, 0x80, 0xff, 0x80, 0x80, 0x80, 0xff, 0x80, 0x80, 0x80, 0xff, 
  0x80, 0x80, 0x80, 0xff, 0x80, 0x80, 0x80, 0xff, 0x80, 0x80, 0x80, 0xff, 0x80, 0x80, 0x80, 0xff, 0x80, 0x80, 0x80, 0xff, 0x80, 0x80, 0x80, 0xff, 0x80, 0x80, 0x80, 0xff, 
  0x80, 0x80, 0x80, 0xff, 0x80, 0x80, 0x80, 0xff, 0x80, 0x80, 0x80, 0xff, 0x80, 0x80, 0x80, 0xff, 0x80, 0x80, 0x80, 0xff, 0x80, 0x80, 0x80, 0xff, 0x80, 0x80, 0x80, 0xff, 
  0x80, 0x80, 0x80, 0xff, 0x80, 0x80, 0x80, 0xff, 0x80, 0x80, 0x80, 0xff, 0x80, 0x80, 0x80, 0xff, 0x80, 0x80, 0x80, 0xff, 0x80, 0x80, 0x80, 0xff, 0x80, 0x80, 0x80, 0xff, 
  0x80, 0x80, 0x80, 0xff, 0x80, 0x80, 0x80, 0xff, 0x80, 0x80, 0x80, 0xff, 0x80, 0x80, 0x80, 0xff, 0x80, 0x80, 0x80, 0xff, 0x80, 0x80, 0x80, 0xff, 0x80, 0x80, 0x80, 0xff, 
  0x80, 0x80, 0x80, 0xff, 0x80, 0x80, 0x80, 0xff, 0x80, 0x80, 0x80, 0xff, 0x80, 0x80, 0x80, 0xff, 0x80, 0x80, 0x80, 0xff, 0x80, 0x80, 0x80, 0xff, 0x80, 0x80, 0x80, 0xff, 
  0x80, 0x80, 0x80, 0xff, 0x80, 0x80, 0x80, 0xff, 0x80, 0x80, 0x80, 0xff, 0x80, 0x80, 0x80, 0xff, 0x80, 0x80, 0x80, 0xff, 0x80, 0x80, 0x80, 0xff, 0x80, 0x80, 0x80, 0xff, 
  0x80, 0x80, 0x80, 0xff, 0x80, 0x80, 0x80, 0xff, 0x80, 0x80, 0x80, 0xff, 0x80, 0x80, 0x80, 0xff, 0x80, 0x80, 0x80, 0xff, 0x80, 0x80, 0x80, 0xff, 0x80, 0x80, 0x80, 0xff, 
  0x80, 0x80, 0x80, 0xff, 0x80, 0x80, 0x80, 0xff, 0x80, 0x80, 0x80, 0xff, 0x80, 0x80, 0x80, 0xff, 0x80, 0x80, 0x80, 0xff, 0x80, 0x80, 0x80, 0xff, 0x80, 0x80, 0x80, 0x00, 
  0x80, 0x80, 0x80, 0x00, 0x80, 0x80, 0x80, 0x00, 0x80, 0x80, 0x80, 0xff, 0x80, 0x80, 0x80, 0xff, 0x80, 0x80, 0x80, 0xff, 0x80, 0x80, 0x80, 0xff, 0x80, 0x80, 0x80, 0xff, 
  0x80, 0x80, 0x80, 0xff, 0x80, 0x80, 0x80, 0xff, 0x80, 0x80, 0x80, 0xff, 0x80, 0x80, 0x80, 0xff, 0x80, 0x80, 0x80, 0xff, 0x80, 0x80, 0x80, 0xff, 0x80, 0x80, 0x80, 0xff, 
  0x80, 0x80, 0x80, 0xff, 0x80, 0x80, 0x80, 0xff, 0x80, 0x80, 0x80, 0xff, 0x80, 0x80, 0x80, 0xff, 0x80, 0x80, 0x80, 0xff, 0x80, 0x80, 0x80, 0xff, 0x80, 0x80, 0x80, 0xff, 
  0x80, 0x80, 0x80, 0xff, 0x80, 0x80, 0x80, 0xff, 0x80, 0x80, 0x80, 0xff, 0x80, 0x80, 0x80, 0xff, 0x80, 0x80, 0x80, 0xff, 0x80, 0x80, 0x80, 0xff, 0x80, 0x80, 0x80, 0xff, 
  0x80, 0x80, 0x80, 0xff, 0x80, 0x80, 0x80, 0xff, 0x80, 0x80, 0x80, 0xff, 0x80, 0x80, 0x80, 0xff, 0x80, 0x80, 0x80, 0xff, 0x80, 0x80, 0x80, 0xff, 0x80, 0x80, 0x80, 0xff, 
  0x80, 0x80, 0x80, 0xff, 0x80, 0x80, 0x80, 0xff, 0x80, 0x80, 0x80, 0xff, 0x80, 0x80, 0x80, 0xff, 0x80, 0x80, 0x80, 0xff, 0x80, 0x80, 0x80, 0xff, 0x80, 0x80, 0x80, 0xff, 
  0x80, 0x80, 0x80, 0xff, 0x80, 0x80, 0x80, 0xff, 0x80, 0x80, 0x80, 0xff, 0x80, 0x80, 0x80, 0xff, 0x80, 0x80, 0x80, 0xff, 0x80, 0x80, 0x80, 0xff, 0x80, 0x80, 0x80, 0xff, 
  0x80, 0x80, 0x80, 0xff, 0x80, 0x80, 0x80, 0xff, 0x80, 0x80, 0x80, 0xff, 0x80, 0x80, 0x80, 0xff, 0x80, 0x80, 0x80, 0xff, 0x80, 0x80, 0x80, 0xff, 0x80, 0x80, 0x80, 0xff, 
  0x80, 0x80, 0x80, 0xff, 0x80, 0x80, 0x80, 0xff, 0x80, 0x80, 0x80, 0xff, 0x80, 0x80, 0x80, 0xff, 0x80, 0x80, 0x80, 0xff, 0x80, 0x80, 0x80, 0xff, 0x80, 0x80, 0x80, 0xff, 
  0x80, 0x80, 0x80, 0xff, 0x80, 0x80, 0x80, 0xff, 0x80, 0x80, 0x80, 0xff, 0x80, 0x80, 0x80, 0xff, 0x80, 0x80, 0x80, 0xff, 0x80, 0x80, 0x80, 0xff, 0x80, 0x80, 0x80, 0xff, 
  0x80, 0x80, 0x80, 0xff, 0x80, 0x80, 0x80, 0xff, 0x80, 0x80, 0x80, 0xff, 0x80, 0x80, 0x80, 0xff, 0x80, 0x80, 0x80, 0xff, 0x80, 0x80, 0x80, 0xff, 0x80, 0x80, 0x80, 0xff, 
  0x80, 0x80, 0x80, 0xff, 0x80, 0x80, 0x80, 0xff, 0x80, 0x80, 0x80, 0xff, 0x80, 0x80, 0x80, 0xff, 0x80, 0x80, 0x80, 0xff, 0x80, 0x80, 0x80, 0xff, 0x80, 0x80, 0x80, 0xff, 
  0x80, 0x80, 0x80, 0xff, 0x80, 0x80, 0x80, 0xff, 0x80, 0x80, 0x80, 0xff, 0x80, 0x80, 0x80, 0xff, 0x80, 0x80, 0x80, 0xff, 0x80, 0x80, 0x80, 0xff, 0x80, 0x80, 0x80, 0xff, 
  0x80, 0x80, 0x80, 0xff, 0x80, 0x80, 0x80, 0xff, 0x80, 0x80, 0x80, 0xff, 0x80, 0x80, 0x80, 0xff, 0x80, 0x80, 0x80, 0xff, 0x80, 0x80, 0x80, 0xff, 0x80, 0x80, 0x80, 0xff, 
  0x80, 0x80, 0x80, 0xff, 0x80, 0x80, 0x80, 0xff, 0x80, 0x80, 0x80, 0xff, 0x80, 0x80, 0x80, 0xff, 0x80, 0x80, 0x80, 0xff, 0x80, 0x80, 0x80, 0xff, 0x80, 0x80, 0x80, 0xff, 
  0x80, 0x80, 0x80, 0xff, 0x80, 0x80, 0x80, 0xff, 0x80, 0x80, 0x80, 0xff, 0x80, 0x80, 0x80, 0xff, 0x80, 0x80, 0x80, 0xff, 0x80, 0x80, 0x80, 0xff, 0x80, 0x80, 0x80, 0x00, 
  0x80, 0x80, 0x80, 0x00, 0x80, 0x80, 0x80, 0xff, 0x80, 0x80, 0x80, 0xff, 0x80, 0x80, 0x80, 0xff, 0x80, 0x80, 0x80, 0xff, 0x80, 0x80, 0x80, 0xff, 0x80, 0x80, 0x80, 0xff, 
  0x80, 0x80, 0x80, 0xff, 0x80, 0x80, 0x80, 0xff, 0x80, 0x80, 0x80, 0xff, 0x80, 0x80, 0x80, 0xff, 0x80, 0x80, 0x80, 0xff, 0x80, 0x80, 0x80, 0xff, 0x80, 0x80, 0x80, 0xff, 
  0x80, 0x80, 0x80, 0xff, 0x80, 0x80, 0x80, 0xff, 0x80, 0x80, 0x80, 0xff, 0x80, 0x80, 0x80, 0xff, 0x80, 0x80, 0x80, 0xff, 0x80, 0x80, 0x80, 0xff, 0x80, 0x80, 0x80, 0xff, 
  0x80, 0x80, 0x80, 0xff, 0x80, 0x80, 0x80, 0xff, 0x80, 0x80, 0x80, 0xff, 0x80, 0x80, 0x80, 0xff, 0x80, 0x80, 0x80, 0xff, 0x80, 0x80, 0x80, 0xff, 0x80, 0x80, 0x80, 0xff, 
  0x80, 0x80, 0x80, 0xff, 0x80, 0x80, 0x80, 0xff, 0x80, 0x80, 0x80, 0xff, 0x80, 0x80, 0x80, 0xff, 0x80, 0x80, 0x80, 0xff, 0x80, 0x80, 0x80, 0xff, 0x80, 0x80, 0x80, 0xff, 
  0x80, 0x80, 0x80, 0xff, 0x80, 0x80, 0x80, 0xff, 0x80, 0x80, 0x80, 0xff, 0x80, 0x80, 0x80, 0xff, 0x80, 0x80, 0x80, 0xff, 0x80, 0x80, 0x80, 0xff, 0x80, 0x80, 0x80, 0xff, 
  0x80, 0x80, 0x80, 0xff, 0x80, 0x80, 0x80, 0xff, 0x80, 0x80, 0x80, 0xff, 0x80, 0x80, 0x80, 0xff, 0x80, 0x80, 0x80, 0xff, 0x80, 0x80, 0x80, 0xff, 0x80, 0x80, 0x80, 0xff, 
  0x80, 0x80, 0x80, 0xff, 0x80, 0x80, 0x80, 0xff, 0x80, 0x80, 0x80, 0xff, 0x80, 0x80, 0x80, 0xff, 0x80, 0x80, 0x80, 0xff, 0x80, 0x80, 0x80, 0xff, 0x80, 0x80, 0x80, 0xff, 
  0x80, 0x80, 0x80, 0xff, 0x80, 0x80, 0x80, 0xff, 0x80, 0x80, 0x80, 0xff, 0x80, 0x80, 0x80, 0xff, 0x80, 0x80, 0x80, 0xff, 0x80, 0x80, 0x80, 0xff, 0x80, 0x80, 0x80, 0xff, 
  0x80, 0x80, 0x80, 0xff, 0x80, 0x80, 0x80, 0xff, 0x80, 0x80, 0x80, 0xff, 0x80, 0x80, 0x80, 0xff, 0x80, 0x80, 0x80, 0xff, 0x80, 0x80, 0x80, 0xff, 0x80, 0x80, 0x80, 0xff, 
  0x80, 0x80, 0x80, 0xff, 0x80, 0x80, 0x80, 0xff, 0x80, 0x80, 0x80, 0xff, 0x80, 0x80, 0x80, 0xff, 0x80, 0x80, 0x80, 0xff, 0x80, 0x80, 0x80, 0xff, 0x80, 0x80, 0x80, 0xff, 
  0x80, 0x80, 0x80, 0xff, 0x80, 0x80, 0x80, 0xff, 0x80, 0x80, 0x80, 0xff, 0x80, 0x80, 0x80, 0xff, 0x80, 0x80, 0x80, 0xff, 0x80, 0x80, 0x80, 0xff, 0x80, 0x80, 0x80, 0xff, 
  0x80, 0x80, 0x80, 0xff, 0x80, 0x80, 0x80, 0xff, 0x80, 0x80, 0x80, 0xff, 0x80, 0x80, 0x80, 0xff, 0x80, 0x80, 0x80, 0xff, 0x80, 0x80, 0x80, 0xff, 0x80, 0x80, 0x80, 0xff, 
  0x80, 0x80, 0x80, 0xff, 0x80, 0x80, 0x80, 0xff, 0x80, 0x80, 0x80, 0xff, 0x80, 0x80, 0x80, 0xff, 0x80, 0x80, 0x80, 0xff, 0x80, 0x80, 0x80, 0xff, 0x80, 0x80, 0x80, 0xff, 
  0x80, 0x80, 0x80, 0xff, 0x80, 0x80, 0x80, 0xff, 0x80, 0x80, 0x80, 0xff, 0x80, 0x80, 0x80, 0xff, 0x80, 0x80, 0x80, 0xff, 0x80, 0x80, 0x80, 0xff, 0x80, 0x80, 0x80, 0xff, 
  0x80, 0x80, 0x80, 0xff, 0x80, 0x80, 0x80, 0xff, 0x80, 0x80, 0x80, 0xff, 0x80, 0x80, 0x80, 0xff, 0x80, 0x80, 0x80, 0xff, 0x80, 0x80, 0x80, 0xff, 0x80, 0x80, 0x80, 0xff, 
  0x80, 0x80, 0x80, 0x00, 0x80, 0x80, 0x80, 0xff, 0x80, 0x80, 0x80, 0xff, 0x80, 0x80, 0x80, 0xff, 0x80, 0x80, 0x80, 0xff, 0x80, 0x80, 0x80, 0xff, 0x80, 0x80, 0x80, 0xff, 
  0x80, 0x80, 0x80, 0xff, 0x80, 0x80, 0x80, 0xff, 0x80, 0x80, 0x80, 0xff, 0x80, 0x80, 0x80, 0xff, 0x80, 0x80, 0x80, 0xff, 0x80, 0x80, 0x80, 0xff, 0x80, 0x80, 0x80, 0xff, 
  0x80, 0x80, 0x80, 0xff, 0x80, 0x80, 0x80, 0xff, 0x80, 0x80, 0x80, 0xff, 0x80, 0x80, 0x80, 0xff, 0x80, 0x80, 0x80, 0xff, 0x80, 0x80, 0x80, 0xff, 0x80, 0x80, 0x80, 0xff, 
  0x80, 0x80, 0x80, 0xff, 0x80, 0x80, 0x80, 0xff, 0x80, 0x80, 0x80, 0xff, 0x80, 0x80, 0x80, 0xff, 0x80, 0x80, 0x80, 0xff, 0x80, 0x80, 0x80, 0xff, 0x80, 0x80, 0x80, 0xff, 
  0x80, 0x80, 0x80, 0xff, 0x80, 0x80, 0x80, 0xff, 0x80, 0x80, 0x80, 0xff, 0x80, 0x80, 0x80, 0xff, 0x80, 0x80, 0x80, 0xff, 0x80, 0x80, 0x80, 0xff, 0x80, 0x80, 0x80, 0xff, 
  0x80, 0x80, 0x80, 0xff, 0x80, 0x80, 0x80, 0xff, 0x80, 0x80, 0x80, 0xff, 0x80, 0x80, 0x80, 0xff, 0x80, 0x80, 0x80, 0xff, 0x80, 0x80, 0x80, 0xff, 0x80, 0x80, 0x80, 0xff, 
  0x80, 0x80, 0x80, 0xff, 0x80, 0x80, 0x80, 0xff, 0x80, 0x80, 0x80, 0xff, 0x80, 0x80, 0x80, 0xff, 0x80, 0x80, 0x80, 0xff, 0x80, 0x80, 0x80, 0xff, 0x80, 0x80, 0x80, 0xff, 
  0x80, 0x80, 0x80, 0xff, 0x80, 0x80, 0x80, 0xff, 0x80, 0x80, 0x80, 0xff, 0x80, 0x80, 0x80, 0xff, 0x80, 0x80, 0x80, 0xff, 0x80, 0x80, 0x80, 0xff, 0x80, 0x80, 0x80, 0xff, 
  0x80, 0x80, 0x80, 0xff, 0x80, 0x80, 0x80, 0xff, 0x80, 0x80, 0x80, 0xff, 0x80, 0x80, 0x80, 0xff, 0x80, 0x80, 0x80, 0xff, 0x80, 0x80, 0x80, 0xff, 0x80, 0x80, 0x80, 0xff, 
  0x80, 0x80, 0x80, 0xff, 0x80, 0x80, 0x80, 0xff, 0x80, 0x80, 0x80, 0xff, 0x80, 0x80, 0x80, 0xff, 0x80, 0x80, 0x80, 0xff, 0x80, 0x80, 0x80, 0xff, 0x80, 0x80, 0x80, 0xff, 
  0x80, 0x80, 0x80, 0xff, 0x80, 0x80, 0x80, 0xff, 0x80, 0x80, 0x80, 0xff, 0x80, 0x80, 0x80, 0xff, 0x80, 0x80, 0x80, 0xff, 0x80, 0x80, 0x80, 0xff, 0x80, 0x80, 0x80, 0xff, 
  0x80, 0x80, 0x80, 0xff, 0x80, 0x80, 0x80, 0xff, 0x80, 0x80, 0x80, 0xff, 0x80, 0x80, 0x80, 0xff, 0x80, 0x80, 0x80, 0xff, 0x80, 0x80, 0x80, 0xff, 0x80, 0x80, 0x80, 0xff, 
  0x80, 0x80, 0x80, 0xff, 0x80, 0x80, 0x80, 0xff, 0x80, 0x80, 0x80, 0xff, 0x80, 0x80, 0x80, 0xff, 0x80, 0x80, 0x80, 0xff, 0x80, 0x80, 0x80, 0xff, 0x80, 0x80, 0x80, 0xff, 
  0x80, 0x80, 0x80, 0xff, 0x80, 0x80, 0x80, 0xff, 0x80, 0x80, 0x80, 0xff, 0x80, 0x80, 0x80, 0xff, 0x80, 0x80, 0x80, 0xff, 0x80, 0x80, 0x80, 0xff, 0x80, 0x80, 0x80, 0xff, 
  0x80, 0x80, 0x80, 0xff, 0x80, 0x80, 0x80, 0xff, 0x80, 0x80, 0x80, 0xff, 0x80, 0x80, 0x80, 0xff, 0x80, 0x80, 0x80, 0xff, 0x80, 0x80, 0x80, 0xff, 0x80, 0x80, 0x80, 0xff, 
  0x80, 0x80, 0x80, 0xff, 0x80, 0x80, 0x80, 0xff, 0x80, 0x80, 0x80, 0xff, 0x80, 0x80, 0x80, 0xff, 0x80, 0x80, 0x80, 0xff, 0x80, 0x80, 0x80, 0xff, 0x80, 0x80, 0x80, 0xff, 
  0x80, 0x80, 0x80, 0xff, 0x80, 0x80, 0x80, 0xff, 0x80, 0x80, 0x80, 0xff, 0x80, 0x80, 0x80, 0xff, 0x80, 0x80, 0x80, 0xff, 0x80, 0x80, 0x80, 0xff, 0x80, 0x80, 0x80, 0xff, 
  0x80, 0x80, 0x80, 0xff, 0x80, 0x80, 0x80, 0xff, 0x80, 0x80, 0x80, 0xff, 0x80, 0x80, 0x80, 0xff, 0x80, 0x80, 0x80, 0xff, 0x80, 0x80, 0x80, 0xff, 0x80, 0x80, 0x80, 0xff, 
  0x80, 0x80, 0x80, 0xff, 0x80, 0x80, 0x80, 0xff, 0x80, 0x80, 0x80, 0xff, 0x80, 0x80, 0x80, 0xff, 0x80, 0x80, 0x80, 0xff, 0x80, 0x80, 0x80, 0xff, 0x80, 0x80, 0x80, 0xff, 
  0x80, 0x80, 0x80, 0xff, 0x80, 0x80, 0x80, 0xff, 0x80, 0x80, 0x80, 0xff, 0x80, 0x80, 0x80, 0xff, 0x80, 0x80, 0x80, 0xff, 0x80, 0x80, 0x80, 0xff, 0x80, 0x80, 0x80, 0xff, 
  0x80, 0x80, 0x80, 0xff, 0x80, 0x80, 0x80, 0xff, 0x80, 0x80, 0x80, 0xff, 0x80, 0x80, 0x80, 0xff, 0x80, 0x80, 0x80, 0xff, 0x80, 0x80, 0x80, 0xff, 0x80, 0x80, 0x80, 0xff, 
  0x80, 0x80, 0x80, 0xff, 0x80, 0x80, 0x80, 0xff, 0x80, 0x80, 0x80, 0xff, 0x80, 0x80, 0x80, 0xff, 0x80, 0x80, 0x80, 0xff, 0x80, 0x80, 0x80, 0xff, 0x80, 0x80, 0x80, 0xff, 
  0x80, 0x80, 0x80, 0xff, 0x80, 0x80, 0x80, 0xff, 0x80, 0x80, 0x80, 0xff, 0x80, 0x80, 0x80, 0xff, 0x80, 0x80, 0x80, 0xff, 0x80, 0x80, 0x80, 0xff, 0x80, 0x80, 0x80, 0xff, 
  0x80, 0x80, 0x80, 0xff, 0x80, 0x80, 0x80, 0xff, 0x80, 0x80, 0x80, 0xff, 0x80, 0x80, 0x80, 0xff, 0x80, 0x80, 0x80, 0xff, 0x80, 0x80, 0x80, 0xff, 0x80, 0x80, 0x80, 0xff, 
  0x80, 0x80, 0x80, 0xff, 0x80, 0x80, 0x80, 0xff, 0x80, 0x80, 0x80, 0xff, 0x80, 0x80, 0x80, 0xff, 0x80, 0x80, 0x80, 0xff, 0x80, 0x80, 0x80, 0xff, 0x80, 0x80, 0x80, 0xff, 
  0x80, 0x80, 0x80, 0xff, 0x80, 0x80, 0x80, 0xff, 0x80, 0x80, 0x80, 0xff, 0x80, 0x80, 0x80, 0xff, 0x80, 0x80, 0x80, 0xff, 0x80, 0x80, 0x80, 0xff, 0x80, 0x80, 0x80, 0xff, 
  0x80, 0x80, 0x80, 0xff, 0x80, 0x80, 0x80, 0xff, 0x80, 0x80, 0x80, 0xff, 0x80, 0x80, 0x80, 0xff, 0x80, 0x80, 0x80, 0xff, 0x80, 0x80, 0x80, 0xff, 0x80, 0x80, 0x80, 0xff, 
  0x80, 0x80, 0x80, 0xff, 0x80, 0x80, 0x80, 0xff, 0x80, 0x80, 0x80, 0xff, 0x80, 0x80, 0x80, 0xff, 0x80, 0x80, 0x80, 0xff, 0x80, 0x80, 0x80, 0xff, 0x80, 0x80, 0x80, 0xff, 
  0x80, 0x80, 0x80, 0xff, 0x80, 0x80, 0x80, 0xff, 0x80, 0x80, 0x80, 0xff, 0x80, 0x80, 0x80, 0xff, 0x80, 0x80, 0x80, 0xff, 0x80, 0x80, 0x80, 0xff, 0x80, 0x80, 0x80, 0xff, 
  0x80, 0x80, 0x80, 0xff, 0x80, 0x80, 0x80, 0xff, 0x80, 0x80, 0x80, 0xff, 0x80, 0x80, 0x80, 0xff, 0x80, 0x80, 0x80, 0xff, 0x80, 0x80, 0x80, 0xff, 0x80, 0x80, 0x80, 0xff, 
  0x80, 0x80, 0x80, 0xff, 0x80, 0x80, 0x80, 0xff, 0x80, 0x80, 0x80, 0xff, 0x80, 0x80, 0x80, 0xff, 0x80, 0x80, 0x80, 0xff, 0x80, 0x80, 0x80, 0xff, 0x80, 0x80, 0x80, 0xff, 
  0x80, 0x80, 0x80, 0xff, 0x80, 0x80, 0x80, 0xff, 0x80, 0x80, 0x80, 0xff, 0x80, 0x80, 0x80, 0xff, 0x80, 0x80, 0x80, 0xff, 0x80, 0x80, 0x80, 0xff, 0x80, 0x80, 0x80, 0xff, 
  0x80, 0x80, 0x80, 0xff, 0x80, 0x80, 0x80, 0xff, 0x80, 0x80, 0x80, 0xff, 0x80, 0x80, 0x80, 0xff, 0x80, 0x80, 0x80, 0xff, 0x80, 0x80, 0x80, 0xff, 0x80, 0x80, 0x80, 0xff, 
  0x80, 0x80, 0x80, 0xff, 0x80, 0x80, 0x80, 0xff, 0x80, 0x80, 0x80, 0xff, 0x80, 0x80, 0x80, 0xff, 0x80, 0x80, 0x80, 0xff, 0x80, 0x80, 0x80, 0xff, 0x80, 0x80, 0x80, 0xff, 
  0x80, 0x80, 0x80, 0xff, 0x80, 0x80, 0x80, 0xff, 0x80, 0x80, 0x80, 0xff, 0x80, 0x80, 0x80, 0xff, 0x80, 0x80, 0x80, 0xff, 0x80, 0x80, 0x80, 0xff, 0x80, 0x80, 0x80, 0xff, 
  0x80, 0x80, 0x80, 0xff, 0x80, 0x80, 0x80, 0xff, 0x80, 0x80, 0x80, 0xff, 0x80, 0x80, 0x80, 0xff, 0x80, 0x80, 0x80, 0xff, 0x80, 0x80, 0x80, 0xff, 0x80, 0x80, 0x80, 0xff, 
  0x80, 0x80, 0x80, 0xff, 0x80, 0x80, 0x80, 0xff, 0x80, 0x80, 0x80, 0xff, 0x80, 0x80, 0x80, 0xff, 0x80, 0x80, 0x80, 0xff, 0x80, 0x80, 0x80, 0xff, 0x80, 0x80, 0x80, 0xff, 
  0x80, 0x80, 0x80, 0xff, 0x80, 0x80, 0x80, 0xff, 0x80, 0x80, 0x80, 0xff, 0x80, 0x80, 0x80, 0xff, 0x80, 0x80, 0x80, 0xff, 0x80, 0x80, 0x80, 0xff, 0x80, 0x80, 0x80, 0xff, 
  0x80, 0x80, 0x80, 0xff, 0x80, 0x80, 0x80, 0xff, 0x80, 0x80, 0x80, 0xff, 0x80, 0x80, 0x80, 0xff, 0x80, 0x80, 0x80, 0xff, 0x80, 0x80, 0x80, 0xff, 0x80, 0x80, 0x80, 0xff, 
  0x80, 0x80, 0x80, 0xff, 0x80, 0x80, 0x80, 0xff, 0x80, 0x80, 0x80, 0xff, 0x80, 0x80, 0x80, 0xff, 0x80, 0x80, 0x80, 0xff, 0x80, 0x80, 0x80, 0xff, 0x80, 0x80, 0x80, 0xff, 
  0x80, 0x80, 0x80, 0xff, 0x80, 0x80, 0x80, 0xff, 0x80, 0x80, 0x80, 0xff, 0x80, 0x80, 0x80, 0xff, 0x80, 0x80, 0x80, 0xff, 0x80, 0x80, 0x80, 0xff, 0x80, 0x80, 0x80, 0xff, 
  0x80, 0x80, 0x80, 0xff, 0x80, 0x80, 0x80, 0xff, 0x80, 0x80, 0x80, 0xff, 0x80, 0x80, 0x80, 0xff, 0x80, 0x80, 0x80, 0xff, 0x80, 0x80, 0x80, 0xff, 0x80, 0x80, 0x80, 0xff, 
  0x80, 0x80, 0x80, 0xff, 0x80, 0x80, 0x80, 0xff, 0x80, 0x80, 0x80, 0xff, 0x80, 0x80, 0x80, 0xff, 0x80, 0x80, 0x80, 0xff, 0x80, 0x80, 0x80, 0xff, 0x80, 0x80, 0x80, 0xff, 
  0x80, 0x80, 0x80, 0xff, 0x80, 0x80, 0x80, 0xff, 0x80, 0x80, 0x80, 0xff, 0x80, 0x80, 0x80, 0xff, 0x80, 0x80, 0x80, 0xff, 0x80, 0x80, 0x80, 0xff, 0x80, 0x80, 0x80, 0xff, 
  0x80, 0x80, 0x80, 0xff, 0x80, 0x80, 0x80, 0xff, 0x80, 0x80, 0x80, 0xff, 0x80, 0x80, 0x80, 0xff, 0x80, 0x80, 0x80, 0xff, 0x80, 0x80, 0x80, 0xff, 0x80, 0x80, 0x80, 0xff, 
  0x80, 0x80, 0x80, 0xff, 0x80, 0x80, 0x80, 0xff, 0x80, 0x80, 0x80, 0xff, 0x80, 0x80, 0x80, 0xff, 0x80, 0x80, 0x80, 0xff, 0x80, 0x80, 0x80, 0xff, 0x80, 0x80, 0x80, 0xff, 
  0x80, 0x80, 0x80, 0xff, 0x80, 0x80, 0x80, 0xff, 0x80, 0x80, 0x80, 0xff, 0x80, 0x80, 0x80, 0xff, 0x80, 0x80, 0x80, 0xff, 0x80, 0x80, 0x80, 0xff, 0x80, 0x80, 0x80, 0xff, 
  0x80, 0x80, 0x80, 0xff, 0x80, 0x80, 0x80, 0xff, 0x80, 0x80, 0x80, 0xff, 0x80, 0x80, 0x80, 0xff, 0x80, 0x80, 0x80, 0xff, 0x80, 0x80, 0x80, 0xff, 0x80, 0x80, 0x80, 0xff, 
  0x80, 0x80, 0x80, 0xff, 0x80, 0x80, 0x80, 0xff, 0x80, 0x80, 0x80, 0xff, 0x80, 0x80, 0x80, 0xff, 0x80, 0x80, 0x80, 0xff, 0x80, 0x80, 0x80, 0xff, 0x80, 0x80, 0x80, 0xff, 
  0x80, 0x80, 0x80, 0xff, 0x80, 0x80, 0x80, 0xff, 0x80, 0x80, 0x80, 0xff, 0x80, 0x80, 0x80, 0xff, 0x80, 0x80, 0x80, 0xff, 0x80, 0x80, 0x80, 0xff, 0x80, 0x80, 0x80, 0xff, 
  0x80, 0x80, 0x80, 0xff, 0x80, 0x80, 0x80, 0xff, 0x80, 0x80, 0x80, 0xff, 0x80, 0x80, 0x80, 0xff, 0x80, 0x80, 0x80, 0xff, 0x80, 0x80, 0x80, 0xff, 0x80, 0x80, 0x80, 0xff, 
  0x80, 0x80, 0x80, 0xff, 0x80, 0x80, 0x80, 0xff, 0x80, 0x80, 0x80, 0xff, 0x80, 0x80, 0x80, 0xff, 0x80, 0x80, 0x80, 0xff, 0x80, 0x80, 0x80, 0xff, 0x80, 0x80, 0x80, 0xff, 
  0x80, 0x80, 0x80, 0xff, 0x80, 0x80, 0x80, 0xff, 0x80, 0x80, 0x80, 0xff, 0x80, 0x80, 0x80, 0xff, 0x80, 0x80, 0x80, 0xff, 0x80, 0x80, 0x80, 0xff, 0x80, 0x80, 0x80, 0xff, 
  0x80, 0x80, 0x80, 0xff, 0x80, 0x80, 0x80, 0xff, 0x80, 0x80, 0x80, 0xff, 0x80, 0x80, 0x80, 0xff, 0x80, 0x80, 0x80, 0xff, 0x80, 0x80, 0x80, 0xff, 0x80, 0x80, 0x80, 0xff, 
  0x80, 0x80, 0x80, 0xff, 0x80, 0x80, 0x80, 0xff, 0x80, 0x80, 0x80, 0xff, 0x80, 0x80, 0x80, 0xff, 0x80, 0x80, 0x80, 0xff, 0x80, 0x80, 0x80, 0xff, 0x80, 0x80, 0x80, 0xff, 
  0x80, 0x80, 0x80, 0xff, 0x80, 0x80, 0x80, 0xff, 0x80, 0x80, 0x80, 0xff, 0x80, 0x80, 0x80, 0xff, 0x80, 0x80, 0x80, 0xff, 0x80, 0x80, 0x80, 0xff, 0x80, 0x80, 0x80, 0xff, 
  0x80, 0x80, 0x80, 0xff, 0x80, 0x80, 0x80, 0xff, 0x80, 0x80, 0x80, 0xff, 0x80, 0x80, 0x80, 0xff, 0x80, 0x80, 0x80, 0xff, 0x80, 0x80, 0x80, 0xff, 0x80, 0x80, 0x80, 0xff, 
  0x80, 0x80, 0x80, 0xff, 0x80, 0x80, 0x80, 0xff, 0x80, 0x80, 0x80, 0xff, 0x80, 0x80, 0x80, 0xff, 0x80, 0x80, 0x80, 0xff, 0x80, 0x80, 0x80, 0xff, 0x80, 0x80, 0x80, 0xff, 
  0x80, 0x80, 0x80, 0xff, 0x80, 0x80, 0x80, 0xff, 0x80, 0x80, 0x80, 0xff, 0x80, 0x80, 0x80, 0xff, 0x80, 0x80, 0x80, 0xff, 0x80, 0x80, 0x80, 0xff, 0x80, 0x80, 0x80, 0xff, 
  0x80, 0x80, 0x80, 0xff, 0x80, 0x80, 0x80, 0xff, 0x80, 0x80, 0x80, 0xff, 0x80, 0x80, 0x80, 0xff, 0x80, 0x80, 0x80, 0xff, 0x80, 0x80, 0x80, 0xff, 0x80, 0x80, 0x80, 0xff, 
  0x80, 0x80, 0x80, 0xff, 0x80, 0x80, 0x80, 0xff, 0x80, 0x80, 0x80, 0xff, 0x80, 0x80, 0x80, 0xff, 0x80, 0x80, 0x80, 0xff, 0x80, 0x80, 0x80, 0xff, 0x80, 0x80, 0x80, 0xff, 
  0x80, 0x80, 0x80, 0xff, 0x80, 0x80, 0x80, 0xff, 0x80, 0x80, 0x80, 0xff, 0x80, 0x80, 0x80, 0xff, 0x80, 0x80, 0x80, 0xff, 0x80, 0x80, 0x80, 0xff, 0x80, 0x80, 0x80, 0xff, 
  0x80, 0x80, 0x80, 0xff, 0x80, 0x80, 0x80, 0xff, 0x80, 0x80, 0x80, 0xff, 0x80, 0x80, 0x80, 0xff, 0x80, 0x80, 0x80, 0xff, 0x80, 0x80, 0x80, 0xff, 0x80, 0x80, 0x80, 0xff, 
  0x80, 0x80, 0x80, 0xff, 0x80, 0x80, 0x80, 0xff, 0x80, 0x80, 0x80, 0xff, 0x80, 0x80, 0x80, 0xff, 0x80, 0x80, 0x80, 0xff, 0x80, 0x80, 0x80, 0xff, 0x80, 0x80, 0x80, 0xff, 
  0x80, 0x80, 0x80, 0xff, 0x80, 0x80, 0x80, 0xff, 0x80, 0x80, 0x80, 0xff, 0x80, 0x80, 0x80, 0xff, 0x80, 0x80, 0x80, 0xff, 0x80, 0x80, 0x80, 0xff, 0x80, 0x80, 0x80, 0xff, 
  0x80, 0x80, 0x80, 0xff, 0x80, 0x80, 0x80, 0xff, 0x80, 0x80, 0x80, 0xff, 0x80, 0x80, 0x80, 0xff, 0x80, 0x80, 0x80, 0xff, 0x80, 0x80, 0x80, 0xff, 0x80, 0x80, 0x80, 0xff, 
  0x80, 0x80, 0x80, 0xff, 0x80, 0x80, 0x80, 0xff, 0x80, 0x80, 0x80, 0xff, 0x80, 0x80, 0x80, 0xff, 0x80, 0x80, 0x80, 0xff, 0x80, 0x80, 0x80, 0xff, 0x80, 0x80, 0x80, 0xff, 
  0x80, 0x80, 0x80, 0xff, 0x80, 0x80, 0x80, 0xff, 0x80, 0x80, 0x80, 0xff, 0x80, 0x80, 0x80, 0xff, 0x80, 0x80, 0x80, 0xff, 0x80, 0x80, 0x80, 0xff, 0x80, 0x80, 0x80, 0xff, 
  0x80, 0x80, 0x80, 0xff, 0x80, 0x80, 0x80, 0xff, 0x80, 0x80, 0x80, 0xff, 0x80, 0x80, 0x80, 0xff, 0x80, 0x80, 0x80, 0xff, 0x80, 0x80, 0x80, 0xff, 0x80, 0x80, 0x80, 0xff, 
  0x80, 0x80, 0x80, 0xff, 0x80, 0x80, 0x80, 0xff, 0x80, 0x80, 0x80, 0xff, 0x80, 0x80, 0x80, 0xff, 0x80, 0x80, 0x80, 0xff, 0x80, 0x80, 0x80, 0xff, 0x80, 0x80, 0x80, 0xff, 
  0x80, 0x80, 0x80, 0xff, 0x80, 0x80, 0x80, 0xff, 0x80, 0x80, 0x80, 0xff, 0x80, 0x80, 0x80, 0xff, 0x80, 0x80, 0x80, 0xff, 0x80, 0x80, 0x80, 0xff, 0x80, 0x80, 0x80, 0xff, 
  0x80, 0x80, 0x80, 0xff, 0x80, 0x80, 0x80, 0xff, 0x80, 0x80, 0x80, 0xff, 0x80, 0x80, 0x80, 0xff, 0x80, 0x80, 0x80, 0xff, 0x80, 0x80, 0x80, 0xff, 0x80, 0x80, 0x80, 0xff, 
  0x80, 0x80, 0x80, 0xff, 0x80, 0x80, 0x80, 0xff, 0x80, 0x80, 0x80, 0xff, 0x80, 0x80, 0x80, 0xff, 0x80, 0x80, 0x80, 0xff, 0x80, 0x80, 0x80, 0xff, 0x80, 0x80, 0x80, 0xff, 
  0x80, 0x80, 0x80, 0xff, 0x80, 0x80, 0x80, 0xff, 0x80, 0x80, 0x80, 0xff, 0x80, 0x80, 0x80, 0xff, 0x80, 0x80, 0x80, 0xff, 0x80, 0x80, 0x80, 0xff, 0x80, 0x80, 0x80, 0xff, 
  0x80, 0x80, 0x80, 0xff, 0x80, 0x80, 0x80, 0xff, 0x80, 0x80, 0x80, 0xff, 0x80, 0x80, 0x80, 0xff, 0x80, 0x80, 0x80, 0xff, 0x80, 0x80, 0x80, 0xff, 0x80, 0x80, 0x80, 0xff, 
  0x80, 0x80, 0x80, 0xff, 0x80, 0x80, 0x80, 0xff, 0x80, 0x80, 0x80, 0xff, 0x80, 0x80, 0x80, 0xff, 0x80, 0x80, 0x80, 0xff, 0x80, 0x80, 0x80, 0xff, 0x80, 0x80, 0x80, 0xff, 
  0x80, 0x80, 0x80, 0xff, 0x80, 0x80, 0x80, 0xff, 0x80, 0x80, 0x80, 0xff, 0x80, 0x80, 0x80, 0xff, 0x80, 0x80, 0x80, 0xff, 0x80, 0x80, 0x80, 0xff, 0x80, 0x80, 0x80, 0xff, 
  0x80, 0x80, 0x80, 0xff, 0x80, 0x80, 0x80, 0xff, 0x80, 0x80, 0x80, 0xff, 0x80, 0x80, 0x80, 0xff, 0x80, 0x80, 0x80, 0xff, 0x80, 0x80, 0x80, 0xff, 0x80, 0x80, 0x80, 0xff, 
  0x80, 0x80, 0x80, 0xff, 0x80, 0x80, 0x80, 0xff, 0x80, 0x80, 0x80, 0xff, 0x80, 0x80, 0x80, 0xff, 0x80, 0x80, 0x80, 0xff, 0x80, 0x80, 0x80, 0xff, 0x80, 0x80, 0x80, 0xff, 
  0x80, 0x80, 0x80, 0xff, 0x80, 0x80, 0x80, 0xff, 0x80, 0x80, 0x80, 0xff, 0x80, 0x80, 0x80, 0xff, 0x80, 0x80, 0x80, 0xff, 0x80, 0x80, 0x80, 0xff, 0x80, 0x80, 0x80, 0xff, 
  0x80, 0x80, 0x80, 0xff, 0x80, 0x80, 0x80, 0xff, 0x80, 0x80, 0x80, 0xff, 0x80, 0x80, 0x80, 0xff, 0x80, 0x80, 0x80, 0xff, 0x80, 0x80, 0x80, 0xff, 0x80, 0x80, 0x80, 0xff, 
  0x80, 0x80, 0x80, 0xff, 0x80, 0x80, 0x80, 0xff, 0x80, 0x80, 0x80, 0xff, 0x80, 0x80, 0x80, 0xff, 0x80, 0x80, 0x80, 0xff, 0x80, 0x80, 0x80, 0xff, 0x80, 0x80, 0x80, 0xff, 
  0x80, 0x80, 0x80, 0xff, 0x80, 0x80, 0x80, 0xff, 0x80, 0x80, 0x80, 0xff, 0x80, 0x80, 0x80, 0xff, 0x80, 0x80, 0x80, 0xff, 0x80, 0x80, 0x80, 0xff, 0x80, 0x80, 0x80, 0xff, 
  0x80, 0x80, 0x80, 0xff, 0x80, 0x80, 0x80, 0xff, 0x80, 0x80, 0x80, 0xff, 0x80, 0x80, 0x80, 0xff, 0x80, 0x80, 0x80, 0xff, 0x80, 0x80, 0x80, 0xff, 0x80, 0x80, 0x80, 0xff, 
  0x80, 0x80, 0x80, 0xff, 0x80, 0x80, 0x80, 0xff, 0x80, 0x80, 0x80, 0xff, 0x80, 0x80, 0x80, 0xff, 0x80, 0x80, 0x80, 0xff, 0x80, 0x80, 0x80, 0xff, 0x80, 0x80, 0x80, 0xff, 
  0x80, 0x80, 0x80, 0xff, 0x80, 0x80, 0x80, 0xff, 0x80, 0x80, 0x80, 0xff, 0x80, 0x80, 0x80, 0xff, 0x80, 0x80, 0x80, 0xff, 0x80, 0x80, 0x80, 0xff, 0x80, 0x80, 0x80, 0xff, 
  0x80, 0x80, 0x80, 0xff, 0x80, 0x80, 0x80, 0xff, 0x80, 0x80, 0x80, 0xff, 0x80, 0x80, 0x80, 0xff, 0x80, 0x80, 0x80, 0xff, 0x80, 0x80, 0x80, 0xff, 0x80, 0x80, 0x80, 0xff, 
  0x80, 0x80, 0x80, 0xff, 0x80, 0x80, 0x80, 0xff, 0x80, 0x80, 0x80, 0xff, 0x80, 0x80, 0x80, 0xff, 0x80, 0x80, 0x80, 0xff, 0x80, 0x80, 0x80, 0xff, 0x80, 0x80, 0x80, 0xff, 
  0x80, 0x80, 0x80, 0xff, 0x80, 0x80, 0x80, 0xff, 0x80, 0x80, 0x80, 0xff, 0x80, 0x80, 0x80, 0xff, 0x80, 0x80, 0x80, 0xff, 0x80, 0x80, 0x80, 0xff, 0x80, 0x80, 0x80, 0xff, 
  0x80, 0x80, 0x80, 0xff, 0x80, 0x80, 0x80, 0xff, 0x80, 0x80, 0x80, 0xff, 0x80, 0x80, 0x80, 0xff, 0x80, 0x80, 0x80, 0xff, 0x80, 0x80, 0x80, 0xff, 0x80, 0x80, 0x80, 0xff, 
  0x80, 0x80, 0x80, 0xff, 0x80, 0x80, 0x80, 0xff, 0x80, 0x80, 0x80, 0xff, 0x80, 0x80, 0x80, 0xff, 0x80, 0x80, 0x80, 0xff, 0x80, 0x80, 0x80, 0xff, 0x80, 0x80, 0x80, 0xff, 
  0x80, 0x80, 0x80, 0xff, 0x80, 0x80, 0x80, 0xff, 0x80, 0x80, 0x80, 0xff, 0x80, 0x80, 0x80, 0xff, 0x80, 0x80, 0x80, 0xff, 0x80, 0x80, 0x80, 0xff, 0x80, 0x80, 0x80, 0xff, 
  0x80, 0x80, 0x80, 0xff, 0x80, 0x80, 0x80, 0xff, 0x80, 0x80, 0x80, 0xff, 0x80, 0x80, 0x80, 0xff, 0x80, 0x80, 0x80, 0xff, 0x80, 0x80, 0x80, 0xff, 0x80, 0x80, 0x80, 0xff, 
  0x80, 0x80, 0x80, 0xff, 0x80, 0x80, 0x80, 0xff, 0x80, 0x80, 0x80, 0xff, 0x80, 0x80, 0x80, 0xff, 0x80, 0x80, 0x80, 0xff, 0x80, 0x80, 0x80, 0xff, 0x80, 0x80, 0x80, 0xff, 
  0x80, 0x80, 0x80, 0xff, 0x80, 0x80, 0x80, 0xff, 0x80, 0x80, 0x80, 0xff, 0x80, 0x80, 0x80, 0xff, 0x80, 0x80, 0x80, 0xff, 0x80, 0x80, 0x80, 0xff, 0x80, 0x80, 0x80, 0xff, 
  0x80, 0x80, 0x80, 0xff, 0x80, 0x80, 0x80, 0xff, 0x80, 0x80, 0x80, 0xff, 0x80, 0x80, 0x80, 0xff, 0x80, 0x80, 0x80, 0xff, 0x80, 0x80, 0x80, 0xff, 0x80, 0x80, 0x80, 0xff, 
  0x80, 0x80, 0x80, 0xff, 0x80, 0x80, 0x80, 0xff, 0x80, 0x80, 0x80, 0xff, 0x80, 0x80, 0x80, 0xff, 0x80, 0x80, 0x80, 0xff, 0x80, 0x80, 0x80, 0xff, 0x80, 0x80, 0x80, 0xff, 
  0x80, 0x80, 0x80, 0xff, 0x80, 0x80, 0x80, 0xff, 0x80, 0x80, 0x80, 0xff, 0x80, 0x80, 0x80, 0xff, 0x80, 0x80, 0x80, 0xff, 0x80, 0x80, 0x80, 0xff, 0x80, 0x80, 0x80, 0xff, 
  0x80, 0x80, 0x80, 0xff, 0x80, 0x80, 0x80, 0xff, 0x80, 0x80, 0x80, 0xff, 0x80, 0x80, 0x80, 0xff, 0x80, 0x80, 0x80, 0xff, 0x80, 0x80, 0x80, 0xff, 0x80, 0x80, 0x80, 0xff, 
  0x80, 0x80, 0x80, 0xff, 0x80, 0x80, 0x80, 0xff, 0x80, 0x80, 0x80, 0xff, 0x80, 0x80, 0x80, 0xff, 0x80, 0x80, 0x80, 0xff, 0x80, 0x80, 0x80, 0xff, 0x80, 0x80, 0x80, 0xff, 
  0x80, 0x80, 0x80, 0xff, 0x80, 0x80, 0x80, 0xff, 0x80, 0x80, 0x80, 0xff, 0x80, 0x80, 0x80, 0xff, 0x80, 0x80, 0x80, 0xff, 0x80, 0x80, 0x80, 0xff, 0x80, 0x80, 0x80, 0xff, 
  0x80, 0x80, 0x80, 0xff, 0x80, 0x80, 0x80, 0xff, 0x80, 0x80, 0x80, 0xff, 0x80, 0x80, 0x80, 0xff, 0x80, 0x80, 0x80, 0xff, 0x80, 0x80, 0x80, 0xff, 0x80, 0x80, 0x80, 0xff, 
  0x80, 0x80, 0x80, 0xff, 0x80, 0x80, 0x80, 0xff, 0x80, 0x80, 0x80, 0xff, 0x80, 0x80, 0x80, 0xff, 0x80, 0x80, 0x80, 0xff, 0x80, 0x80, 0x80, 0xff, 0x80, 0x80, 0x80, 0xff, 
  0x80, 0x80, 0x80, 0xff, 0x80, 0x80, 0x80, 0xff, 0x80, 0x80, 0x80, 0xff, 0x80, 0x80, 0x80, 0xff, 0x80, 0x80, 0x80, 0xff, 0x80, 0x80, 0x80, 0xff, 0x80, 0x80, 0x80, 0xff, 
  0x80, 0x80, 0x80, 0xff, 0x80, 0x80, 0x80, 0xff, 0x80, 0x80, 0x80, 0xff, 0x80, 0x80, 0x80, 0xff, 0x80, 0x80, 0x80, 0xff, 0x80, 0x80, 0x80, 0xff, 0x80, 0x80, 0x80, 0xff, 
  0x80, 0x80, 0x80, 0xff, 0x80, 0x80, 0x80, 0xff, 0x80, 0x80, 0x80, 0xff, 0x80, 0x80, 0x80, 0xff, 0x80, 0x80, 0x80, 0xff, 0x80, 0x80, 0x80, 0xff, 0x80, 0x80, 0x80, 0xff, 
  0x80, 0x80, 0x80, 0xff, 0x80, 0x80, 0x80, 0xff, 0x80, 0x80, 0x80, 0xff, 0x80, 0x80, 0x80, 0xff, 0x80, 0x80, 0x80, 0xff, 0x80, 0x80, 0x80, 0xff, 0x80, 0x80, 0x80, 0xff, 
  0x80, 0x80, 0x80, 0xff, 0x80, 0x80, 0x80, 0xff, 0x80, 0x80, 0x80, 0xff, 0x80, 0x80, 0x80, 0xff, 0x80, 0x80, 0x80, 0xff, 0x80, 0x80, 0x80, 0xff, 0x80, 0x80, 0x80, 0xff, 
  0x80, 0x80, 0x80, 0xff, 0x80, 0x80, 0x80, 0xff, 0x80, 0x80, 0x80, 0xff, 0x80, 0x80, 0x80, 0xff, 0x80, 0x80, 0x80, 0xff, 0x80, 0x80, 0x80, 0xff, 0x80, 0x80, 0x80, 0xff, 
  0x80, 0x80, 0x80, 0xff, 0x80, 0x80, 0x80, 0xff, 0x80, 0x80, 0x80, 0xff, 0x80, 0x80, 0x80, 0xff, 0x80, 0x80, 0x80, 0xff, 0x80, 0x80, 0x80, 0xff, 0x80, 0x80, 0x80, 0xff, 
  0x80, 0x80, 0x80, 0xff, 0x80, 0x80, 0x80, 0xff, 0x80, 0x80, 0x80, 0xff, 0x80, 0x80, 0x80, 0xff, 0x80, 0x80, 0x80, 0xff, 0x80, 0x80, 0x80, 0xff, 0x80, 0x80, 0x80, 0xff, 
  0x80, 0x80, 0x80, 0xff, 0x80, 0x80, 0x80, 0xff, 0x80, 0x80, 0x80, 0xff, 0x80, 0x80, 0x80, 0xff, 0x80, 0x80, 0x80, 0xff, 0x80, 0x80, 0x80, 0xff, 0x80, 0x80, 0x80, 0xff, 
  0x80, 0x80, 0x80, 0xff, 0x80, 0x80, 0x80, 0xff, 0x80, 0x80, 0x80, 0xff, 0x80, 0x80, 0x80, 0xff, 0x80, 0x80, 0x80, 0xff, 0x80, 0x80, 0x80, 0xff, 0x80, 0x80, 0x80, 0xff, 
  0x80, 0x80, 0x80, 0xff, 0x80, 0x80, 0x80, 0xff, 0x80, 0x80, 0x80, 0xff, 0x80, 0x80, 0x80, 0xff, 0x80, 0x80, 0x80, 0xff, 0x80, 0x80, 0x80, 0xff, 0x80, 0x80, 0x80, 0xff, 
  0x80, 0x80, 0x80, 0xff, 0x80, 0x80, 0x80, 0xff, 0x80, 0x80, 0x80, 0xff, 0x80, 0x80, 0x80, 0xff, 0x80, 0x80, 0x80, 0xff, 0x80, 0x80, 0x80, 0xff, 0x80, 0x80, 0x80, 0xff, 
  0x80, 0x80, 0x80, 0xff, 0x80, 0x80, 0x80, 0xff, 0x80, 0x80, 0x80, 0xff, 0x80, 0x80, 0x80, 0xff, 0x80, 0x80, 0x80, 0xff, 0x80, 0x80, 0x80, 0xff, 0x80, 0x80, 0x80, 0xff, 
  0x80, 0x80, 0x80, 0xff, 0x80, 0x80, 0x80, 0xff, 0x80, 0x80, 0x80, 0xff, 0x80, 0x80, 0x80, 0xff, 0x80, 0x80, 0x80, 0xff, 0x80, 0x80, 0x80, 0xff, 0x80, 0x80, 0x80, 0xff, 
  0x80, 0x80, 0x80, 0xff, 0x80, 0x80, 0x80, 0xff, 0x80, 0x80, 0x80, 0xff, 0x80, 0x80, 0x80, 0xff, 0x80, 0x80, 0x80, 0xff, 0x80, 0x80, 0x80, 0xff, 0x80, 0x80, 0x80, 0xff, 
  0x80, 0x80, 0x80, 0xff, 0x80, 0x80, 0x80, 0xff, 0x80, 0x80, 0x80, 0xff, 0x80, 0x80, 0x80, 0xff, 0x80, 0x80, 0x80, 0xff, 0x80, 0x80, 0x80, 0xff, 0x80, 0x80, 0x80, 0xff, 
  0x80, 0x80, 0x80, 0xff, 0x80, 0x80, 0x80, 0xff, 0x80, 0x80, 0x80, 0xff, 0x80, 0x80, 0x80, 0xff, 0x80, 0x80, 0x80, 0xff, 0x80, 0x80, 0x80, 0xff, 0x80, 0x80, 0x80, 0xff, 
  0x80, 0x80, 0x80, 0xff, 0x80, 0x80, 0x80, 0xff, 0x80, 0x80, 0x80, 0xff, 0x80, 0x80, 0x80, 0xff, 0x80, 0x80, 0x80, 0xff, 0x80, 0x80, 0x80, 0xff, 0x80, 0x80, 0x80, 0xff, 
  0x80, 0x80, 0x80, 0xff, 0x80, 0x80, 0x80, 0xff, 0x80, 0x80, 0x80, 0xff, 0x80, 0x80, 0x80, 0xff, 0x80, 0x80, 0x80, 0xff, 0x80, 0x80, 0x80, 0xff, 0x80, 0x80, 0x80, 0xff, 
  0x80, 0x80, 0x80, 0xff, 0x80, 0x80, 0x80, 0xff, 0x80, 0x80, 0x80, 0xff, 0x80, 0x80, 0x80, 0xff, 0x80, 0x80, 0x80, 0xff, 0x80, 0x80, 0x80, 0xff, 0x80, 0x80, 0x80, 0xff, 
  0x80, 0x80, 0x80, 0xff, 0x80, 0x80, 0x80, 0xff, 0x80, 0x80, 0x80, 0xff, 0x80, 0x80, 0x80, 0xff, 0x80, 0x80, 0x80, 0xff, 0x80, 0x80, 0x80, 0xff, 0x80, 0x80, 0x80, 0xff, 
  0x80, 0x80, 0x80, 0xff, 0x80, 0x80, 0x80, 0xff, 0x80, 0x80, 0x80, 0xff, 0x80, 0x80, 0x80, 0xff, 0x80, 0x80, 0x80, 0xff, 0x80, 0x80, 0x80, 0xff, 0x80, 0x80, 0x80, 0xff, 
  0x80, 0x80, 0x80, 0xff, 0x80, 0x80, 0x80, 0xff, 0x80, 0x80, 0x80, 0xff, 0x80, 0x80, 0x80, 0xff, 0x80, 0x80, 0x80, 0xff, 0x80, 0x80, 0x80, 0xff, 0x80, 0x80, 0x80, 0xff, 
  0x80, 0x80, 0x80, 0xff, 0x80, 0x80, 0x80, 0xff, 0x80, 0x80, 0x80, 0xff, 0x80, 0x80, 0x80, 0xff, 0x80, 0x80, 0x80, 0xff, 0x80, 0x80, 0x80, 0xff, 0x80, 0x80, 0x80, 0xff, 
  0x80, 0x80, 0x80, 0xff, 0x80, 0x80, 0x80, 0xff, 0x80, 0x80, 0x80, 0xff, 0x80, 0x80, 0x80, 0xff, 0x80, 0x80, 0x80, 0xff, 0x80, 0x80, 0x80, 0xff, 0x80, 0x80, 0x80, 0xff, 
  0x80, 0x80, 0x80, 0xff, 0x80, 0x80, 0x80, 0xff, 0x80, 0x80, 0x80, 0xff, 0x80, 0x80, 0x80, 0xff, 0x80, 0x80, 0x80, 0xff, 0x80, 0x80, 0x80, 0xff, 0x80, 0x80, 0x80, 0xff, 
  0x80, 0x80, 0x80, 0xff, 0x80, 0x80, 0x80, 0xff, 0x80, 0x80, 0x80, 0xff, 0x80, 0x80, 0x80, 0xff, 0x80, 0x80, 0x80, 0xff, 0x80, 0x80, 0x80, 0xff, 0x80, 0x80, 0x80, 0xff, 
  0x80, 0x80, 0x80, 0xff, 0x80, 0x80, 0x80, 0xff, 0x80, 0x80, 0x80, 0xff, 0x80, 0x80, 0x80, 0xff, 0x80, 0x80, 0x80, 0xff, 0x80, 0x80, 0x80, 0xff, 0x80, 0x80, 0x80, 0xff, 
  0x80, 0x80, 0x80, 0xff, 0x80, 0x80, 0x80, 0xff, 0x80, 0x80, 0x80, 0xff, 0x80, 0x80, 0x80, 0xff, 0x80, 0x80, 0x80, 0xff, 0x80, 0x80, 0x80, 0xff, 0x80, 0x80, 0x80, 0xff, 
  0x80, 0x80, 0x80, 0xff, 0x80, 0x80, 0x80, 0xff, 0x80, 0x80, 0x80, 0xff, 0x80, 0x80, 0x80, 0xff, 0x80, 0x80, 0x80, 0xff, 0x80, 0x80, 0x80, 0xff, 0x80, 0x80, 0x80, 0xff, 
  0x80, 0x80, 0x80, 0xff, 0x80, 0x80, 0x80, 0xff, 0x80, 0x80, 0x80, 0xff, 0x80, 0x80, 0x80, 0xff, 0x80, 0x80, 0x80, 0xff, 0x80, 0x80, 0x80, 0xff, 0x80, 0x80, 0x80, 0xff, 
  0x80, 0x80, 0x80, 0xff, 0x80, 0x80, 0x80, 0xff, 0x81, 0x81, 0x81, 0xfd, 0x81, 0x81, 0x81, 0xfc, 0x81, 0x81, 0x81, 0xfc, 0x81, 0x81, 0x81, 0xfc, 0x81, 0x81, 0x81, 0xfc, 
  0x81, 0x81, 0x81, 0xfc, 0x81, 0x81, 0x81, 0xfc, 0x81, 0x81, 0x81, 0xfc, 0x81, 0x81, 0x81, 0xfc, 0x81, 0x81, 0x81, 0xfc, 0x81, 0x81, 0x81, 0xfc, 0x81, 0x81, 0x81, 0xfc, 
  0x81, 0x81, 0x81, 0xfc, 0x81, 0x81, 0x81, 0xfc, 0x81, 0x81, 0x81, 0xfc, 0x81, 0x81, 0x81, 0xfc, 0x81, 0x81, 0x81, 0xfc, 0x81, 0x81, 0x81, 0xfc, 0x81, 0x81, 0x81, 0xfc, 
  0x81, 0x81, 0x81, 0xfc, 0x81, 0x81, 0x81, 0xfc, 0x81, 0x81, 0x81, 0xfc, 0x81, 0x81, 0x81, 0xfc, 0x81, 0x81, 0x81, 0xfd, 0x80, 0x80, 0x80, 0xff, 0x80, 0x80, 0x80, 0xff, 
  0x80, 0x80, 0x80, 0xff, 0x80, 0x80, 0x80, 0xff, 0x80, 0x80, 0x80, 0xff, 0x80, 0x80, 0x80, 0xff, 0x80, 0x80, 0x80, 0xff, 0x80, 0x80, 0x80, 0xff, 0x80, 0x80, 0x80, 0xff, 
  0x80, 0x80, 0x80, 0xff, 0x80, 0x80, 0x80, 0xff, 0x80, 0x80, 0x80, 0xff, 0x80, 0x80, 0x80, 0xff, 0x80, 0x80, 0x80, 0xff, 0x80, 0x80, 0x80, 0xff, 0x80, 0x80, 0x80, 0xff, 
  0x80, 0x80, 0x80, 0xff, 0x80, 0x80, 0x80, 0xff, 0x80, 0x80, 0x80, 0xff, 0x80, 0x80, 0x80, 0xff, 0x80, 0x80, 0x80, 0xff, 0x80, 0x80, 0x80, 0xff, 0x80, 0x80, 0x80, 0xff, 
  0x80, 0x80, 0x80, 0xff, 0x80, 0x80, 0x80, 0xff, 0x80, 0x80, 0x80, 0xff, 0x80, 0x80, 0x80, 0xff, 0x80, 0x80, 0x80, 0xff, 0x80, 0x80, 0x80, 0xff, 0x80, 0x80, 0x80, 0xff, 
  0x80, 0x80, 0x80, 0xff, 0x80, 0x80, 0x80, 0xff, 0x80, 0x80, 0x80, 0xff, 0x80, 0x80, 0x80, 0xff, 0x80, 0x80, 0x80, 0xff, 0x80, 0x80, 0x80, 0xff, 0x80, 0x80, 0x80, 0xff, 
  0x80, 0x80, 0x80, 0xff, 0x80, 0x80, 0x80, 0xff, 0x80, 0x80, 0x80, 0xff, 0x80, 0x80, 0x80, 0xff, 0x80, 0x80, 0x80, 0xff, 0x80, 0x80, 0x80, 0xff, 0x80, 0x80, 0x80, 0xff, 
  0x80, 0x80, 0x80, 0xff, 0x80, 0x80, 0x80, 0xff, 0x80, 0x80, 0x80, 0xff, 0x80, 0x80, 0x80, 0xff, 0x80, 0x80, 0x80, 0xff, 0x80, 0x80, 0x80, 0xff, 0x80, 0x80, 0x80, 0xff, 
  0x80, 0x80, 0x80, 0xff, 0x80, 0x80, 0x80, 0xff, 0x80, 0x80, 0x80, 0xff, 0x80, 0x80, 0x80, 0xff, 0x80, 0x80, 0x80, 0xff, 0x80, 0x80, 0x80, 0xff, 0x80, 0x80, 0x80, 0xff, 
  0x80, 0x80, 0x80, 0xff, 0x80, 0x80, 0x80, 0xff, 0x80, 0x80, 0x80, 0xff, 0x80, 0x80, 0x80, 0xff, 0x80, 0x80, 0x80, 0xff, 0x80, 0x80, 0x80, 0xff, 0x80, 0x80, 0x80, 0xff, 
  0x80, 0x80, 0x80, 0xff, 0x80, 0x80, 0x80, 0xff, 0x80, 0x80, 0x80, 0xff, 0x80, 0x80, 0x80, 0xff, 0x80, 0x80, 0x80, 0xff, 0x80, 0x80, 0x80, 0xff, 0x80, 0x80, 0x80, 0xff, 
  0x80, 0x80, 0x80, 0xff, 0x80, 0x80, 0x80, 0xff, 0x80, 0x80, 0x80, 0xff, 0x80, 0x80, 0x80, 0xff, 0x80, 0x80, 0x80, 0xff, 0x80, 0x80, 0x80, 0xff, 0x80, 0x80, 0x80, 0xff, 
  0x80, 0x80, 0x80, 0xff, 0x80, 0x80, 0x80, 0xff, 0x80, 0x80, 0x80, 0xff, 0x80, 0x80, 0x80, 0xff, 0x80, 0x80, 0x80, 0xff, 0x80, 0x80, 0x80, 0xff, 0x80, 0x80, 0x80, 0xff, 
  0x80, 0x80, 0x80, 0xff, 0x80, 0x80, 0x80, 0xfe, 0x80, 0x80, 0x80, 0xff, 0x80, 0x80, 0x80, 0xff, 0x80, 0x80, 0x80, 0xff, 0x80, 0x80, 0x80, 0xff, 0x80, 0x80, 0x80, 0xff, 
  0x80, 0x80, 0x80, 0xff, 0x80, 0x80, 0x80, 0xff, 0x80, 0x80, 0x80, 0xff, 0x80, 0x80, 0x80, 0xff, 0x80, 0x80, 0x80, 0xff, 0x80, 0x80, 0x80, 0xff, 0x80, 0x80, 0x80, 0xff, 
  0x80, 0x80, 0x80, 0xff, 0x80, 0x80, 0x80, 0xff, 0x80, 0x80, 0x80, 0xff, 0x80, 0x80, 0x80, 0xff, 0x80, 0x80, 0x80, 0xff, 0x80, 0x80, 0x80, 0xff, 0x80, 0x80, 0x80, 0xff, 
  0x80, 0x80, 0x80, 0xff, 0x80, 0x80, 0x80, 0xff, 0x80, 0x80, 0x80, 0xff, 0x80, 0x80, 0x80, 0xff, 0x80, 0x80, 0x80, 0xff, 0x80, 0x80, 0x80, 0xfe, 0x80, 0x80, 0x80, 0xff, 
  0x80, 0x80, 0x80, 0xff, 0x80, 0x80, 0x80, 0xff, 0x80, 0x80, 0x80, 0xff, 0x80, 0x80, 0x80, 0xff, 0x80, 0x80, 0x80, 0xff, 0x80, 0x80, 0x80, 0xff, 0x80, 0x80, 0x80, 0xff, 
  0x80, 0x80, 0x80, 0xff, 0x80, 0x80, 0x80, 0xff, 0x80, 0x80, 0x80, 0xff, 0x80, 0x80, 0x80, 0xff, 0x80, 0x80, 0x80, 0xff, 0x80, 0x80, 0x80, 0xff, 0x80, 0x80, 0x80, 0xff, 
  0x80, 0x80, 0x80, 0xff, 0x80, 0x80, 0x80, 0xff, 0x80, 0x80, 0x80, 0xff, 0x80, 0x80, 0x80, 0xff, 0x80, 0x80, 0x80, 0xff, 0x80, 0x80, 0x80, 0xff, 0x80, 0x80, 0x80, 0xff, 
  0x80, 0x80, 0x80, 0xff, 0x80, 0x80, 0x80, 0xff, 0x80, 0x80, 0x80, 0xff, 0x80, 0x80, 0x80, 0xff, 0x80, 0x80, 0x80, 0xff, 0x80, 0x80, 0x80, 0xff, 0x80, 0x80, 0x80, 0xff, 
  0x80, 0x80, 0x80, 0xff, 0x80, 0x80, 0x80, 0xff, 0x80, 0x80, 0x80, 0xff, 0x80, 0x80, 0x80, 0xff, 0x80, 0x80, 0x80, 0xff, 0x80, 0x80, 0x80, 0xff, 0x80, 0x80, 0x80, 0xff, 
  0x80, 0x80, 0x80, 0xff, 0x80, 0x80, 0x80, 0xff, 0x80, 0x80, 0x80, 0xff, 0x80, 0x80, 0x80, 0xff, 0x80, 0x80, 0x80, 0xff, 0x80, 0x80, 0x80, 0xff, 0x80, 0x80, 0x80, 0xff, 
  0x80, 0x80, 0x80, 0xff, 0x80, 0x80, 0x80, 0xff, 0x80, 0x80, 0x80, 0xff, 0x80, 0x80, 0x80, 0xff, 0x80, 0x80, 0x80, 0xff, 0x80, 0x80, 0x80, 0xff, 0x80, 0x80, 0x80, 0xff, 
  0x80, 0x80, 0x80, 0xff, 0x80, 0x80, 0x80, 0xff, 0x80, 0x80, 0x80, 0xff, 0x80, 0x80, 0x80, 0xff, 0x80, 0x80, 0x80, 0xff, 0x80, 0x80, 0x80, 0xff, 0x80, 0x80, 0x80, 0xff, 
  0x80, 0x80, 0x80, 0xff, 0x80, 0x80, 0x80, 0xff, 0x80, 0x80, 0x80, 0xff, 0x80, 0x80, 0x80, 0xff, 0x80, 0x80, 0x80, 0xff, 0x80, 0x80, 0x80, 0xff, 0x80, 0x80, 0x80, 0xff, 
  0x80, 0x80, 0x80, 0xff, 0x80, 0x80, 0x80, 0xff, 0x80, 0x80, 0x80, 0xff, 0x80, 0x80, 0x80, 0xff, 0x80, 0x80, 0x80, 0xff, 0x80, 0x80, 0x80, 0xff, 0x80, 0x80, 0x80, 0xff, 
  0x80, 0x80, 0x80, 0xff, 0x80, 0x80, 0x80, 0xff, 0x80, 0x80, 0x80, 0xff, 0x80, 0x80, 0x80, 0xff, 0x80, 0x80, 0x80, 0xff, 0x80, 0x80, 0x80, 0xff, 0x80, 0x80, 0x80, 0xff, 
  0x80, 0x80, 0x80, 0xff, 0x80, 0x80, 0x80, 0xff, 0x80, 0x80, 0x80, 0xff, 0x80, 0x80, 0x80, 0xff, 0x80, 0x80, 0x80, 0xff, 0x80, 0x80, 0x80, 0xff, 0x80, 0x80, 0x80, 0xff, 
  0x80, 0x80, 0x80, 0xfe, 0x80, 0x80, 0x80, 0xff, 0xa1, 0xa1, 0xa1, 0xce, 0xc6, 0xc6, 0xc6, 0xc0, 0xc2, 0xc2, 0xc2, 0xbf, 0xc3, 0xc3, 0xc3, 0xbf, 0xc3, 0xc3, 0xc3, 0xbf, 
  0xc3, 0xc3, 0xc3, 0xbf, 0xc3, 0xc3, 0xc3, 0xbf, 0xc3, 0xc3, 0xc3, 0xbf, 0xc3, 0xc3, 0xc3, 0xbf, 0xc3, 0xc3, 0xc3, 0xbf, 0xc3, 0xc3, 0xc3, 0xbf, 0xc3, 0xc3, 0xc3, 0xbf, 
  0xc3, 0xc3, 0xc3, 0xbf, 0xc3, 0xc3, 0xc3, 0xbf, 0xc3, 0xc3, 0xc3, 0xbf, 0xc3, 0xc3, 0xc3, 0xbf, 0xc3, 0xc3, 0xc3, 0xbf, 0xc3, 0xc3, 0xc3, 0xbf, 0xc3, 0xc3, 0xc3, 0xbf, 
  0xc3, 0xc3, 0xc3, 0xbf, 0xc3, 0xc3, 0xc3, 0xbf, 0xc2, 0xc2, 0xc2, 0xbf, 0xc6, 0xc6, 0xc6, 0xc0, 0xa1, 0xa1, 0xa1, 0xce, 0x80, 0x80, 0x80, 0xff, 0x80, 0x80, 0x80, 0xfe, 
  0x80, 0x80, 0x80, 0xff, 0x80, 0x80, 0x80, 0xff, 0x80, 0x80, 0x80, 0xff, 0x80, 0x80, 0x80, 0xff, 0x80, 0x80, 0x80, 0xff, 0x80, 0x80, 0x80, 0xff, 0x80, 0x80, 0x80, 0xff, 
  0x80, 0x80, 0x80, 0xff, 0x80, 0x80, 0x80, 0xff, 0x80, 0x80, 0x80, 0xff, 0x80, 0x80, 0x80, 0xff, 0x80, 0x80, 0x80, 0xff, 0x80, 0x80, 0x80, 0xff, 0x80, 0x80, 0x80, 0xff, 
  0x80, 0x80, 0x80, 0xff, 0x80, 0x80, 0x80, 0xff, 0x80, 0x80, 0x80, 0xff, 0x80, 0x80, 0x80, 0xff, 0x80, 0x80, 0x80, 0xff, 0x80, 0x80, 0x80, 0xff, 0x80, 0x80, 0x80, 0xff, 
  0x80, 0x80, 0x80, 0xff, 0x80, 0x80, 0x80, 0xff, 0x80, 0x80, 0x80, 0xff, 0x80, 0x80, 0x80, 0xff, 0x80, 0x80, 0x80, 0xff, 0x80, 0x80, 0x80, 0xff, 0x80, 0x80, 0x80, 0xff, 
  0x80, 0x80, 0x80, 0xff, 0x80, 0x80, 0x80, 0xff, 0x80, 0x80, 0x80, 0xff, 0x80, 0x80, 0x80, 0xff, 0x80, 0x80, 0x80, 0xff, 0x80, 0x80, 0x80, 0xff, 0x80, 0x80, 0x80, 0xff, 
  0x80, 0x80, 0x80, 0xff, 0x80, 0x80, 0x80, 0xff, 0x80, 0x80, 0x80, 0xff, 0x80, 0x80, 0x80, 0xff, 0x80, 0x80, 0x80, 0xff, 0x80, 0x80, 0x80, 0xff, 0x80, 0x80, 0x80, 0xff, 
  0x80, 0x80, 0x80, 0xff, 0x80, 0x80, 0x80, 0xff, 0x80, 0x80, 0x80, 0xff, 0x80, 0x80, 0x80, 0xff, 0x80, 0x80, 0x80, 0xff, 0x80, 0x80, 0x80, 0xff, 0x80, 0x80, 0x80, 0xff, 
  0x80, 0x80, 0x80, 0xff, 0x80, 0x80, 0x80, 0xff, 0x80, 0x80, 0x80, 0xff, 0x80, 0x80, 0x80, 0xff, 0x80, 0x80, 0x80, 0xff, 0x80, 0x80, 0x80, 0xff, 0x80, 0x80, 0x80, 0xff, 
  0x80, 0x80, 0x80, 0xff, 0x80, 0x80, 0x80, 0xff, 0x80, 0x80, 0x80, 0xff, 0x80, 0x80, 0x80, 0xff, 0x80, 0x80, 0x80, 0xff, 0x80, 0x80, 0x80, 0xff, 0x80, 0x80, 0x80, 0xff, 
  0x80, 0x80, 0x80, 0xff, 0x80, 0x80, 0x80, 0xff, 0x80, 0x80, 0x80, 0xff, 0x80, 0x80, 0x80, 0xff, 0x80, 0x80, 0x80, 0xff, 0x80, 0x80, 0x80, 0xff, 0x80, 0x80, 0x80, 0xff, 
  0x80, 0x80, 0x80, 0xff, 0x80, 0x80, 0x80, 0xff, 0x80, 0x80, 0x80, 0xff, 0x80, 0x80, 0x80, 0xff, 0x80, 0x80, 0x80, 0xff, 0x80, 0x80, 0x80, 0xff, 0x80, 0x80, 0x80, 0xff, 
  0x80, 0x80, 0x80, 0xff, 0x80, 0x80, 0x80, 0xff, 0x80, 0x80, 0x80, 0xff, 0x80, 0x80, 0x80, 0xff, 0x80, 0x80, 0x80, 0xff, 0x80, 0x80, 0x80, 0xff, 0x81, 0x81, 0x81, 0xfc, 
  0x80, 0x80, 0x80, 0xff, 0xa7, 0xa7, 0xa7, 0xc9, 0xfa, 0xfa, 0xfa, 0xf5, 0xff, 0xff, 0xff, 0xff, 0xff, 0xff, 0xff, 0xff, 0xff, 0xff, 0xff, 0xff, 0xff, 0xff, 0xff, 0xff, 
  0xff, 0xff, 0xff, 0xff, 0xff, 0xff, 0xff, 0xff, 0xff, 0xff, 0xff, 0xff, 0xff, 0xff, 0xff, 0xff, 0xff, 0xff, 0xff, 0xff, 0xff, 0xff, 0xff, 0xff, 0xff, 0xff, 0xff, 0xff, 
  0xff, 0xff, 0xff, 0xff, 0xff, 0xff, 0xff, 0xff, 0xff, 0xff, 0xff, 0xff, 0xff, 0xff, 0xff, 0xff, 0xff, 0xff, 0xff, 0xff, 0xff, 0xff, 0xff, 0xff, 0xff, 0xff, 0xff, 0xff, 
  0xff, 0xff, 0xff, 0xff, 0xff, 0xff, 0xff, 0xff, 0xff, 0xff, 0xff, 0xff, 0xff, 0xff, 0xff, 0xff, 0xfb, 0xfb, 0xfb, 0xf7, 0xa9, 0xa9, 0xa9, 0xc7, 0x80, 0x80, 0x80, 0xff, 
  0x81, 0x81, 0x81, 0xfc, 0x80, 0x80, 0x80, 0xff, 0x80, 0x80, 0x80, 0xff, 0x80, 0x80, 0x80, 0xff, 0x80, 0x80, 0x80, 0xff, 0x80, 0x80, 0x80, 0xff, 0x80, 0x80, 0x80, 0xff, 
  0x80, 0x80, 0x80, 0xff, 0x80, 0x80, 0x80, 0xff, 0x80, 0x80, 0x80, 0xff, 0x80, 0x80, 0x80, 0xff, 0x80, 0x80, 0x80, 0xff, 0x80, 0x80, 0x80, 0xff, 0x80, 0x80, 0x80, 0xff, 
  0x80, 0x80, 0x80, 0xff, 0x80, 0x80, 0x80, 0xff, 0x80, 0x80, 0x80, 0xff, 0x80, 0x80, 0x80, 0xff, 0x80, 0x80, 0x80, 0xff, 0x80, 0x80, 0x80, 0xff, 0x80, 0x80, 0x80, 0xff, 
  0x80, 0x80, 0x80, 0xff, 0x80, 0x80, 0x80, 0xff, 0x80, 0x80, 0x80, 0xff, 0x80, 0x80, 0x80, 0xff, 0x80, 0x80, 0x80, 0xff, 0x80, 0x80, 0x80, 0xff, 0x80, 0x80, 0x80, 0xff, 
  0x80, 0x80, 0x80, 0xff, 0x80, 0x80, 0x80, 0xff, 0x80, 0x80, 0x80, 0xff, 0x80, 0x80, 0x80, 0xff, 0x80, 0x80, 0x80, 0xff, 0x80, 0x80, 0x80, 0xff, 0x80, 0x80, 0x80, 0xff, 
  0x80, 0x80, 0x80, 0xff, 0x80, 0x80, 0x80, 0xff, 0x80, 0x80, 0x80, 0xff, 0x80, 0x80, 0x80, 0xff, 0x80, 0x80, 0x80, 0xff, 0x80, 0x80, 0x80, 0xff, 0x80, 0x80, 0x80, 0xff, 
  0x80, 0x80, 0x80, 0xff, 0x80, 0x80, 0x80, 0xff, 0x80, 0x80, 0x80, 0xff, 0x80, 0x80, 0x80, 0xff, 0x80, 0x80, 0x80, 0xff, 0x80, 0x80, 0x80, 0xff, 0x80, 0x80, 0x80, 0xff, 
  0x80, 0x80, 0x80, 0xff, 0x80, 0x80, 0x80, 0xff, 0x80, 0x80, 0x80, 0xff, 0x80, 0x80, 0x80, 0xff, 0x80, 0x80, 0x80, 0xff, 0x80, 0x80, 0x80, 0xff, 0x80, 0x80, 0x80, 0xff, 
  0x80, 0x80, 0x80, 0xff, 0x80, 0x80, 0x80, 0xff, 0x80, 0x80, 0x80, 0xff, 0x80, 0x80, 0x80, 0xff, 0x80, 0x80, 0x80, 0xff, 0x80, 0x80, 0x80, 0xff, 0x80, 0x80, 0x80, 0xff, 
  0x80, 0x80, 0x80, 0xff, 0x80, 0x80, 0x80, 0xff, 0x80, 0x80, 0x80, 0xff, 0x80, 0x80, 0x80, 0xff, 0x80, 0x80, 0x80, 0xff, 0x80, 0x80, 0x80, 0xff, 0x80, 0x80, 0x80, 0xff, 
  0x80, 0x80, 0x80, 0xff, 0x80, 0x80, 0x80, 0xff, 0x80, 0x80, 0x80, 0xff, 0x80, 0x80, 0x80, 0xff, 0x80, 0x80, 0x80, 0xff, 0x80, 0x80, 0x80, 0xff, 0x80, 0x80, 0x80, 0xff, 
  0x80, 0x80, 0x80, 0xff, 0x80, 0x80, 0x80, 0xff, 0x80, 0x80, 0x80, 0xff, 0x80, 0x80, 0x80, 0xff, 0x80, 0x80, 0x80, 0xff, 0x81, 0x81, 0x81, 0xfc, 0x80, 0x80, 0x80, 0xff, 
  0xa7, 0xa7, 0xa7, 0xc9, 0xf9, 0xf9, 0xf9, 0xf4, 0xff, 0xff, 0xff, 0xff, 0xff, 0xff, 0xff, 0xfe, 0xff, 0xff, 0xff, 0xff, 0xff, 0xff, 0xff, 0xff, 0xff, 0xff, 0xff, 0xff, 
  0xff, 0xff, 0xff, 0xff, 0xff, 0xff, 0xff, 0xff, 0xff, 0xff, 0xff, 0xff, 0xff, 0xff, 0xff, 0xff, 0xff, 0xff, 0xff, 0xff, 0xff, 0xff, 0xff, 0xff, 0xff, 0xff, 0xff, 0xff, 
  0xff, 0xff, 0xff, 0xff, 0xff, 0xff, 0xff, 0xff, 0xff, 0xff, 0xff, 0xff, 0xff, 0xff, 0xff, 0xff, 0xff, 0xff, 0xff, 0xff, 0xff, 0xff, 0xff, 0xff, 0xff, 0xff, 0xff, 0xff, 
  0xff, 0xff, 0xff, 0xff, 0xff, 0xff, 0xff, 0xff, 0xff, 0xff, 0xff, 0xff, 0xff, 0xff, 0xff, 0xfe, 0xff, 0xff, 0xff, 0xff, 0xfb, 0xfb, 0xfb, 0xf6, 0xa9, 0xa9, 0xa9, 0xc7, 
  0x80, 0x80, 0x80, 0xff, 0x81, 0x81, 0x81, 0xfc, 0x80, 0x80, 0x80, 0xff, 0x80, 0x80, 0x80, 0xff, 0x80, 0x80, 0x80, 0xff, 0x80, 0x80, 0x80, 0xff, 0x80, 0x80, 0x80, 0xff, 
  0x80, 0x80, 0x80, 0xff, 0x80, 0x80, 0x80, 0xff, 0x80, 0x80, 0x80, 0xff, 0x80, 0x80, 0x80, 0xff, 0x80, 0x80, 0x80, 0xff, 0x80, 0x80, 0x80, 0xff, 0x80, 0x80, 0x80, 0xff, 
  0x80, 0x80, 0x80, 0xff, 0x80, 0x80, 0x80, 0xff, 0x80, 0x80, 0x80, 0xff, 0x80, 0x80, 0x80, 0xff, 0x80, 0x80, 0x80, 0xff, 0x80, 0x80, 0x80, 0xff, 0x80, 0x80, 0x80, 0xff, 
  0x80, 0x80, 0x80, 0xff, 0x80, 0x80, 0x80, 0xff, 0x80, 0x80, 0x80, 0xff, 0x80, 0x80, 0x80, 0xff, 0x80, 0x80, 0x80, 0xff, 0x80, 0x80, 0x80, 0xff, 0x80, 0x80, 0x80, 0xff, 
  0x80, 0x80, 0x80, 0xff, 0x80, 0x80, 0x80, 0xff, 0x80, 0x80, 0x80, 0xff, 0x80, 0x80, 0x80, 0xff, 0x80, 0x80, 0x80, 0xff, 0x80, 0x80, 0x80, 0xff, 0x80, 0x80, 0x80, 0xff, 
  0x80, 0x80, 0x80, 0xff, 0x80, 0x80, 0x80, 0xff, 0x80, 0x80, 0x80, 0xff, 0x80, 0x80, 0x80, 0xff, 0x80, 0x80, 0x80, 0xff, 0x80, 0x80, 0x80, 0xff, 0x80, 0x80, 0x80, 0xff, 
  0x80, 0x80, 0x80, 0xff, 0x80, 0x80, 0x80, 0xff, 0x80, 0x80, 0x80, 0xff, 0x80, 0x80, 0x80, 0xff, 0x80, 0x80, 0x80, 0xff, 0x80, 0x80, 0x80, 0xff, 0x80, 0x80, 0x80, 0xff, 
  0x80, 0x80, 0x80, 0xff, 0x80, 0x80, 0x80, 0xff, 0x80, 0x80, 0x80, 0xff, 0x80, 0x80, 0x80, 0xff, 0x80, 0x80, 0x80, 0xff, 0x80, 0x80, 0x80, 0xff, 0x80, 0x80, 0x80, 0xff, 
  0x80, 0x80, 0x80, 0xff, 0x80, 0x80, 0x80, 0xff, 0x80, 0x80, 0x80, 0xff, 0x80, 0x80, 0x80, 0xff, 0x80, 0x80, 0x80, 0xff, 0x80, 0x80, 0x80, 0xff, 0x80, 0x80, 0x80, 0xff, 
  0x80, 0x80, 0x80, 0xff, 0x80, 0x80, 0x80, 0xff, 0x80, 0x80, 0x80, 0xff, 0x80, 0x80, 0x80, 0xff, 0x80, 0x80, 0x80, 0xff, 0x80, 0x80, 0x80, 0xff, 0x80, 0x80, 0x80, 0xff, 
  0x80, 0x80, 0x80, 0xff, 0x80, 0x80, 0x80, 0xff, 0x80, 0x80, 0x80, 0xff, 0x80, 0x80, 0x80, 0xff, 0x80, 0x80, 0x80, 0xff, 0x80, 0x80, 0x80, 0xff, 0x80, 0x80, 0x80, 0xff, 
  0x80, 0x80, 0x80, 0xff, 0x80, 0x80, 0x80, 0xff, 0x80, 0x80, 0x80, 0xff, 0x80, 0x80, 0x80, 0xfe, 0x81, 0x81, 0x81, 0xfd, 0x80, 0x80, 0x80, 0xff, 0xa6, 0xa6, 0xa6, 0xc9, 
  0xf8, 0xf8, 0xf8, 0xf1, 0xff, 0xff, 0xff, 0xff, 0xff, 0xff, 0xff, 0xfe, 0xff, 0xff, 0xff, 0xff, 0xff, 0xff, 0xff, 0xff, 0xff, 0xff, 0xff, 0xff, 0xff, 0xff, 0xff, 0xff, 
  0xff, 0xff, 0xff, 0xff, 0xff, 0xff, 0xff, 0xff, 0xff, 0xff, 0xff, 0xff, 0xff, 0xff, 0xff, 0xff, 0xff, 0xff, 0xff, 0xff, 0xff, 0xff, 0xff, 0xff, 0xff, 0xff, 0xff, 0xff, 
  0xff, 0xff, 0xff, 0xff, 0xff, 0xff, 0xff, 0xff, 0xff, 0xff, 0xff, 0xff, 0xff, 0xff, 0xff, 0xff, 0xff, 0xff, 0xff, 0xff, 0xff, 0xff, 0xff, 0xff, 0xff, 0xff, 0xff, 0xff, 
  0xff, 0xff, 0xff, 0xff, 0xff, 0xff, 0xff, 0xff, 0xff, 0xff, 0xff, 0xff, 0xff, 0xff, 0xff, 0xff, 0xfe, 0xfe, 0xfe, 0xfd, 0xfe, 0xfe, 0xfe, 0xfd, 0xf9, 0xf9, 0xf9, 0xf3, 
  0xa8, 0xa8, 0xa8, 0xc8, 0x80, 0x80, 0x80, 0xff, 0x80, 0x80, 0x80, 0xfe, 0x80, 0x80, 0x80, 0xfe, 0x80, 0x80, 0x80, 0xff, 0x80, 0x80, 0x80, 0xff, 0x80, 0x80, 0x80, 0xff, 
  0x80, 0x80, 0x80, 0xff, 0x80, 0x80, 0x80, 0xff, 0x80, 0x80, 0x80, 0xff, 0x80, 0x80, 0x80, 0xff, 0x80, 0x80, 0x80, 0xff, 0x80, 0x80, 0x80, 0xff, 0x80, 0x80, 0x80, 0xff, 
  0x80, 0x80, 0x80, 0xff, 0x80, 0x80, 0x80, 0xff, 0x80, 0x80, 0x80, 0xff, 0x80, 0x80, 0x80, 0xff, 0x80, 0x80, 0x80, 0xff, 0x80, 0x80, 0x80, 0xff, 0x80, 0x80, 0x80, 0xff, 
  0x80, 0x80, 0x80, 0xff, 0x80, 0x80, 0x80, 0xff, 0x80, 0x80, 0x80, 0xff, 0x80, 0x80, 0x80, 0xff, 0x80, 0x80, 0x80, 0xff, 0x80, 0x80, 0x80, 0xff, 0x80, 0x80, 0x80, 0xff, 
  0x80, 0x80, 0x80, 0xff, 0x80, 0x80, 0x80, 0xff, 0x80, 0x80, 0x80, 0xff, 0x80, 0x80, 0x80, 0xff, 0x80, 0x80, 0x80, 0xff, 0x80, 0x80, 0x80, 0xff, 0x80, 0x80, 0x80, 0xff, 
  0x80, 0x80, 0x80, 0xff, 0x80, 0x80, 0x80, 0xff, 0x80, 0x80, 0x80, 0xff, 0x80, 0x80, 0x80, 0xff, 0x80, 0x80, 0x80, 0xff, 0x80, 0x80, 0x80, 0xff, 0x80, 0x80, 0x80, 0xff, 
  0x80, 0x80, 0x80, 0xff, 0x80, 0x80, 0x80, 0xff, 0x80, 0x80, 0x80, 0xff, 0x80, 0x80, 0x80, 0xff, 0x80, 0x80, 0x80, 0xff, 0x80, 0x80, 0x80, 0xff, 0x80, 0x80, 0x80, 0xff, 
  0x80, 0x80, 0x80, 0xff, 0x80, 0x80, 0x80, 0xff, 0x80, 0x80, 0x80, 0xff, 0x80, 0x80, 0x80, 0xff, 0x80, 0x80, 0x80, 0xff, 0x80, 0x80, 0x80, 0xff, 0x80, 0x80, 0x80, 0xff, 
  0x80, 0x80, 0x80, 0xff, 0x80, 0x80, 0x80, 0xff, 0x80, 0x80, 0x80, 0xff, 0x80, 0x80, 0x80, 0xff, 0x80, 0x80, 0x80, 0xff, 0x80, 0x80, 0x80, 0xff, 0x80, 0x80, 0x80, 0xff, 
  0x80, 0x80, 0x80, 0xff, 0x80, 0x80, 0x80, 0xff, 0x80, 0x80, 0x80, 0xff, 0x80, 0x80, 0x80, 0xff, 0x80, 0x80, 0x80, 0xff, 0x80, 0x80, 0x80, 0xff, 0x80, 0x80, 0x80, 0xff, 
  0x80, 0x80, 0x80, 0xff, 0x80, 0x80, 0x80, 0xff, 0x80, 0x80, 0x80, 0xff, 0x80, 0x80, 0x80, 0xff, 0x80, 0x80, 0x80, 0xff, 0x80, 0x80, 0x80, 0xff, 0x80, 0x80, 0x80, 0xff, 
  0x80, 0x80, 0x80, 0xff, 0x80, 0x80, 0x80, 0xff, 0x80, 0x80, 0x80, 0xff, 0x81, 0x81, 0x81, 0xfd, 0x80, 0x80, 0x80, 0xff, 0xa7, 0xa7, 0xa7, 0xc9, 0xf8, 0xf8, 0xf8, 0xf2, 
  0xff, 0xff, 0xff, 0xff, 0xfe, 0xfe, 0xfe, 0xfd, 0xff, 0xff, 0xff, 0xff, 0xff, 0xff, 0xff, 0xff, 0xff, 0xff, 0xff, 0xff, 0xff, 0xff, 0xff, 0xff, 0xff, 0xff, 0xff, 0xff, 
  0xff, 0xff, 0xff, 0xff, 0xff, 0xff, 0xff, 0xff, 0xff, 0xff, 0xff, 0xff, 0xff, 0xff, 0xff, 0xff, 0xff, 0xff, 0xff, 0xff, 0xff, 0xff, 0xff, 0xff, 0xff, 0xff, 0xff, 0xff, 
  0xff, 0xff, 0xff, 0xff, 0xff, 0xff, 0xff, 0xff, 0xff, 0xff, 0xff, 0xff, 0xff, 0xff, 0xff, 0xff, 0xff, 0xff, 0xff, 0xff, 0xff, 0xff, 0xff, 0xff, 0xff, 0xff, 0xff, 0xff, 
  0xff, 0xff, 0xff, 0xff, 0xff, 0xff, 0xff, 0xff, 0xff, 0xff, 0xff, 0xff, 0xff, 0xff, 0xff, 0xff, 0xff, 0xff, 0xff, 0xff, 0xfe, 0xfe, 0xfe, 0xfd, 0xff, 0xff, 0xff, 0xff, 
  0xf9, 0xf9, 0xf9, 0xf4, 0xa8, 0xa8, 0xa8, 0xc8, 0x80, 0x80, 0x80, 0xff, 0x81, 0x81, 0x81, 0xfd, 0x80, 0x80, 0x80, 0xff, 0x80, 0x80, 0x80, 0xff, 0x80, 0x80, 0x80, 0xff, 
  0x80, 0x80, 0x80, 0xff, 0x80, 0x80, 0x80, 0xff, 0x80, 0x80, 0x80, 0xff, 0x80, 0x80, 0x80, 0xff, 0x80, 0x80, 0x80, 0xff, 0x80, 0x80, 0x80, 0xff, 0x80, 0x80, 0x80, 0xff, 
  0x80, 0x80, 0x80, 0xff, 0x80, 0x80, 0x80, 0xff, 0x80, 0x80, 0x80, 0xff, 0x80, 0x80, 0x80, 0xff, 0x80, 0x80, 0x80, 0xff, 0x80, 0x80, 0x80, 0xff, 0x80, 0x80, 0x80, 0xff, 
  0x80, 0x80, 0x80, 0xff, 0x80, 0x80, 0x80, 0xff, 0x80, 0x80, 0x80, 0xff, 0x80, 0x80, 0x80, 0xff, 0x80, 0x80, 0x80, 0xff, 0x80, 0x80, 0x80, 0xff, 0x80, 0x80, 0x80, 0xff, 
  0x80, 0x80, 0x80, 0xff, 0x80, 0x80, 0x80, 0xff, 0x80, 0x80, 0x80, 0xff, 0x80, 0x80, 0x80, 0xff, 0x80, 0x80, 0x80, 0xff, 0x80, 0x80, 0x80, 0xff, 0x80, 0x80, 0x80, 0xff, 
  0x80, 0x80, 0x80, 0xff, 0x80, 0x80, 0x80, 0xff, 0x80, 0x80, 0x80, 0xff, 0x80, 0x80, 0x80, 0xff, 0x80, 0x80, 0x80, 0xff, 0x80, 0x80, 0x80, 0xff, 0x80, 0x80, 0x80, 0xff, 
  0x80, 0x80, 0x80, 0xff, 0x80, 0x80, 0x80, 0xff, 0x80, 0x80, 0x80, 0xff, 0x80, 0x80, 0x80, 0xff, 0x80, 0x80, 0x80, 0xff, 0x80, 0x80, 0x80, 0xff, 0x80, 0x80, 0x80, 0xff, 
  0x80, 0x80, 0x80, 0xff, 0x80, 0x80, 0x80, 0xff, 0x80, 0x80, 0x80, 0xff, 0x80, 0x80, 0x80, 0xff, 0x80, 0x80, 0x80, 0xff, 0x80, 0x80, 0x80, 0xff, 0x80, 0x80, 0x80, 0xff, 
  0x80, 0x80, 0x80, 0xff, 0x80, 0x80, 0x80, 0xff, 0x80, 0x80, 0x80, 0xff, 0x80, 0x80, 0x80, 0xff, 0x80, 0x80, 0x80, 0xff, 0x80, 0x80, 0x80, 0xff, 0x80, 0x80, 0x80, 0xff, 
  0x80, 0x80, 0x80, 0xff, 0x80, 0x80, 0x80, 0xff, 0x80, 0x80, 0x80, 0xff, 0x80, 0x80, 0x80, 0xfe, 0x81, 0x81, 0x81, 0xfd, 0x81, 0x81, 0x81, 0xfd, 0x81, 0x81, 0x81, 0xfd, 
  0x81, 0x81, 0x81, 0xfd, 0x81, 0x81, 0x81, 0xfd, 0x81, 0x81, 0x81, 0xfd, 0x81, 0x81, 0x81, 0xfd, 0x81, 0x81, 0x81, 0xfd, 0x81, 0x81, 0x81, 0xfd, 0x81, 0x81, 0x81, 0xfd, 
  0x81, 0x81, 0x81, 0xfd, 0x81, 0x81, 0x81, 0xfd, 0x82, 0x82, 0x82, 0xfb, 0x80, 0x80, 0x80, 0xff, 0xa7, 0xa7, 0xa7, 0xc8, 0xfb, 0xfb, 0xfb, 0xf7, 0xff, 0xff, 0xff, 0xff, 
  0xfe, 0xfe, 0xfe, 0xfd, 0xff, 0xff, 0xff, 0xff, 0xff, 0xff, 0xff, 0xff, 0xff, 0xff, 0xff, 0xff, 0xff, 0xff, 0xff, 0xff, 0xff, 0xff, 0xff, 0xff, 0xff, 0xff, 0xff, 0xff, 
  0xff, 0xff, 0xff, 0xff, 0xff, 0xff, 0xff, 0xff, 0xff, 0xff, 0xff, 0xff, 0xff, 0xff, 0xff, 0xff, 0xff, 0xff, 0xff, 0xff, 0xff, 0xff, 0xff, 0xff, 0xff, 0xff, 0xff, 0xff, 
  0xff, 0xff, 0xff, 0xff, 0xff, 0xff, 0xff, 0xff, 0xff, 0xff, 0xff, 0xff, 0xff, 0xff, 0xff, 0xff, 0xff, 0xff, 0xff, 0xff, 0xff, 0xff, 0xff, 0xff, 0xff, 0xff, 0xff, 0xff, 
  0xff, 0xff, 0xff, 0xff, 0xff, 0xff, 0xff, 0xff, 0xff, 0xff, 0xff, 0xff, 0xff, 0xff, 0xff, 0xff, 0xff, 0xff, 0xff, 0xff, 0xff, 0xff, 0xff, 0xff, 0xfe, 0xfe, 0xfe, 0xfd, 
  0xff, 0xff, 0xff, 0xff, 0xfc, 0xfc, 0xfc, 0xf9, 0xa9, 0xa9, 0xa9, 0xc7, 0x80, 0x80, 0x80, 0xff, 0x82, 0x82, 0x82, 0xfb, 0x81, 0x81, 0x81, 0xfd, 0x81, 0x81, 0x81, 0xfd, 
  0x81, 0x81, 0x81, 0xfd, 0x81, 0x81, 0x81, 0xfd, 0x81, 0x81, 0x81, 0xfd, 0x81, 0x81, 0x81, 0xfd, 0x81, 0x81, 0x81, 0xfd, 0x81, 0x81, 0x81, 0xfd, 0x81, 0x81, 0x81, 0xfd, 
  0x81, 0x81, 0x81, 0xfd, 0x81, 0x81, 0x81, 0xfd, 0x81, 0x81, 0x81, 0xfd, 0x80, 0x80, 0x80, 0xfe, 0x80, 0x80, 0x80, 0xff, 0x80, 0x80, 0x80, 0xff, 0x80, 0x80, 0x80, 0xff, 
  0x80, 0x80, 0x80, 0xff, 0x80, 0x80, 0x80, 0xff, 0x80, 0x80, 0x80, 0xff, 0x80, 0x80, 0x80, 0xff, 0x80, 0x80, 0x80, 0xff, 0x80, 0x80, 0x80, 0xff, 0x80, 0x80, 0x80, 0xff, 
  0x80, 0x80, 0x80, 0xff, 0x80, 0x80, 0x80, 0xff, 0x80, 0x80, 0x80, 0xff, 0x80, 0x80, 0x80, 0xff, 0x80, 0x80, 0x80, 0xff, 0x80, 0x80, 0x80, 0xff, 0x80, 0x80, 0x80, 0xff, 
  0x80, 0x80, 0x80, 0xff, 0x80, 0x80, 0x80, 0xff, 0x80, 0x80, 0x80, 0xff, 0x80, 0x80, 0x80, 0xff, 0x80, 0x80, 0x80, 0xff, 0x80, 0x80, 0x80, 0xff, 0x80, 0x80, 0x80, 0xff, 
  0x80, 0x80, 0x80, 0xff, 0x80, 0x80, 0x80, 0xff, 0x80, 0x80, 0x80, 0xff, 0x80, 0x80, 0x80, 0xff, 0x80, 0x80, 0x80, 0xff, 0x80, 0x80, 0x80, 0xff, 0x80, 0x80, 0x80, 0xff, 
  0x80, 0x80, 0x80, 0xff, 0x80, 0x80, 0x80, 0xff, 0x80, 0x80, 0x80, 0xff, 0x80, 0x80, 0x80, 0xff, 0x80, 0x80, 0x80, 0xff, 0x80, 0x80, 0x80, 0xff, 0x80, 0x80, 0x80, 0xff, 
  0x80, 0x80, 0x80, 0xff, 0x80, 0x80, 0x80, 0xff, 0x80, 0x80, 0x80, 0xff, 0x80, 0x80, 0x80, 0xff, 0x80, 0x80, 0x80, 0xff, 0x80, 0x80, 0x80, 0xff, 0x80, 0x80, 0x80, 0xff, 
  0x80, 0x80, 0x80, 0xff, 0x80, 0x80, 0x80, 0xfe, 0x82, 0x82, 0x82, 0xfb, 0x80, 0x80, 0x80, 0xfe, 0x80, 0x80, 0x80, 0xff, 0x80, 0x80, 0x80, 0xff, 0x80, 0x80, 0x80, 0xff, 
  0x80, 0x80, 0x80, 0xff, 0x80, 0x80, 0x80, 0xff, 0x80, 0x80, 0x80, 0xff, 0x80, 0x80, 0x80, 0xff, 0x80, 0x80, 0x80, 0xff, 0x80, 0x80, 0x80, 0xff, 0x80, 0x80, 0x80, 0xff, 
  0x80, 0x80, 0x80, 0xff, 0x80, 0x80, 0x80, 0xff, 0x80, 0x80, 0x80, 0xff, 0xa6, 0xa6, 0xa6, 0xca, 0xf9, 0xf9, 0xf9, 0xf4, 0xff, 0xff, 0xff, 0xff, 0xfe, 0xfe, 0xfe, 0xfd, 
  0xff, 0xff, 0xff, 0xff, 0xff, 0xff, 0xff, 0xff, 0xff, 0xff, 0xff, 0xff, 0xff, 0xff, 0xff, 0xff, 0xff, 0xff, 0xff, 0xff, 0xff, 0xff, 0xff, 0xff, 0xff, 0xff, 0xff, 0xff, 
  0xff, 0xff, 0xff, 0xff, 0xff, 0xff, 0xff, 0xff, 0xff, 0xff, 0xff, 0xff, 0xff, 0xff, 0xff, 0xff, 0xff, 0xff, 0xff, 0xff, 0xff, 0xff, 0xff, 0xff, 0xff, 0xff, 0xff, 0xff, 
  0xff, 0xff, 0xff, 0xff, 0xff, 0xff, 0xff, 0xff, 0xff, 0xff, 0xff, 0xff, 0xff, 0xff, 0xff, 0xff, 0xff, 0xff, 0xff, 0xff, 0xff, 0xff, 0xff, 0xff, 0xff, 0xff, 0xff, 0xff, 
  0xff, 0xff, 0xff, 0xff, 0xff, 0xff, 0xff, 0xff, 0xff, 0xff, 0xff, 0xff, 0xff, 0xff, 0xff, 0xff, 0xff, 0xff, 0xff, 0xff, 0xff, 0xff, 0xff, 0xff, 0xff, 0xff, 0xff, 0xff, 
  0xfe, 0xfe, 0xfe, 0xfd, 0xff, 0xff, 0xff, 0xff, 0xfa, 0xfa, 0xfa, 0xf5, 0xa8, 0xa8, 0xa8, 0xc8, 0x80, 0x80, 0x80, 0xff, 0x80, 0x80, 0x80, 0xff, 0x80, 0x80, 0x80, 0xff, 
  0x80, 0x80, 0x80, 0xff, 0x80, 0x80, 0x80, 0xff, 0x80, 0x80, 0x80, 0xff, 0x80, 0x80, 0x80, 0xff, 0x80, 0x80, 0x80, 0xff, 0x80, 0x80, 0x80, 0xff, 0x80, 0x80, 0x80, 0xff, 
  0x80, 0x80, 0x80, 0xff, 0x80, 0x80, 0x80, 0xff, 0x80, 0x80, 0x80, 0xff, 0x80, 0x80, 0x80, 0xfe, 0x82, 0x82, 0x82, 0xfb, 0x80, 0x80, 0x80, 0xfe, 0x80, 0x80, 0x80, 0xff, 
  0x80, 0x80, 0x80, 0xff, 0x80, 0x80, 0x80, 0xff, 0x80, 0x80, 0x80, 0xff, 0x80, 0x80, 0x80, 0xff, 0x80, 0x80, 0x80, 0xff, 0x80, 0x80, 0x80, 0xff, 0x80, 0x80, 0x80, 0xff, 
  0x80, 0x80, 0x80, 0xff, 0x80, 0x80, 0x80, 0xff, 0x80, 0x80, 0x80, 0xff, 0x80, 0x80, 0x80, 0xff, 0x80, 0x80, 0x80, 0xff, 0x80, 0x80, 0x80, 0xff, 0x80, 0x80, 0x80, 0xff, 
  0x80, 0x80, 0x80, 0xff, 0x80, 0x80, 0x80, 0xff, 0x80, 0x80, 0x80, 0xff, 0x80, 0x80, 0x80, 0xff, 0x80, 0x80, 0x80, 0xff, 0x80, 0x80, 0x80, 0xff, 0x80, 0x80, 0x80, 0xff, 
  0x80, 0x80, 0x80, 0xff, 0x80, 0x80, 0x80, 0xff, 0x80, 0x80, 0x80, 0xff, 0x80, 0x80, 0x80, 0xff, 0x80, 0x80, 0x80, 0xff, 0x80, 0x80, 0x80, 0xff, 0x80, 0x80, 0x80, 0xff, 
  0x80, 0x80, 0x80, 0xff, 0x80, 0x80, 0x80, 0xff, 0x80, 0x80, 0x80, 0xff, 0x80, 0x80, 0x80, 0xff, 0x80, 0x80, 0x80, 0xff, 0x80, 0x80, 0x80, 0xff, 0x80, 0x80, 0x80, 0xff, 
  0x80, 0x80, 0x80, 0xff, 0x80, 0x80, 0x80, 0xff, 0x80, 0x80, 0x80, 0xff, 0x80, 0x80, 0x80, 0xff, 0x80, 0x80, 0x80, 0xff, 0x80, 0x80, 0x80, 0xff, 0x80, 0x80, 0x80, 0xff, 
  0x80, 0x80, 0x80, 0xfe, 0x80, 0x80, 0x80, 0xff, 0x80, 0x80, 0x80, 0xff, 0x80, 0x80, 0x80, 0xfe, 0x8e, 0x8e, 0x8e, 0xe5, 0x90, 0x90, 0x90, 0xe3, 0x8f, 0x8f, 0x8f, 0xe4, 
  0x8f, 0x8f, 0x8f, 0xe4, 0x8f, 0x8f, 0x8f, 0xe4, 0x8f, 0x8f, 0x8f, 0xe4, 0x8f, 0x8f, 0x8f, 0xe4, 0x8f, 0x8f, 0x8f, 0xe4, 0x8f, 0x8f, 0x8f, 0xe4, 0x8f, 0x8f, 0x8f, 0xe4, 
  0x90, 0x90, 0x90, 0xe2, 0x8d, 0x8d, 0x8d, 0xe8, 0xab, 0xab, 0xab, 0xc6, 0xf6, 0xf6, 0xf6, 0xee, 0xff, 0xff, 0xff, 0xff, 0xff, 0xff, 0xff, 0xfe, 0xff, 0xff, 0xff, 0xff, 
  0xff, 0xff, 0xff, 0xff, 0xff, 0xff, 0xff, 0xff, 0xff, 0xff, 0xff, 0xff, 0xff, 0xff, 0xff, 0xff, 0xff, 0xff, 0xff, 0xff, 0xff, 0xff, 0xff, 0xff, 0xff, 0xff, 0xff, 0xff, 
  0xff, 0xff, 0xff, 0xff, 0xff, 0xff, 0xff, 0xff, 0xff, 0xff, 0xff, 0xff, 0xff, 0xff, 0xff, 0xff, 0xff, 0xff, 0xff, 0xff, 0xff, 0xff, 0xff, 0xff, 0xff, 0xff, 0xff, 0xff, 
  0xff, 0xff, 0xff, 0xff, 0xff, 0xff, 0xff, 0xff, 0xff, 0xff, 0xff, 0xff, 0xff, 0xff, 0xff, 0xff, 0xff, 0xff, 0xff, 0xff, 0xff, 0xff, 0xff, 0xff, 0xff, 0xff, 0xff, 0xff, 
  0xff, 0xff, 0xff, 0xff, 0xff, 0xff, 0xff, 0xff, 0xff, 0xff, 0xff, 0xff, 0xff, 0xff, 0xff, 0xff, 0xff, 0xff, 0xff, 0xff, 0xff, 0xff, 0xff, 0xff, 0xff, 0xff, 0xff, 0xff, 
  0xff, 0xff, 0xff, 0xff, 0xff, 0xff, 0xff, 0xfe, 0xff, 0xff, 0xff, 0xff, 0xf7, 0xf7, 0xf7, 0xf0, 0xac, 0xac, 0xac, 0xc5, 0x8d, 0x8d, 0x8d, 0xe8, 0x90, 0x90, 0x90, 0xe2, 
  0x8f, 0x8f, 0x8f, 0xe4, 0x8f, 0x8f, 0x8f, 0xe4, 0x8f, 0x8f, 0x8f, 0xe4, 0x8f, 0x8f, 0x8f, 0xe4, 0x8f, 0x8f, 0x8f, 0xe4, 0x8f, 0x8f, 0x8f, 0xe4, 0x8f, 0x8f, 0x8f, 0xe4, 
  0x8f, 0x8f, 0x8f, 0xe4, 0x90, 0x90, 0x90, 0xe3, 0x8e, 0x8e, 0x8e, 0xe6, 0x80, 0x80, 0x80, 0xff, 0x80, 0x80, 0x80, 0xff, 0x80, 0x80, 0x80, 0xff, 0x80, 0x80, 0x80, 0xfe, 
  0x80, 0x80, 0x80, 0xff, 0x80, 0x80, 0x80, 0xff, 0x80, 0x80, 0x80, 0xff, 0x80, 0x80, 0x80, 0xff, 0x80, 0x80, 0x80, 0xff, 0x80, 0x80, 0x80, 0xff, 0x80, 0x80, 0x80, 0xff, 
  0x80, 0x80, 0x80, 0xff, 0x80, 0x80, 0x80, 0xff, 0x80, 0x80, 0x80, 0xff, 0x80, 0x80, 0x80, 0xff, 0x80, 0x80, 0x80, 0xff, 0x80, 0x80, 0x80, 0xff, 0x80, 0x80, 0x80, 0xff, 
  0x80, 0x80, 0x80, 0xff, 0x80, 0x80, 0x80, 0xff, 0x80, 0x80, 0x80, 0xff, 0x80, 0x80, 0x80, 0xff, 0x80, 0x80, 0x80, 0xff, 0x80, 0x80, 0x80, 0xff, 0x80, 0x80, 0x80, 0xff, 
  0x80, 0x80, 0x80, 0xff, 0x80, 0x80, 0x80, 0xff, 0x80, 0x80, 0x80, 0xff, 0x80, 0x80, 0x80, 0xff, 0x80, 0x80, 0x80, 0xff, 0x80, 0x80, 0x80, 0xff, 0x80, 0x80, 0x80, 0xff, 
  0x80, 0x80, 0x80, 0xff, 0x80, 0x80, 0x80, 0xff, 0x80, 0x80, 0x80, 0xff, 0x80, 0x80, 0x80, 0xff, 0x80, 0x80, 0x80, 0xff, 0x80, 0x80, 0x80, 0xff, 0x80, 0x80, 0x80, 0xff, 
  0x80, 0x80, 0x80, 0xff, 0x80, 0x80, 0x80, 0xff, 0x80, 0x80, 0x80, 0xff, 0x80, 0x80, 0x80, 0xff, 0x80, 0x80, 0x80, 0xff, 0x80, 0x80, 0x80, 0xfe, 0x80, 0x80, 0x80, 0xff, 
  0x80, 0x80, 0x80, 0xff, 0x98, 0x98, 0x98, 0xd8, 0xcc, 0xcc, 0xcc, 0xc2, 0xe5, 0xe5, 0xe5, 0xd6, 0xed, 0xed, 0xed, 0xdf, 0xee, 0xee, 0xee, 0xe2, 0xee, 0xee, 0xee, 0xe1, 
  0xee, 0xee, 0xee, 0xe1, 0xee, 0xee, 0xee, 0xe1, 0xee, 0xee, 0xee, 0xe1, 0xee, 0xee, 0xee, 0xe1, 0xee, 0xee, 0xee, 0xe1, 0xee, 0xee, 0xee, 0xe1, 0xee, 0xee, 0xee, 0xe1, 
  0xee, 0xee, 0xee, 0xe2, 0xec, 0xec, 0xec, 0xdf, 0xfc, 0xfc, 0xfc, 0xf8, 0xff, 0xff, 0xff, 0xff, 0xff, 0xff, 0xff, 0xfe, 0xff, 0xff, 0xff, 0xff, 0xff, 0xff, 0xff, 0xff, 
  0xff, 0xff, 0xff, 0xff, 0xff, 0xff, 0xff, 0xff, 0xff, 0xff, 0xff, 0xff, 0xff, 0xff, 0xff, 0xff, 0xff, 0xff, 0xff, 0xff, 0xff, 0xff, 0xff, 0xff, 0xff, 0xff, 0xff, 0xff, 
  0xff, 0xff, 0xff, 0xff, 0xff, 0xff, 0xff, 0xff, 0xff, 0xff, 0xff, 0xff, 0xff, 0xff, 0xff, 0xff, 0xff, 0xff, 0xff, 0xff, 0xff, 0xff, 0xff, 0xff, 0xff, 0xff, 0xff, 0xff, 
  0xff, 0xff, 0xff, 0xff, 0xff, 0xff, 0xff, 0xff, 0xff, 0xff, 0xff, 0xff, 0xff, 0xff, 0xff, 0xff, 0xff, 0xff, 0xff, 0xff, 0xff, 0xff, 0xff, 0xff, 0xff, 0xff, 0xff, 0xff, 
  0xff, 0xff, 0xff, 0xff, 0xff, 0xff, 0xff, 0xff, 0xff, 0xff, 0xff, 0xff, 0xff, 0xff, 0xff, 0xff, 0xff, 0xff, 0xff, 0xff, 0xff, 0xff, 0xff, 0xff, 0xff, 0xff, 0xff, 0xff, 
  0xff, 0xff, 0xff, 0xff, 0xff, 0xff, 0xff, 0xff, 0xff, 0xff, 0xff, 0xfe, 0xff, 0xff, 0xff, 0xff, 0xfb, 0xfb, 0xfb, 0xf7, 0xec, 0xec, 0xec, 0xdf, 0xee, 0xee, 0xee, 0xe2, 
  0xee, 0xee, 0xee, 0xe1, 0xee, 0xee, 0xee, 0xe1, 0xee, 0xee, 0xee, 0xe1, 0xee, 0xee, 0xee, 0xe1, 0xee, 0xee, 0xee, 0xe1, 0xee, 0xee, 0xee, 0xe1, 0xee, 0xee, 0xee, 0xe1, 
  0xee, 0xee, 0xee, 0xe1, 0xee, 0xee, 0xee, 0xe2, 0xed, 0xed, 0xed, 0xdf, 0xe5, 0xe5, 0xe5, 0xd6, 0xcc, 0xcc, 0xcc, 0xc2, 0x98, 0x98, 0x98, 0xd8, 0x80, 0x80, 0x80, 0xff, 
  0x80, 0x80, 0x80, 0xff, 0x80, 0x80, 0x80, 0xfe, 0x80, 0x80, 0x80, 0xff, 0x80, 0x80, 0x80, 0xff, 0x80, 0x80, 0x80, 0xff, 0x80, 0x80, 0x80, 0xff, 0x80, 0x80, 0x80, 0xff, 
  0x80, 0x80, 0x80, 0xff, 0x80, 0x80, 0x80, 0xff, 0x80, 0x80, 0x80, 0xff, 0x80, 0x80, 0x80, 0xff, 0x80, 0x80, 0x80, 0xff, 0x80, 0x80, 0x80, 0xff, 0x80, 0x80, 0x80, 0xff, 
  0x80, 0x80, 0x80, 0xff, 0x80, 0x80, 0x80, 0xff, 0x80, 0x80, 0x80, 0xff, 0x80, 0x80, 0x80, 0xff, 0x80, 0x80, 0x80, 0xff, 0x80, 0x80, 0x80, 0xff, 0x80, 0x80, 0x80, 0xff, 
  0x80, 0x80, 0x80, 0xff, 0x80, 0x80, 0x80, 0xff, 0x80, 0x80, 0x80, 0xff, 0x80, 0x80, 0x80, 0xff, 0x80, 0x80, 0x80, 0xff, 0x80, 0x80, 0x80, 0xff, 0x80, 0x80, 0x80, 0xff, 
  0x80, 0x80, 0x80, 0xff, 0x80, 0x80, 0x80, 0xff, 0x80, 0x80, 0x80, 0xff, 0x80, 0x80, 0x80, 0xff, 0x80, 0x80, 0x80, 0xff, 0x80, 0x80, 0x80, 0xff, 0x80, 0x80, 0x80, 0xff, 
  0x80, 0x80, 0x80, 0xff, 0x80, 0x80, 0x80, 0xff, 0x80, 0x80, 0x80, 0xff, 0x80, 0x80, 0x80, 0xff, 0x80, 0x80, 0x80, 0xff, 0x81, 0x81, 0x81, 0xfd, 0x81, 0x81, 0x81, 0xfc, 
  0xbf, 0xbf, 0xbf, 0xbf, 0xfa, 0xfa, 0xfa, 0xf4, 0xff, 0xff, 0xff, 0xff, 0xff, 0xff, 0xff, 0xff, 0xff, 0xff, 0xff, 0xff, 0xff, 0xff, 0xff, 0xff, 0xff, 0xff, 0xff, 0xff, 
  0xff, 0xff, 0xff, 0xff, 0xff, 0xff, 0xff, 0xff, 0xff, 0xff, 0xff, 0xff, 0xff, 0xff, 0xff, 0xff, 0xff, 0xff, 0xff, 0xff, 0xff, 0xff, 0xff, 0xff, 0xff, 0xff, 0xff, 0xff, 
  0xff, 0xff, 0xff, 0xff, 0xff, 0xff, 0xff, 0xff, 0xff, 0xff, 0xff, 0xff, 0xfe, 0xfe, 0xfe, 0xfd, 0xff, 0xff, 0xff, 0xff, 0xff, 0xff, 0xff, 0xff, 0xff, 0xff, 0xff, 0xff, 
  0xff, 0xff, 0xff, 0xff, 0xff, 0xff, 0xff, 0xff, 0xff, 0xff, 0xff, 0xff, 0xff, 0xff, 0xff, 0xff, 0xff, 0xff, 0xff, 0xff, 0xff, 0xff, 0xff, 0xff, 0xff, 0xff, 0xff, 0xff, 
  0xff, 0xff, 0xff, 0xff, 0xff, 0xff, 0xff, 0xff, 0xff, 0xff, 0xff, 0xff, 0xff, 0xff, 0xff, 0xff, 0xff, 0xff, 0xff, 0xff, 0xff, 0xff, 0xff, 0xff, 0xff, 0xff, 0xff, 0xff, 
  0xff, 0xff, 0xff, 0xff, 0xff, 0xff, 0xff, 0xff, 0xff, 0xff, 0xff, 0xff, 0xff, 0xff, 0xff, 0xff, 0xff, 0xff, 0xff, 0xff, 0xff, 0xff, 0xff, 0xff, 0xff, 0xff, 0xff, 0xff, 
  0xff, 0xff, 0xff, 0xff, 0xff, 0xff, 0xff, 0xff, 0xff, 0xff, 0xff, 0xff, 0xff, 0xff, 0xff, 0xff, 0xff, 0xff, 0xff, 0xff, 0xff, 0xff, 0xff, 0xff, 0xff, 0xff, 0xff, 0xff, 
  0xff, 0xff, 0xff, 0xff, 0xff, 0xff, 0xff, 0xff, 0xff, 0xff, 0xff, 0xff, 0xff, 0xff, 0xff, 0xfe, 0xff, 0xff, 0xff, 0xff, 0xff, 0xff, 0xff, 0xff, 0xff, 0xff, 0xff, 0xff, 
  0xff, 0xff, 0xff, 0xff, 0xff, 0xff, 0xff, 0xff, 0xff, 0xff, 0xff, 0xff, 0xff, 0xff, 0xff, 0xff, 0xff, 0xff, 0xff, 0xff, 0xff, 0xff, 0xff, 0xff, 0xff, 0xff, 0xff, 0xff, 
  0xff, 0xff, 0xff, 0xff, 0xff, 0xff, 0xff, 0xff, 0xff, 0xff, 0xff, 0xff, 0xff, 0xff, 0xff, 0xff, 0xff, 0xff, 0xff, 0xff, 0xfa, 0xfa, 0xfa, 0xf4, 0xbf, 0xbf, 0xbf, 0xbf, 
  0x81, 0x81, 0x81, 0xfc, 0x81, 0x81, 0x81, 0xfd, 0x80, 0x80, 0x80, 0xff, 0x80, 0x80, 0x80, 0xff, 0x80, 0x80, 0x80, 0xff, 0x80, 0x80, 0x80, 0xff, 0x80, 0x80, 0x80, 0xff, 
  0x80, 0x80, 0x80, 0xff, 0x80, 0x80, 0x80, 0xff, 0x80, 0x80, 0x80, 0xff, 0x80, 0x80, 0x80, 0xff, 0x80, 0x80, 0x80, 0xff, 0x80, 0x80, 0x80, 0xff, 0x80, 0x80, 0x80, 0xff, 
  0x80, 0x80, 0x80, 0xff, 0x80, 0x80, 0x80, 0xff, 0x80, 0x80, 0x80, 0xff, 0x80, 0x80, 0x80, 0xff, 0x80, 0x80, 0x80, 0xff, 0x80, 0x80, 0x80, 0xff, 0x80, 0x80, 0x80, 0xff, 
  0x80, 0x80, 0x80, 0xff, 0x80, 0x80, 0x80, 0xff, 0x80, 0x80, 0x80, 0xff, 0x80, 0x80, 0x80, 0xff, 0x80, 0x80, 0x80, 0xff, 0x80, 0x80, 0x80, 0xff, 0x80, 0x80, 0x80, 0xff, 
  0x80, 0x80, 0x80, 0xff, 0x80, 0x80, 0x80, 0xff, 0x80, 0x80, 0x80, 0xff, 0x80, 0x80, 0x80, 0xff, 0x80, 0x80, 0x80, 0xff, 0x80, 0x80, 0x80, 0xff, 0x80, 0x80, 0x80, 0xff, 
  0x80, 0x80, 0x80, 0xff, 0x80, 0x80, 0x80, 0xff, 0x80, 0x80, 0x80, 0xff, 0x80, 0x80, 0x80, 0xff, 0x81, 0x81, 0x81, 0xfd, 0x81, 0x81, 0x81, 0xfc, 0xc8, 0xc8, 0xc8, 0xc0, 
  0xff, 0xff, 0xff, 0xff, 0xff, 0xff, 0xff, 0xff, 0xfe, 0xfe, 0xfe, 0xfd, 0xfe, 0xfe, 0xfe, 0xfc, 0xfe, 0xfe, 0xfe, 0xfd, 0xfe, 0xfe, 0xfe, 0xfd, 0xfe, 0xfe, 0xfe, 0xfd, 
  0xfe, 0xfe, 0xfe, 0xfd, 0xfe, 0xfe, 0xfe, 0xfd, 0xfe, 0xfe, 0xfe, 0xfd, 0xfe, 0xfe, 0xfe, 0xfd, 0xfe, 0xfe, 0xfe, 0xfd, 0xfe, 0xfe, 0xfe, 0xfd, 0xfe, 0xfe, 0xfe, 0xfd, 
  0xfe, 0xfe, 0xfe, 0xfd, 0xfe, 0xfe, 0xfe, 0xfd, 0xff, 0xff, 0xff, 0xfe, 0xff, 0xff, 0xff, 0xff, 0xff, 0xff, 0xff, 0xff, 0xff, 0xff, 0xff, 0xff, 0xff, 0xff, 0xff, 0xff, 
  0xff, 0xff, 0xff, 0xff, 0xff, 0xff, 0xff, 0xff, 0xff, 0xff, 0xff, 0xff, 0xff, 0xff, 0xff, 0xff, 0xff, 0xff, 0xff, 0xff, 0xff, 0xff, 0xff, 0xff, 0xff, 0xff, 0xff, 0xff, 
  0xff, 0xff, 0xff, 0xff, 0xff, 0xff, 0xff, 0xff, 0xff, 0xff, 0xff, 0xff, 0xff, 0xff, 0xff, 0xff, 0xff, 0xff, 0xff, 0xff, 0xff, 0xff, 0xff, 0xff, 0xff, 0xff, 0xff, 0xff, 
  0xff, 0xff, 0xff, 0xff, 0xff, 0xff, 0xff, 0xff, 0xff, 0xff, 0xff, 0xff, 0xff, 0xff, 0xff, 0xff, 0xff, 0xff, 0xff, 0xff, 0xff, 0xff, 0xff, 0xff, 0xff, 0xff, 0xff, 0xff, 
  0xff, 0xff, 0xff, 0xff, 0xff, 0xff, 0xff, 0xff, 0xff, 0xff, 0xff, 0xff, 0xff, 0xff, 0xff, 0xff, 0xff, 0xff, 0xff, 0xff, 0xff, 0xff, 0xff, 0xff, 0xff, 0xff, 0xff, 0xff, 
  0xff, 0xff, 0xff, 0xff, 0xff, 0xff, 0xff, 0xff, 0xff, 0xff, 0xff, 0xff, 0xff, 0xff, 0xff, 0xff, 0xff, 0xff, 0xff, 0xfe, 0xfe, 0xfe, 0xfe, 0xfd, 0xfe, 0xfe, 0xfe, 0xfd, 
  0xfe, 0xfe, 0xfe, 0xfd, 0xfe, 0xfe, 0xfe, 0xfd, 0xfe, 0xfe, 0xfe, 0xfd, 0xfe, 0xfe, 0xfe, 0xfd, 0xfe, 0xfe, 0xfe, 0xfd, 0xfe, 0xfe, 0xfe, 0xfd, 0xfe, 0xfe, 0xfe, 0xfd, 
  0xfe, 0xfe, 0xfe, 0xfd, 0xfe, 0xfe, 0xfe, 0xfd, 0xfe, 0xfe, 0xfe, 0xfd, 0xfe, 0xfe, 0xfe, 0xfc, 0xfe, 0xfe, 0xfe, 0xfd, 0xff, 0xff, 0xff, 0xff, 0xff, 0xff, 0xff, 0xff, 
  0xc7, 0xc7, 0xc7, 0xc0, 0x81, 0x81, 0x81, 0xfd, 0x81, 0x81, 0x81, 0xfd, 0x80, 0x80, 0x80, 0xff, 0x80, 0x80, 0x80, 0xff, 0x80, 0x80, 0x80, 0xff, 0x80, 0x80, 0x80, 0xff, 
  0x80, 0x80, 0x80, 0xff, 0x80, 0x80, 0x80, 0xff, 0x80, 0x80, 0x80, 0xff, 0x80, 0x80, 0x80, 0xff, 0x80, 0x80, 0x80, 0xff, 0x80, 0x80, 0x80, 0xff, 0x80, 0x80, 0x80, 0xff, 
  0x80, 0x80, 0x80, 0xff, 0x80, 0x80, 0x80, 0xff, 0x80, 0x80, 0x80, 0xff, 0x80, 0x80, 0x80, 0xff, 0x80, 0x80, 0x80, 0xff, 0x80, 0x80, 0x80, 0xff, 0x80, 0x80, 0x80, 0xff, 
  0x80, 0x80, 0x80, 0xff, 0x80, 0x80, 0x80, 0xff, 0x80, 0x80, 0x80, 0xff, 0x80, 0x80, 0x80, 0xff, 0x80, 0x80, 0x80, 0xff, 0x80, 0x80, 0x80, 0xff, 0x80, 0x80, 0x80, 0xff, 
  0x80, 0x80, 0x80, 0xff, 0x80, 0x80, 0x80, 0xff, 0x80, 0x80, 0x80, 0xff, 0x80, 0x80, 0x80, 0xff, 0x80, 0x80, 0x80, 0xff, 0x80, 0x80, 0x80, 0xff, 0x80, 0x80, 0x80, 0xff, 
  0x80, 0x80, 0x80, 0xff, 0x80, 0x80, 0x80, 0xff, 0x80, 0x80, 0x80, 0xff, 0x80, 0x80, 0x80, 0xfe, 0x80, 0x80, 0x80, 0xff, 0xac, 0xac, 0xac, 0xc5, 0xff, 0xff, 0xff, 0xff, 
  0xfe, 0xfe, 0xfe, 0xfd, 0xff, 0xff, 0xff, 0xfe, 0xff, 0xff, 0xff, 0xff, 0xff, 0xff, 0xff, 0xff, 0xff, 0xff, 0xff, 0xff, 0xff, 0xff, 0xff, 0xff, 0xff, 0xff, 0xff, 0xff, 
  0xff, 0xff, 0xff, 0xff, 0xff, 0xff, 0xff, 0xff, 0xff, 0xff, 0xff, 0xff, 0xff, 0xff, 0xff, 0xff, 0xff, 0xff, 0xff, 0xff, 0xff, 0xff, 0xff, 0xff, 0xff, 0xff, 0xff, 0xff, 
  0xff, 0xff, 0xff, 0xff, 0xff, 0xff, 0xff, 0xff, 0xff, 0xff, 0xff, 0xff, 0xff, 0xff, 0xff, 0xff, 0xff, 0xff, 0xff, 0xff, 0xff, 0xff, 0xff, 0xff, 0xff, 0xff, 0xff, 0xff, 
  0xff, 0xff, 0xff, 0xff, 0xff, 0xff, 0xff, 0xff, 0xff, 0xff, 0xff, 0xff, 0xff, 0xff, 0xff, 0xff, 0xff, 0xff, 0xff, 0xff, 0xff, 0xff, 0xff, 0xff, 0xff, 0xff, 0xff, 0xff, 
  0xff, 0xff, 0xff, 0xff, 0xff, 0xff, 0xff, 0xff, 0xff, 0xff, 0xff, 0xff, 0xff, 0xff, 0xff, 0xff, 0xff, 0xff, 0xff, 0xff, 0xff, 0xff, 0xff, 0xff, 0xff, 0xff, 0xff, 0xff, 
  0xff, 0xff, 0xff, 0xff, 0xff, 0xff, 0xff, 0xff, 0xff, 0xff, 0xff, 0xff, 0xff, 0xff, 0xff, 0xff, 0xff, 0xff, 0xff, 0xff, 0xff, 0xff, 0xff, 0xff, 0xff, 0xff, 0xff, 0xff, 
  0xff, 0xff, 0xff, 0xff, 0xff, 0xff, 0xff, 0xff, 0xff, 0xff, 0xff, 0xff, 0xff, 0xff, 0xff, 0xff, 0xff, 0xff, 0xff, 0xff, 0xff, 0xff, 0xff, 0xff, 0xff, 0xff, 0xff, 0xff, 
  0xff, 0xff, 0xff, 0xff, 0xff, 0xff, 0xff, 0xff, 0xff, 0xff, 0xff, 0xff, 0xff, 0xff, 0xff, 0xff, 0xff, 0xff, 0xff, 0xff, 0xff, 0xff, 0xff, 0xff, 0xff, 0xff, 0xff, 0xff, 
  0xff, 0xff, 0xff, 0xff, 0xff, 0xff, 0xff, 0xff, 0xff, 0xff, 0xff, 0xff, 0xff, 0xff, 0xff, 0xff, 0xff, 0xff, 0xff, 0xff, 0xff, 0xff, 0xff, 0xff, 0xff, 0xff, 0xff, 0xff, 
  0xff, 0xff, 0xff, 0xff, 0xff, 0xff, 0xff, 0xff, 0xff, 0xff, 0xff, 0xff, 0xff, 0xff, 0xff, 0xff, 0xff, 0xff, 0xff, 0xff, 0xff, 0xff, 0xff, 0xfe, 0xfe, 0xfe, 0xfe, 0xfd, 
  0xff, 0xff, 0xff, 0xff, 0xaa, 0xaa, 0xaa, 0xc6, 0x80, 0x80, 0x80, 0xff, 0x80, 0x80, 0x80, 0xfe, 0x80, 0x80, 0x80, 0xff, 0x80, 0x80, 0x80, 0xff, 0x80, 0x80, 0x80, 0xff, 
  0x80, 0x80, 0x80, 0xff, 0x80, 0x80, 0x80, 0xff, 0x80, 0x80, 0x80, 0xff, 0x80, 0x80, 0x80, 0xff, 0x80, 0x80, 0x80, 0xff, 0x80, 0x80, 0x80, 0xff, 0x80, 0x80, 0x80, 0xff, 
  0x80, 0x80, 0x80, 0xff, 0x80, 0x80, 0x80, 0xff, 0x80, 0x80, 0x80, 0xff, 0x80, 0x80, 0x80, 0xff, 0x80, 0x80, 0x80, 0xff, 0x80, 0x80, 0x80, 0xff, 0x80, 0x80, 0x80, 0xff, 
  0x80, 0x80, 0x80, 0xff, 0x80, 0x80, 0x80, 0xff, 0x80, 0x80, 0x80, 0xff, 0x80, 0x80, 0x80, 0xff, 0x80, 0x80, 0x80, 0xff, 0x80, 0x80, 0x80, 0xff, 0x80, 0x80, 0x80, 0xff, 
  0x80, 0x80, 0x80, 0xff, 0x80, 0x80, 0x80, 0xff, 0x80, 0x80, 0x80, 0xff, 0x80, 0x80, 0x80, 0xff, 0x80, 0x80, 0x80, 0xff, 0x80, 0x80, 0x80, 0xff, 0x80, 0x80, 0x80, 0xff, 
  0x80, 0x80, 0x80, 0xff, 0x80, 0x80, 0x80, 0xff, 0x80, 0x80, 0x80, 0xff, 0x80, 0x80, 0x80, 0xff, 0x82, 0x82, 0x82, 0xfa, 0xec, 0xec, 0xec, 0xdf, 0xfe, 0xfe, 0xfe, 0xfd, 
  0xff, 0xff, 0xff, 0xfe, 0xff, 0xff, 0xff, 0xff, 0xff, 0xff, 0xff, 0xff, 0xff, 0xff, 0xff, 0xff, 0xff, 0xff, 0xff, 0xff, 0xff, 0xff, 0xff, 0xff, 0xff, 0xff, 0xff, 0xff, 
  0xff, 0xff, 0xff, 0xff, 0xff, 0xff, 0xff, 0xff, 0xff, 0xff, 0xff, 0xff, 0xff, 0xff, 0xff, 0xff, 0xff, 0xff, 0xff, 0xff, 0xff, 0xff, 0xff, 0xff, 0xff, 0xff, 0xff, 0xff, 
  0xff, 0xff, 0xff, 0xff, 0xff, 0xff, 0xff, 0xff, 0xff, 0xff, 0xff, 0xff, 0xff, 0xff, 0xff, 0xff, 0xff, 0xff, 0xff, 0xff, 0xff, 0xff, 0xff, 0xff, 0xff, 0xff, 0xff, 0xff, 
  0xff, 0xff, 0xff, 0xff, 0xff, 0xff, 0xff, 0xff, 0xff, 0xff, 0xff, 0xff, 0xff, 0xff, 0xff, 0xff, 0xff, 0xff, 0xff, 0xff, 0xff, 0xff, 0xff, 0xff, 0xff, 0xff, 0xff, 0xff, 
  0xff, 0xff, 0xff, 0xff, 0xff, 0xff, 0xff, 0xff, 0xff, 0xff, 0xff, 0xff, 0xff, 0xff, 0xff, 0xff, 0xff, 0xff, 0xff, 0xff, 0xff, 0xff, 0xff, 0xff, 0xff, 0xff, 0xff, 0xff, 
  0xff, 0xff, 0xff, 0xff, 0xff, 0xff, 0xff, 0xff, 0xff, 0xff, 0xff, 0xff, 0xff, 0xff, 0xff, 0xff, 0xff, 0xff, 0xff, 0xff, 0xff, 0xff, 0xff, 0xff, 0xff, 0xff, 0xff, 0xff, 
  0xff, 0xff, 0xff, 0xff, 0xff, 0xff, 0xff, 0xff, 0xff, 0xff, 0xff, 0xff, 0xff, 0xff, 0xff, 0xff, 0xff, 0xff, 0xff, 0xff, 0xff, 0xff, 0xff, 0xff, 0xff, 0xff, 0xff, 0xff, 
  0xff, 0xff, 0xff, 0xff, 0xff, 0xff, 0xff, 0xff, 0xff, 0xff, 0xff, 0xff, 0xff, 0xff, 0xff, 0xff, 0xff, 0xff, 0xff, 0xff, 0xff, 0xff, 0xff, 0xff, 0xff, 0xff, 0xff, 0xff, 
  0xff, 0xff, 0xff, 0xff, 0xff, 0xff, 0xff, 0xff, 0xff, 0xff, 0xff, 0xff, 0xff, 0xff, 0xff, 0xff, 0xff, 0xff, 0xff, 0xff, 0xff, 0xff, 0xff, 0xff, 0xff, 0xff, 0xff, 0xff, 
  0xff, 0xff, 0xff, 0xff, 0xff, 0xff, 0xff, 0xff, 0xff, 0xff, 0xff, 0xff, 0xff, 0xff, 0xff, 0xff, 0xff, 0xff, 0xff, 0xff, 0xff, 0xff, 0xff, 0xff, 0xff, 0xff, 0xff, 0xfe, 
  0xfe, 0xfe, 0xfe, 0xfd, 0xeb, 0xeb, 0xeb, 0xdd, 0x82, 0x82, 0x82, 0xfb, 0x80, 0x80, 0x80, 0xff, 0x80, 0x80, 0x80, 0xff, 0x80, 0x80, 0x80, 0xff, 0x80, 0x80, 0x80, 0xff, 
  0x80, 0x80, 0x80, 0xff, 0x80, 0x80, 0x80, 0xff, 0x80, 0x80, 0x80, 0xff, 0x80, 0x80, 0x80, 0xff, 0x80, 0x80, 0x80, 0xff, 0x80, 0x80, 0x80, 0xff, 0x80, 0x80, 0x80, 0xff, 
  0x80, 0x80, 0x80, 0xff, 0x80, 0x80, 0x80, 0xff, 0x80, 0x80, 0x80, 0xff, 0x80, 0x80, 0x80, 0xff, 0x80, 0x80, 0x80, 0xff, 0x80, 0x80, 0x80, 0xff, 0x80, 0x80, 0x80, 0xff, 
  0x80, 0x80, 0x80, 0xff, 0x80, 0x80, 0x80, 0xff, 0x80, 0x80, 0x80, 0xff, 0x80, 0x80, 0x80, 0xff, 0x80, 0x80, 0x80, 0xff, 0x80, 0x80, 0x80, 0xff, 0x80, 0x80, 0x80, 0xff, 
  0x80, 0x80, 0x80, 0xff, 0x80, 0x80, 0x80, 0xff, 0x80, 0x80, 0x80, 0xff, 0x80, 0x80, 0x80, 0xff, 0x80, 0x80, 0x80, 0xff, 0x80, 0x80, 0x80, 0xff, 0x80, 0x80, 0x80, 0xff, 
  0x80, 0x80, 0x80, 0xff, 0x80, 0x80, 0x80, 0xff, 0x81, 0x81, 0x81, 0xfd, 0x80, 0x80, 0x80, 0xff, 0xa1, 0xa1, 0xa1, 0xce, 0xfe, 0xfe, 0xfe, 0xfd, 0xff, 0xff, 0xff, 0xff, 
  0xff, 0xff, 0xff, 0xff, 0xff, 0xff, 0xff, 0xff, 0xff, 0xff, 0xff, 0xff, 0xff, 0xff, 0xff, 0xff, 0xff, 0xff, 0xff, 0xff, 0xff, 0xff, 0xff, 0xff, 0xff, 0xff, 0xff, 0xff, 
  0xff, 0xff, 0xff, 0xff, 0xff, 0xff, 0xff, 0xff, 0xff, 0xff, 0xff, 0xff, 0xff, 0xff, 0xff, 0xff, 0xff, 0xff, 0xff, 0xff, 0xff, 0xff, 0xff, 0xff, 0xff, 0xff, 0xff, 0xff, 
  0xff, 0xff, 0xff, 0xff, 0xff, 0xff, 0xff, 0xff, 0xff, 0xff, 0xff, 0xff, 0xff, 0xff, 0xff, 0xff, 0xff, 0xff, 0xff, 0xff, 0xff, 0xff, 0xff, 0xff, 0xff, 0xff, 0xff, 0xff, 
  0xff, 0xff, 0xff, 0xff, 0xff, 0xff, 0xff, 0xff, 0xff, 0xff, 0xff, 0xff, 0xff, 0xff, 0xff, 0xff, 0xff, 0xff, 0xff, 0xff, 0xff, 0xff, 0xff, 0xff, 0xff, 0xff, 0xff, 0xff, 
  0xff, 0xff, 0xff, 0xff, 0xff, 0xff, 0xff, 0xff, 0xff, 0xff, 0xff, 0xff, 0xff, 0xff, 0xff, 0xff, 0xff, 0xff, 0xff, 0xff, 0xff, 0xff, 0xff, 0xff, 0xff, 0xff, 0xff, 0xff, 
  0xff, 0xff, 0xff, 0xff, 0xff, 0xff, 0xff, 0xff, 0xff, 0xff, 0xff, 0xff, 0xff, 0xff, 0xff, 0xff, 0xff, 0xff, 0xff, 0xff, 0xff, 0xff, 0xff, 0xff, 0xff, 0xff, 0xff, 0xff, 
  0xff, 0xff, 0xff, 0xff, 0xff, 0xff, 0xff, 0xff, 0xff, 0xff, 0xff, 0xff, 0xff, 0xff, 0xff, 0xff, 0xff, 0xff, 0xff, 0xff, 0xff, 0xff, 0xff, 0xff, 0xff, 0xff, 0xff, 0xff, 
  0xff, 0xff, 0xff, 0xff, 0xff, 0xff, 0xff, 0xff, 0xff, 0xff, 0xff, 0xff, 0xff, 0xff, 0xff, 0xff, 0xff, 0xff, 0xff, 0xff, 0xff, 0xff, 0xff, 0xff, 0xff, 0xff, 0xff, 0xff, 
  0xff, 0xff, 0xff, 0xff, 0xff, 0xff, 0xff, 0xff, 0xff, 0xff, 0xff, 0xff, 0xff, 0xff, 0xff, 0xff, 0xff, 0xff, 0xff, 0xff, 0xff, 0xff, 0xff, 0xff, 0xff, 0xff, 0xff, 0xff, 
  0xff, 0xff, 0xff, 0xff, 0xff, 0xff, 0xff, 0xff, 0xff, 0xff, 0xff, 0xff, 0xff, 0xff, 0xff, 0xff, 0xff, 0xff, 0xff, 0xff, 0xff, 0xff, 0xff, 0xff, 0xff, 0xff, 0xff, 0xff, 
  0xff, 0xff, 0xff, 0xff, 0xfe, 0xfe, 0xfe, 0xfc, 0x9f, 0x9f, 0x9f, 0xd0, 0x80, 0x80, 0x80, 0xff, 0x80, 0x80, 0x80, 0xfe, 0x80, 0x80, 0x80, 0xff, 0x80, 0x80, 0x80, 0xff, 
  0x80, 0x80, 0x80, 0xff, 0x80, 0x80, 0x80, 0xff, 0x80, 0x80, 0x80, 0xff, 0x80, 0x80, 0x80, 0xff, 0x80, 0x80, 0x80, 0xff, 0x80, 0x80, 0x80, 0xff, 0x80, 0x80, 0x80, 0xff, 
  0x80, 0x80, 0x80, 0xff, 0x80, 0x80, 0x80, 0xff, 0x80, 0x80, 0x80, 0xff, 0x80, 0x80, 0x80, 0xff, 0x80, 0x80, 0x80, 0xff, 0x80, 0x80, 0x80, 0xff, 0x80, 0x80, 0x80, 0xff, 
  0x80, 0x80, 0x80, 0xff, 0x80, 0x80, 0x80, 0xff, 0x80, 0x80, 0x80, 0xff, 0x80, 0x80, 0x80, 0xff, 0x80, 0x80, 0x80, 0xff, 0x80, 0x80, 0x80, 0xff, 0x80, 0x80, 0x80, 0xff, 
  0x80, 0x80, 0x80, 0xff, 0x80, 0x80, 0x80, 0xff, 0x80, 0x80, 0x80, 0xff, 0x80, 0x80, 0x80, 0xff, 0x80, 0x80, 0x80, 0xff, 0x80, 0x80, 0x80, 0xff, 0x80, 0x80, 0x80, 0xff, 
  0x80, 0x80, 0x80, 0xff, 0x80, 0x80, 0x80, 0xff, 0x81, 0x81, 0x81, 0xfc, 0x80, 0x80, 0x80, 0xff, 0xbb, 0xbb, 0xbb, 0xc0, 0xff, 0xff, 0xff, 0xfe, 0xff, 0xff, 0xff, 0xff, 
  0xff, 0xff, 0xff, 0xff, 0xff, 0xff, 0xff, 0xff, 0xff, 0xff, 0xff, 0xff, 0xff, 0xff, 0xff, 0xff, 0xff, 0xff, 0xff, 0xff, 0xff, 0xff, 0xff, 0xff, 0xff, 0xff, 0xff, 0xff, 
  0xff, 0xff, 0xff, 0xff, 0xff, 0xff, 0xff, 0xff, 0xff, 0xff, 0xff, 0xff, 0xff, 0xff, 0xff, 0xff, 0xff, 0xff, 0xff, 0xff, 0xff, 0xff, 0xff, 0xff, 0xff, 0xff, 0xff, 0xff, 
  0xff, 0xff, 0xff, 0xff, 0xff, 0xff, 0xff, 0xff, 0xff, 0xff, 0xff, 0xff, 0xff, 0xff, 0xff, 0xff, 0xff, 0xff, 0xff, 0xff, 0xff, 0xff, 0xff, 0xff, 0xff, 0xff, 0xff, 0xff, 
  0xff, 0xff, 0xff, 0xff, 0xff, 0xff, 0xff, 0xff, 0xff, 0xff, 0xff, 0xff, 0xff, 0xff, 0xff, 0xff, 0xff, 0xff, 0xff, 0xff, 0xff, 0xff, 0xff, 0xff, 0xff, 0xff, 0xff, 0xff, 
  0xff, 0xff, 0xff, 0xff, 0xff, 0xff, 0xff, 0xff, 0xff, 0xff, 0xff, 0xff, 0xff, 0xff, 0xff, 0xff, 0xff, 0xff, 0xff, 0xff, 0xff, 0xff, 0xff, 0xff, 0xff, 0xff, 0xff, 0xff, 
  0xff, 0xff, 0xff, 0xff, 0xff, 0xff, 0xff, 0xff, 0xff, 0xff, 0xff, 0xff, 0xff, 0xff, 0xff, 0xff, 0xff, 0xff, 0xff, 0xff, 0xff, 0xff, 0xff, 0xff, 0xff, 0xff, 0xff, 0xff, 
  0xff, 0xff, 0xff, 0xff, 0xff, 0xff, 0xff, 0xff, 0xff, 0xff, 0xff, 0xff, 0xff, 0xff, 0xff, 0xff, 0xff, 0xff, 0xff, 0xff, 0xff, 0xff, 0xff, 0xff, 0xff, 0xff, 0xff, 0xff, 
  0xff, 0xff, 0xff, 0xff, 0xff, 0xff, 0xff, 0xff, 0xff, 0xff, 0xff, 0xff, 0xff, 0xff, 0xff, 0xff, 0xff, 0xff, 0xff, 0xff, 0xff, 0xff, 0xff, 0xff, 0xff, 0xff, 0xff, 0xff, 
  0xff, 0xff, 0xff, 0xff, 0xff, 0xff, 0xff, 0xff, 0xff, 0xff, 0xff, 0xff, 0xff, 0xff, 0xff, 0xff, 0xff, 0xff, 0xff, 0xff, 0xff, 0xff, 0xff, 0xff, 0xff, 0xff, 0xff, 0xff, 
  0xff, 0xff, 0xff, 0xff, 0xff, 0xff, 0xff, 0xff, 0xff, 0xff, 0xff, 0xff, 0xff, 0xff, 0xff, 0xff, 0xff, 0xff, 0xff, 0xff, 0xff, 0xff, 0xff, 0xff, 0xff, 0xff, 0xff, 0xff, 
  0xff, 0xff, 0xff, 0xff, 0xff, 0xff, 0xff, 0xff, 0xba, 0xba, 0xba, 0xc0, 0x80, 0x80, 0x80, 0xff, 0x81, 0x81, 0x81, 0xfd, 0x80, 0x80, 0x80, 0xff, 0x80, 0x80, 0x80, 0xff, 
  0x80, 0x80, 0x80, 0xff, 0x80, 0x80, 0x80, 0xff, 0x80, 0x80, 0x80, 0xff, 0x80, 0x80, 0x80, 0xff, 0x80, 0x80, 0x80, 0xff, 0x80, 0x80, 0x80, 0xff, 0x80, 0x80, 0x80, 0xff, 
  0x80, 0x80, 0x80, 0xff, 0x80, 0x80, 0x80, 0xff, 0x80, 0x80, 0x80, 0xff, 0x80, 0x80, 0x80, 0xff, 0x80, 0x80, 0x80, 0xff, 0x80, 0x80, 0x80, 0xff, 0x80, 0x80, 0x80, 0xff, 
  0x80, 0x80, 0x80, 0xff, 0x80, 0x80, 0x80, 0xff, 0x80, 0x80, 0x80, 0xff, 0x80, 0x80, 0x80, 0xff, 0x80, 0x80, 0x80, 0xff, 0x80, 0x80, 0x80, 0xff, 0x80, 0x80, 0x80, 0xff, 
  0x80, 0x80, 0x80, 0xff, 0x80, 0x80, 0x80, 0xff, 0x80, 0x80, 0x80, 0xff, 0x80, 0x80, 0x80, 0xff, 0x80, 0x80, 0x80, 0xff, 0x80, 0x80, 0x80, 0xff, 0x80, 0x80, 0x80, 0xff, 
  0x80, 0x80, 0x80, 0xff, 0x80, 0x80, 0x80, 0xff, 0x81, 0x81, 0x81, 0xfc, 0x80, 0x80, 0x80, 0xff, 0xc3, 0xc3, 0xc3, 0xbf, 0xff, 0xff, 0xff, 0xff, 0xff, 0xff, 0xff, 0xff, 
  0xff, 0xff, 0xff, 0xff, 0xff, 0xff, 0xff, 0xff, 0xff, 0xff, 0xff, 0xff, 0xff, 0xff, 0xff, 0xff, 0xff, 0xff, 0xff, 0xff, 0xff, 0xff, 0xff, 0xff, 0xff, 0xff, 0xff, 0xff, 
  0xff, 0xff, 0xff, 0xff, 0xff, 0xff, 0xff, 0xff, 0xff, 0xff, 0xff, 0xff, 0xff, 0xff, 0xff, 0xff, 0xff, 0xff, 0xff, 0xff, 0xff, 0xff, 0xff, 0xff, 0xff, 0xff, 0xff, 0xff, 
  0xff, 0xff, 0xff, 0xff, 0xff, 0xff, 0xff, 0xff, 0xff, 0xff, 0xff, 0xff, 0xff, 0xff, 0xff, 0xff, 0xff, 0xff, 0xff, 0xff, 0xff, 0xff, 0xff, 0xff, 0xff, 0xff, 0xff, 0xff, 
  0xff, 0xff, 0xff, 0xff, 0xff, 0xff, 0xff, 0xff, 0xff, 0xff, 0xff, 0xff, 0xff, 0xff, 0xff, 0xff, 0xff, 0xff, 0xff, 0xff, 0xff, 0xff, 0xff, 0xff, 0xff, 0xff, 0xff, 0xff, 
  0xff, 0xff, 0xff, 0xff, 0xff, 0xff, 0xff, 0xff, 0xff, 0xff, 0xff, 0xff, 0xff, 0xff, 0xff, 0xff, 0xff, 0xff, 0xff, 0xff, 0xff, 0xff, 0xff, 0xff, 0xff, 0xff, 0xff, 0xff, 
  0xff, 0xff, 0xff, 0xff, 0xff, 0xff, 0xff, 0xff, 0xff, 0xff, 0xff, 0xff, 0xff, 0xff, 0xff, 0xff, 0xff, 0xff, 0xff, 0xff, 0xff, 0xff, 0xff, 0xff, 0xff, 0xff, 0xff, 0xff, 
  0xff, 0xff, 0xff, 0xff, 0xff, 0xff, 0xff, 0xff, 0xff, 0xff, 0xff, 0xff, 0xff, 0xff, 0xff, 0xff, 0xff, 0xff, 0xff, 0xff, 0xff, 0xff, 0xff, 0xff, 0xff, 0xff, 0xff, 0xff, 
  0xff, 0xff, 0xff, 0xff, 0xff, 0xff, 0xff, 0xff, 0xff, 0xff, 0xff, 0xff, 0xff, 0xff, 0xff, 0xff, 0xff, 0xff, 0xff, 0xff, 0xff, 0xff, 0xff, 0xff, 0xff, 0xff, 0xff, 0xff, 
  0xff, 0xff, 0xff, 0xff, 0xff, 0xff, 0xff, 0xff, 0xff, 0xff, 0xff, 0xff, 0xff, 0xff, 0xff, 0xff, 0xff, 0xff, 0xff, 0xff, 0xff, 0xff, 0xff, 0xff, 0xff, 0xff, 0xff, 0xff, 
  0xff, 0xff, 0xff, 0xff, 0xff, 0xff, 0xff, 0xff, 0xff, 0xff, 0xff, 0xff, 0xff, 0xff, 0xff, 0xff, 0xff, 0xff, 0xff, 0xff, 0xff, 0xff, 0xff, 0xff, 0xff, 0xff, 0xff, 0xff, 
  0xff, 0xff, 0xff, 0xff, 0xff, 0xff, 0xff, 0xff, 0xc3, 0xc3, 0xc3, 0xbf, 0x80, 0x80, 0x80, 0xff, 0x81, 0x81, 0x81, 0xfc, 0x80, 0x80, 0x80, 0xff, 0x80, 0x80, 0x80, 0xff, 
  0x80, 0x80, 0x80, 0xff, 0x80, 0x80, 0x80, 0xff, 0x80, 0x80, 0x80, 0xff, 0x80, 0x80, 0x80, 0xff, 0x80, 0x80, 0x80, 0xff, 0x80, 0x80, 0x80, 0xff, 0x80, 0x80, 0x80, 0xff, 
  0x80, 0x80, 0x80, 0xff, 0x80, 0x80, 0x80, 0xff, 0x80, 0x80, 0x80, 0xff, 0x80, 0x80, 0x80, 0xff, 0x80, 0x80, 0x80, 0xff, 0x80, 0x80, 0x80, 0xff, 0x80, 0x80, 0x80, 0xff, 
  0x80, 0x80, 0x80, 0xff, 0x80, 0x80, 0x80, 0xff, 0x80, 0x80, 0x80, 0xff, 0x80, 0x80, 0x80, 0xff, 0x80, 0x80, 0x80, 0xff, 0x80, 0x80, 0x80, 0xff, 0x80, 0x80, 0x80, 0xff, 
  0x80, 0x80, 0x80, 0xff, 0x80, 0x80, 0x80, 0xff, 0x80, 0x80, 0x80, 0xff, 0x80, 0x80, 0x80, 0xff, 0x80, 0x80, 0x80, 0xff, 0x80, 0x80, 0x80, 0xff, 0x80, 0x80, 0x80, 0xff, 
  0x80, 0x80, 0x80, 0xff, 0x80, 0x80, 0x80, 0xff, 0x81, 0x81, 0x81, 0xfc, 0x80, 0x80, 0x80, 0xff, 0xc3, 0xc3, 0xc3, 0xbf, 0xff, 0xff, 0xff, 0xff, 0xff, 0xff, 0xff, 0xff, 
  0xff, 0xff, 0xff, 0xff, 0xff, 0xff, 0xff, 0xff, 0xff, 0xff, 0xff, 0xff, 0xff, 0xff, 0xff, 0xff, 0xff, 0xff, 0xff, 0xff, 0xff, 0xff, 0xff, 0xff, 0xff, 0xff, 0xff, 0xff, 
  0xff, 0xff, 0xff, 0xff, 0xff, 0xff, 0xff, 0xff, 0xff, 0xff, 0xff, 0xff, 0xff, 0xff, 0xff, 0xff, 0xff, 0xff, 0xff, 0xff, 0xff, 0xff, 0xff, 0xff, 0xff, 0xff, 0xff, 0xff, 
  0xff, 0xff, 0xff, 0xff, 0xff, 0xff, 0xff, 0xff, 0xff, 0xff, 0xff, 0xff, 0xff, 0xff, 0xff, 0xff, 0xff, 0xff, 0xff, 0xff, 0xff, 0xff, 0xff, 0xff, 0xff, 0xff, 0xff, 0xff, 
  0xff, 0xff, 0xff, 0xff, 0xff, 0xff, 0xff, 0xff, 0xff, 0xff, 0xff, 0xff, 0xff, 0xff, 0xff, 0xff, 0xff, 0xff, 0xff, 0xff, 0xff, 0xff, 0xff, 0xff, 0xff, 0xff, 0xff, 0xff, 
  0xff, 0xff, 0xff, 0xff, 0xff, 0xff, 0xff, 0xff, 0xff, 0xff, 0xff, 0xff, 0xff, 0xff, 0xff, 0xff, 0xff, 0xff, 0xff, 0xff, 0xff, 0xff, 0xff, 0xfe, 0xff, 0xff, 0xff, 0xfe, 
  0xff, 0xff, 0xff, 0xfe, 0xff, 0xff, 0xff, 0xfe, 0xff, 0xff, 0xff, 0xff, 0xff, 0xff, 0xff, 0xff, 0xff, 0xff, 0xff, 0xff, 0xff, 0xff, 0xff, 0xff, 0xff, 0xff, 0xff, 0xff, 
  0xff, 0xff, 0xff, 0xff, 0xff, 0xff, 0xff, 0xff, 0xff, 0xff, 0xff, 0xff, 0xff, 0xff, 0xff, 0xff, 0xff, 0xff, 0xff, 0xff, 0xff, 0xff, 0xff, 0xff, 0xff, 0xff, 0xff, 0xff, 
  0xff, 0xff, 0xff, 0xff, 0xff, 0xff, 0xff, 0xff, 0xff, 0xff, 0xff, 0xff, 0xff, 0xff, 0xff, 0xff, 0xff, 0xff, 0xff, 0xff, 0xff, 0xff, 0xff, 0xff, 0xff, 0xff, 0xff, 0xff, 
  0xff, 0xff, 0xff, 0xff, 0xff, 0xff, 0xff, 0xff, 0xff, 0xff, 0xff, 0xff, 0xff, 0xff, 0xff, 0xff, 0xff, 0xff, 0xff, 0xff, 0xff, 0xff, 0xff, 0xff, 0xff, 0xff, 0xff, 0xff, 
  0xff, 0xff, 0xff, 0xff, 0xff, 0xff, 0xff, 0xff, 0xff, 0xff, 0xff, 0xff, 0xff, 0xff, 0xff, 0xff, 0xff, 0xff, 0xff, 0xff, 0xff, 0xff, 0xff, 0xff, 0xff, 0xff, 0xff, 0xff, 
  0xff, 0xff, 0xff, 0xff, 0xff, 0xff, 0xff, 0xff, 0xc3, 0xc3, 0xc3, 0xbf, 0x80, 0x80, 0x80, 0xff, 0x81, 0x81, 0x81, 0xfc, 0x80, 0x80, 0x80, 0xff, 0x80, 0x80, 0x80, 0xff, 
  0x80, 0x80, 0x80, 0xff, 0x80, 0x80, 0x80, 0xff, 0x80, 0x80, 0x80, 0xff, 0x80, 0x80, 0x80, 0xff, 0x80, 0x80, 0x80, 0xff, 0x80, 0x80, 0x80, 0xff, 0x80, 0x80, 0x80, 0xff, 
  0x80, 0x80, 0x80, 0xff, 0x80, 0x80, 0x80, 0xff, 0x80, 0x80, 0x80, 0xff, 0x80, 0x80, 0x80, 0xff, 0x80, 0x80, 0x80, 0xff, 0x80, 0x80, 0x80, 0xff, 0x80, 0x80, 0x80, 0xff, 
  0x80, 0x80, 0x80, 0xff, 0x80, 0x80, 0x80, 0xff, 0x80, 0x80, 0x80, 0xff, 0x80, 0x80, 0x80, 0xff, 0x80, 0x80, 0x80, 0xff, 0x80, 0x80, 0x80, 0xff, 0x80, 0x80, 0x80, 0xff, 
  0x80, 0x80, 0x80, 0xff, 0x80, 0x80, 0x80, 0xff, 0x80, 0x80, 0x80, 0xff, 0x80, 0x80, 0x80, 0xff, 0x80, 0x80, 0x80, 0xff, 0x80, 0x80, 0x80, 0xff, 0x80, 0x80, 0x80, 0xff, 
  0x80, 0x80, 0x80, 0xff, 0x80, 0x80, 0x80, 0xff, 0x81, 0x81, 0x81, 0xfc, 0x80, 0x80, 0x80, 0xff, 0xc3, 0xc3, 0xc3, 0xbf, 0xff, 0xff, 0xff, 0xff, 0xff, 0xff, 0xff, 0xff, 
  0xff, 0xff, 0xff, 0xff, 0xff, 0xff, 0xff, 0xff, 0xff, 0xff, 0xff, 0xff, 0xff, 0xff, 0xff, 0xff, 0xff, 0xff, 0xff, 0xff, 0xff, 0xff, 0xff, 0xff, 0xff, 0xff, 0xff, 0xff, 
  0xff, 0xff, 0xff, 0xff, 0xff, 0xff, 0xff, 0xff, 0xff, 0xff, 0xff, 0xff, 0xff, 0xff, 0xff, 0xff, 0xff, 0xff, 0xff, 0xff, 0xff, 0xff, 0xff, 0xff, 0xff, 0xff, 0xff, 0xff, 
  0xff, 0xff, 0xff, 0xff, 0xff, 0xff, 0xff, 0xff, 0xff, 0xff, 0xff, 0xff, 0xff, 0xff, 0xff, 0xff, 0xff, 0xff, 0xff, 0xff, 0xff, 0xff, 0xff, 0xff, 0xff, 0xff, 0xff, 0xff, 
  0xff, 0xff, 0xff, 0xff, 0xff, 0xff, 0xff, 0xff, 0xff, 0xff, 0xff, 0xff, 0xff, 0xff, 0xff, 0xff, 0xff, 0xff, 0xff, 0xff, 0xff, 0xff, 0xff, 0xff, 0xff, 0xff, 0xff, 0xff, 
  0xff, 0xff, 0xff, 0xff, 0xfe, 0xfe, 0xfe, 0xfd, 0xfd, 0xfd, 0xfd, 0xfb, 0xfd, 0xfd, 0xfd, 0xfa, 0xfe, 0xfe, 0xfe, 0xfc, 0xff, 0xff, 0xff, 0xff, 0xff, 0xff, 0xff, 0xff, 
  0xff, 0xff, 0xff, 0xff, 0xff, 0xff, 0xff, 0xff, 0xfe, 0xfe, 0xfe, 0xfc, 0xfd, 0xfd, 0xfd, 0xfa, 0xfd, 0xfd, 0xfd, 0xfb, 0xfe, 0xfe, 0xfe, 0xfd, 0xff, 0xff, 0xff, 0xff, 
  0xff, 0xff, 0xff, 0xff, 0xff, 0xff, 0xff, 0xff, 0xff, 0xff, 0xff, 0xff, 0xff, 0xff, 0xff, 0xff, 0xff, 0xff, 0xff, 0xff, 0xff, 0xff, 0xff, 0xff, 0xff, 0xff, 0xff, 0xff, 
  0xff, 0xff, 0xff, 0xff, 0xff, 0xff, 0xff, 0xff, 0xff, 0xff, 0xff, 0xff, 0xff, 0xff, 0xff, 0xff, 0xff, 0xff, 0xff, 0xff, 0xff, 0xff, 0xff, 0xff, 0xff, 0xff, 0xff, 0xff, 
  0xff, 0xff, 0xff, 0xff, 0xff, 0xff, 0xff, 0xff, 0xff, 0xff, 0xff, 0xff, 0xff, 0xff, 0xff, 0xff, 0xff, 0xff, 0xff, 0xff, 0xff, 0xff, 0xff, 0xff, 0xff, 0xff, 0xff, 0xff, 
  0xff, 0xff, 0xff, 0xff, 0xff, 0xff, 0xff, 0xff, 0xff, 0xff, 0xff, 0xff, 0xff, 0xff, 0xff, 0xff, 0xff, 0xff, 0xff, 0xff, 0xff, 0xff, 0xff, 0xff, 0xff, 0xff, 0xff, 0xff, 
  0xff, 0xff, 0xff, 0xff, 0xff, 0xff, 0xff, 0xff, 0xc3, 0xc3, 0xc3, 0xbf, 0x80, 0x80, 0x80, 0xff, 0x81, 0x81, 0x81, 0xfc, 0x80, 0x80, 0x80, 0xff, 0x80, 0x80, 0x80, 0xff, 
  0x80, 0x80, 0x80, 0xff, 0x80, 0x80, 0x80, 0xff, 0x80, 0x80, 0x80, 0xff, 0x80, 0x80, 0x80, 0xff, 0x80, 0x80, 0x80, 0xff, 0x80, 0x80, 0x80, 0xff, 0x80, 0x80, 0x80, 0xff, 
  0x80, 0x80, 0x80, 0xff, 0x80, 0x80, 0x80, 0xff, 0x80, 0x80, 0x80, 0xff, 0x80, 0x80, 0x80, 0xff, 0x80, 0x80, 0x80, 0xff, 0x80, 0x80, 0x80, 0xff, 0x80, 0x80, 0x80, 0xff, 
  0x80, 0x80, 0x80, 0xff, 0x80, 0x80, 0x80, 0xff, 0x80, 0x80, 0x80, 0xff, 0x80, 0x80, 0x80, 0xff, 0x80, 0x80, 0x80, 0xff, 0x80, 0x80, 0x80, 0xff, 0x80, 0x80, 0x80, 0xff, 
  0x80, 0x80, 0x80, 0xff, 0x80, 0x80, 0x80, 0xff, 0x80, 0x80, 0x80, 0xff, 0x80, 0x80, 0x80, 0xff, 0x80, 0x80, 0x80, 0xff, 0x80, 0x80, 0x80, 0xff, 0x80, 0x80, 0x80, 0xff, 
  0x80, 0x80, 0x80, 0xff, 0x80, 0x80, 0x80, 0xff, 0x81, 0x81, 0x81, 0xfc, 0x80, 0x80, 0x80, 0xff, 0xc3, 0xc3, 0xc3, 0xbf, 0xff, 0xff, 0xff, 0xff, 0xff, 0xff, 0xff, 0xff, 
  0xff, 0xff, 0xff, 0xff, 0xff, 0xff, 0xff, 0xff, 0xff, 0xff, 0xff, 0xff, 0xff, 0xff, 0xff, 0xff, 0xff, 0xff, 0xff, 0xff, 0xff, 0xff, 0xff, 0xff, 0xff, 0xff, 0xff, 0xff, 
  0xff, 0xff, 0xff, 0xff, 0xff, 0xff, 0xff, 0xff, 0xff, 0xff, 0xff, 0xff, 0xff, 0xff, 0xff, 0xff, 0xff, 0xff, 0xff, 0xff, 0xff, 0xff, 0xff, 0xff, 0xff, 0xff, 0xff, 0xff, 
  0xff, 0xff, 0xff, 0xff, 0xff, 0xff, 0xff, 0xff, 0xff, 0xff, 0xff, 0xff, 0xff, 0xff, 0xff, 0xff, 0xff, 0xff, 0xff, 0xff, 0xff, 0xff, 0xff, 0xff, 0xff, 0xff, 0xff, 0xff, 
  0xff, 0xff, 0xff, 0xff, 0xff, 0xff, 0xff, 0xff, 0xff, 0xff, 0xff, 0xff, 0xff, 0xff, 0xff, 0xff, 0xff, 0xff, 0xff, 0xff, 0xff, 0xff, 0xff, 0xff, 0xfe, 0xfe, 0xfe, 0xfd, 
  0xfd, 0xfd, 0xfd, 0xfa, 0xff, 0xff, 0xff, 0xff, 0xff, 0xff, 0xff, 0xff, 0xff, 0xff, 0xff, 0xff, 0xff, 0xff, 0xff, 0xff, 0xff, 0xff, 0xff, 0xff, 0xfc, 0xfc, 0xfc, 0xf9, 
  0xfc, 0xfc, 0xfc, 0xf9, 0xff, 0xff, 0xff, 0xff, 0xff, 0xff, 0xff, 0xff, 0xff, 0xff, 0xff, 0xff, 0xff, 0xff, 0xff, 0xff, 0xff, 0xff, 0xff, 0xff, 0xfd, 0xfd, 0xfd, 0xfa, 
  0xfe, 0xfe, 0xfe, 0xfd, 0xff, 0xff, 0xff, 0xff, 0xff, 0xff, 0xff, 0xff, 0xff, 0xff, 0xff, 0xff, 0xff, 0xff, 0xff, 0xff, 0xff, 0xff, 0xff, 0xff, 0xff, 0xff, 0xff, 0xff, 
  0xff, 0xff, 0xff, 0xff, 0xff, 0xff, 0xff, 0xff, 0xff, 0xff, 0xff, 0xff, 0xff, 0xff, 0xff, 0xff, 0xff, 0xff, 0xff, 0xff, 0xff, 0xff, 0xff, 0xff, 0xff, 0xff, 0xff, 0xff, 
  0xff, 0xff, 0xff, 0xff, 0xff, 0xff, 0xff, 0xff, 0xff, 0xff, 0xff, 0xff, 0xff, 0xff, 0xff, 0xff, 0xff, 0xff, 0xff, 0xff, 0xff, 0xff, 0xff, 0xff, 0xff, 0xff, 0xff, 0xff, 
  0xff, 0xff, 0xff, 0xff, 0xff, 0xff, 0xff, 0xff, 0xff, 0xff, 0xff, 0xff, 0xff, 0xff, 0xff, 0xff, 0xff, 0xff, 0xff, 0xff, 0xff, 0xff, 0xff, 0xff, 0xff, 0xff, 0xff, 0xff, 
  0xff, 0xff, 0xff, 0xff, 0xff, 0xff, 0xff, 0xff, 0xc3, 0xc3, 0xc3, 0xbf, 0x80, 0x80, 0x80, 0xff, 0x81, 0x81, 0x81, 0xfc, 0x80, 0x80, 0x80, 0xff, 0x80, 0x80, 0x80, 0xff, 
  0x80, 0x80, 0x80, 0xff, 0x80, 0x80, 0x80, 0xff, 0x80, 0x80, 0x80, 0xff, 0x80, 0x80, 0x80, 0xff, 0x80, 0x80, 0x80, 0xff, 0x80, 0x80, 0x80, 0xff, 0x80, 0x80, 0x80, 0xff, 
  0x80, 0x80, 0x80, 0xff, 0x80, 0x80, 0x80, 0xff, 0x80, 0x80, 0x80, 0xff, 0x80, 0x80, 0x80, 0xff, 0x80, 0x80, 0x80, 0xff, 0x80, 0x80, 0x80, 0xff, 0x80, 0x80, 0x80, 0xff, 
  0x80, 0x80, 0x80, 0xff, 0x80, 0x80, 0x80, 0xff, 0x80, 0x80, 0x80, 0xff, 0x80, 0x80, 0x80, 0xff, 0x80, 0x80, 0x80, 0xff, 0x80, 0x80, 0x80, 0xff, 0x80, 0x80, 0x80, 0xff, 
  0x80, 0x80, 0x80, 0xff, 0x80, 0x80, 0x80, 0xff, 0x80, 0x80, 0x80, 0xff, 0x80, 0x80, 0x80, 0xff, 0x80, 0x80, 0x80, 0xff, 0x80, 0x80, 0x80, 0xff, 0x80, 0x80, 0x80, 0xff, 
  0x80, 0x80, 0x80, 0xff, 0x80, 0x80, 0x80, 0xff, 0x81, 0x81, 0x81, 0xfc, 0x80, 0x80, 0x80, 0xff, 0xc3, 0xc3, 0xc3, 0xbf, 0xff, 0xff, 0xff, 0xff, 0xff, 0xff, 0xff, 0xff, 
  0xff, 0xff, 0xff, 0xff, 0xff, 0xff, 0xff, 0xff, 0xff, 0xff, 0xff, 0xff, 0xff, 0xff, 0xff, 0xff, 0xff, 0xff, 0xff, 0xff, 0xff, 0xff, 0xff, 0xff, 0xff, 0xff, 0xff, 0xff, 
  0xff, 0xff, 0xff, 0xff, 0xff, 0xff, 0xff, 0xff, 0xff, 0xff, 0xff, 0xff, 0xff, 0xff, 0xff, 0xff, 0xff, 0xff, 0xff, 0xff, 0xff, 0xff, 0xff, 0xff, 0xff, 0xff, 0xff, 0xff, 
  0xff, 0xff, 0xff, 0xff, 0xff, 0xff, 0xff, 0xff, 0xff, 0xff, 0xff, 0xff, 0xff, 0xff, 0xff, 0xff, 0xff, 0xff, 0xff, 0xff, 0xff, 0xff, 0xff, 0xff, 0xff, 0xff, 0xff, 0xff, 
  0xff, 0xff, 0xff, 0xff, 0xff, 0xff, 0xff, 0xff, 0xff, 0xff, 0xff, 0xff, 0xff, 0xff, 0xff, 0xff, 0xff, 0xff, 0xff, 0xfe, 0xfe, 0xfe, 0xfe, 0xfd, 0xff, 0xff, 0xff, 0xff, 
  0xff, 0xff, 0xff, 0xff, 0xf5, 0xf5, 0xf5, 0xed, 0xdb, 0xdb, 0xdb, 0xcb, 0xc7, 0xc7, 0xc7, 0xc0, 0xb9, 0xb9, 0xb9, 0xc0, 0xae, 0xae, 0xae, 0xc4, 0xa8, 0xa8, 0xa8, 0xc8, 
  0xa8, 0xa8, 0xa8, 0xc8, 0xae, 0xae, 0xae, 0xc4, 0xb9, 0xb9, 0xb9, 0xc0, 0xc8, 0xc8, 0xc8, 0xc0, 0xdb, 0xdb, 0xdb, 0xcb, 0xf6, 0xf6, 0xf6, 0xed, 0xff, 0xff, 0xff, 0xff, 
  0xff, 0xff, 0xff, 0xff, 0xfe, 0xfe, 0xfe, 0xfd, 0xff, 0xff, 0xff, 0xfe, 0xff, 0xff, 0xff, 0xff, 0xff, 0xff, 0xff, 0xff, 0xff, 0xff, 0xff, 0xff, 0xff, 0xff, 0xff, 0xff, 
  0xff, 0xff, 0xff, 0xff, 0xff, 0xff, 0xff, 0xff, 0xff, 0xff, 0xff, 0xff, 0xff, 0xff, 0xff, 0xff, 0xff, 0xff, 0xff, 0xff, 0xff, 0xff, 0xff, 0xff, 0xff, 0xff, 0xff, 0xff, 
  0xff, 0xff, 0xff, 0xff, 0xff, 0xff, 0xff, 0xff, 0xff, 0xff, 0xff, 0xff, 0xff, 0xff, 0xff, 0xff, 0xff, 0xff, 0xff, 0xff, 0xff, 0xff, 0xff, 0xff, 0xff, 0xff, 0xff, 0xff, 
  0xff, 0xff, 0xff, 0xff, 0xff, 0xff, 0xff, 0xff, 0xff, 0xff, 0xff, 0xff, 0xff, 0xff, 0xff, 0xff, 0xff, 0xff, 0xff, 0xff, 0xff, 0xff, 0xff, 0xff, 0xff, 0xff, 0xff, 0xff, 
  0xff, 0xff, 0xff, 0xff, 0xff, 0xff, 0xff, 0xff, 0xc3, 0xc3, 0xc3, 0xbf, 0x80, 0x80, 0x80, 0xff, 0x81, 0x81, 0x81, 0xfc, 0x80, 0x80, 0x80, 0xff, 0x80, 0x80, 0x80, 0xff, 
  0x80, 0x80, 0x80, 0xff, 0x80, 0x80, 0x80, 0xff, 0x80, 0x80, 0x80, 0xff, 0x80, 0x80, 0x80, 0xff, 0x80, 0x80, 0x80, 0xff, 0x80, 0x80, 0x80, 0xff, 0x80, 0x80, 0x80, 0xff, 
  0x80, 0x80, 0x80, 0xff, 0x80, 0x80, 0x80, 0xff, 0x80, 0x80, 0x80, 0xff, 0x80, 0x80, 0x80, 0xff, 0x80, 0x80, 0x80, 0xff, 0x80, 0x80, 0x80, 0xff, 0x80, 0x80, 0x80, 0xff, 
  0x80, 0x80, 0x80, 0xff, 0x80, 0x80, 0x80, 0xff, 0x80, 0x80, 0x80, 0xff, 0x80, 0x80, 0x80, 0xff, 0x80, 0x80, 0x80, 0xff, 0x80, 0x80, 0x80, 0xff, 0x80, 0x80, 0x80, 0xff, 
  0x80, 0x80, 0x80, 0xff, 0x80, 0x80, 0x80, 0xff, 0x80, 0x80, 0x80, 0xff, 0x80, 0x80, 0x80, 0xff, 0x80, 0x80, 0x80, 0xff, 0x80, 0x80, 0x80, 0xff, 0x80, 0x80, 0x80, 0xff, 
  0x80, 0x80, 0x80, 0xff, 0x80, 0x80, 0x80, 0xff, 0x81, 0x81, 0x81, 0xfc, 0x80, 0x80, 0x80, 0xff, 0xc3, 0xc3, 0xc3, 0xbf, 0xff, 0xff, 0xff, 0xff, 0xff, 0xff, 0xff, 0xff, 
  0xff, 0xff, 0xff, 0xff, 0xff, 0xff, 0xff, 0xff, 0xff, 0xff, 0xff, 0xff, 0xff, 0xff, 0xff, 0xff, 0xff, 0xff, 0xff, 0xff, 0xff, 0xff, 0xff, 0xff, 0xff, 0xff, 0xff, 0xff, 
  0xff, 0xff, 0xff, 0xff, 0xff, 0xff, 0xff, 0xff, 0xff, 0xff, 0xff, 0xff, 0xff, 0xff, 0xff, 0xff, 0xff, 0xff, 0xff, 0xff, 0xff, 0xff, 0xff, 0xff, 0xff, 0xff, 0xff, 0xff, 
  0xff, 0xff, 0xff, 0xff, 0xff, 0xff, 0xff, 0xff, 0xff, 0xff, 0xff, 0xff, 0xff, 0xff, 0xff, 0xff, 0xff, 0xff, 0xff, 0xff, 0xff, 0xff, 0xff, 0xff, 0xff, 0xff, 0xff, 0xff, 
  0xff, 0xff, 0xff, 0xff, 0xff, 0xff, 0xff, 0xff, 0xff, 0xff, 0xff, 0xfe, 0xff, 0xff, 0xff, 0xff, 0xff, 0xff, 0xff, 0xff, 0xff, 0xff, 0xff, 0xff, 0xe1, 0xe1, 0xe1, 0xd1, 
  0xb1, 0xb1, 0xb1, 0xc2, 0x97, 0x97, 0x97, 0xd9, 0x85, 0x85, 0x85, 0xf4, 0x80, 0x80, 0x80, 0xff, 0x80, 0x80, 0x80, 0xff, 0x80, 0x80, 0x80, 0xff, 0x80, 0x80, 0x80, 0xff, 
  0x80, 0x80, 0x80, 0xff, 0x80, 0x80, 0x80, 0xff, 0x80, 0x80, 0x80, 0xff, 0x80, 0x80, 0x80, 0xff, 0x86, 0x86, 0x86, 0xf4, 0x98, 0x98, 0x98, 0xd8, 0xb1, 0xb1, 0xb1, 0xc2, 
  0xe1, 0xe1, 0xe1, 0xd1, 0xff, 0xff, 0xff, 0xff, 0xff, 0xff, 0xff, 0xff, 0xff, 0xff, 0xff, 0xff, 0xff, 0xff, 0xff, 0xfe, 0xff, 0xff, 0xff, 0xff, 0xff, 0xff, 0xff, 0xff, 
  0xff, 0xff, 0xff, 0xff, 0xff, 0xff, 0xff, 0xff, 0xff, 0xff, 0xff, 0xff, 0xff, 0xff, 0xff, 0xff, 0xff, 0xff, 0xff, 0xff, 0xff, 0xff, 0xff, 0xff, 0xff, 0xff, 0xff, 0xff, 
  0xff, 0xff, 0xff, 0xff, 0xff, 0xff, 0xff, 0xff, 0xff, 0xff, 0xff, 0xff, 0xff, 0xff, 0xff, 0xff, 0xff, 0xff, 0xff, 0xff, 0xff, 0xff, 0xff, 0xff, 0xff, 0xff, 0xff, 0xff, 
  0xff, 0xff, 0xff, 0xff, 0xff, 0xff, 0xff, 0xff, 0xff, 0xff, 0xff, 0xff, 0xff, 0xff, 0xff, 0xff, 0xff, 0xff, 0xff, 0xff, 0xff, 0xff, 0xff, 0xff, 0xff, 0xff, 0xff, 0xff, 
  0xff, 0xff, 0xff, 0xff, 0xff, 0xff, 0xff, 0xff, 0xc3, 0xc3, 0xc3, 0xbf, 0x80, 0x80, 0x80, 0xff, 0x81, 0x81, 0x81, 0xfc, 0x80, 0x80, 0x80, 0xff, 0x80, 0x80, 0x80, 0xff, 
  0x80, 0x80, 0x80, 0xff, 0x80, 0x80, 0x80, 0xff, 0x80, 0x80, 0x80, 0xff, 0x80, 0x80, 0x80, 0xff, 0x80, 0x80, 0x80, 0xff, 0x80, 0x80, 0x80, 0xff, 0x80, 0x80, 0x80, 0xff, 
  0x80, 0x80, 0x80, 0xff, 0x80, 0x80, 0x80, 0xff, 0x80, 0x80, 0x80, 0xff, 0x80, 0x80, 0x80, 0xff, 0x80, 0x80, 0x80, 0xff, 0x80, 0x80, 0x80, 0xff, 0x80, 0x80, 0x80, 0xff, 
  0x80, 0x80, 0x80, 0xff, 0x80, 0x80, 0x80, 0xff, 0x80, 0x80, 0x80, 0xff, 0x80, 0x80, 0x80, 0xff, 0x80, 0x80, 0x80, 0xff, 0x80, 0x80, 0x80, 0xff, 0x80, 0x80, 0x80, 0xff, 
  0x80, 0x80, 0x80, 0xff, 0x80, 0x80, 0x80, 0xff, 0x80, 0x80, 0x80, 0xff, 0x80, 0x80, 0x80, 0xff, 0x80, 0x80, 0x80, 0xff, 0x80, 0x80, 0x80, 0xff, 0x80, 0x80, 0x80, 0xff, 
  0x80, 0x80, 0x80, 0xff, 0x80, 0x80, 0x80, 0xff, 0x81, 0x81, 0x81, 0xfc, 0x80, 0x80, 0x80, 0xff, 0xc3, 0xc3, 0xc3, 0xbf, 0xff, 0xff, 0xff, 0xff, 0xff, 0xff, 0xff, 0xff, 
  0xff, 0xff, 0xff, 0xff, 0xff, 0xff, 0xff, 0xff, 0xff, 0xff, 0xff, 0xff, 0xff, 0xff, 0xff, 0xff, 0xff, 0xff, 0xff, 0xff, 0xff, 0xff, 0xff, 0xff, 0xff, 0xff, 0xff, 0xff, 
  0xff, 0xff, 0xff, 0xff, 0xff, 0xff, 0xff, 0xff, 0xff, 0xff, 0xff, 0xff, 0xff, 0xff, 0xff, 0xff, 0xff, 0xff, 0xff, 0xff, 0xff, 0xff, 0xff, 0xff, 0xff, 0xff, 0xff, 0xff, 
  0xff, 0xff, 0xff, 0xff, 0xff, 0xff, 0xff, 0xff, 0xff, 0xff, 0xff, 0xff, 0xff, 0xff, 0xff, 0xff, 0xff, 0xff, 0xff, 0xff, 0xff, 0xff, 0xff, 0xff, 0xff, 0xff, 0xff, 0xff, 
  0xff, 0xff, 0xff, 0xff, 0xfe, 0xfe, 0xfe, 0xfc, 0xff, 0xff, 0xff, 0xff, 0xff, 0xff, 0xff, 0xff, 0xe4, 0xe4, 0xe4, 0xd4, 0xa5, 0xa5, 0xa5, 0xca, 0x86, 0x86, 0x86, 0xf4, 
  0x80, 0x80, 0x80, 0xff, 0x80, 0x80, 0x80, 0xff, 0x80, 0x80, 0x80, 0xff, 0x82, 0x82, 0x82, 0xfb, 0x82, 0x82, 0x82, 0xfa, 0x82, 0x82, 0x82, 0xfa, 0x82, 0x82, 0x82, 0xfb, 
  0x82, 0x82, 0x82, 0xfb, 0x82, 0x82, 0x82, 0xfa, 0x82, 0x82, 0x82, 0xfa, 0x82, 0x82, 0x82, 0xfb, 0x80, 0x80, 0x80, 0xff, 0x80, 0x80, 0x80, 0xff, 0x80, 0x80, 0x80, 0xff, 
  0x86, 0x86, 0x86, 0xf4, 0xa5, 0xa5, 0xa5, 0xca, 0xe5, 0xe5, 0xe5, 0xd5, 0xff, 0xff, 0xff, 0xff, 0xff, 0xff, 0xff, 0xff, 0xfe, 0xfe, 0xfe, 0xfc, 0xff, 0xff, 0xff, 0xff, 
  0xff, 0xff, 0xff, 0xff, 0xff, 0xff, 0xff, 0xff, 0xff, 0xff, 0xff, 0xff, 0xff, 0xff, 0xff, 0xff, 0xff, 0xff, 0xff, 0xff, 0xff, 0xff, 0xff, 0xff, 0xff, 0xff, 0xff, 0xff, 
  0xff, 0xff, 0xff, 0xff, 0xff, 0xff, 0xff, 0xff, 0xff, 0xff, 0xff, 0xff, 0xff, 0xff, 0xff, 0xff, 0xff, 0xff, 0xff, 0xff, 0xff, 0xff, 0xff, 0xff, 0xff, 0xff, 0xff, 0xff, 
  0xff, 0xff, 0xff, 0xff, 0xff, 0xff, 0xff, 0xff, 0xff, 0xff, 0xff, 0xff, 0xff, 0xff, 0xff, 0xff, 0xff, 0xff, 0xff, 0xff, 0xff, 0xff, 0xff, 0xff, 0xff, 0xff, 0xff, 0xff, 
  0xff, 0xff, 0xff, 0xff, 0xff, 0xff, 0xff, 0xff, 0xc3, 0xc3, 0xc3, 0xbf, 0x80, 0x80, 0x80, 0xff, 0x81, 0x81, 0x81, 0xfc, 0x80, 0x80, 0x80, 0xff, 0x80, 0x80, 0x80, 0xff, 
  0x80, 0x80, 0x80, 0xff, 0x80, 0x80, 0x80, 0xff, 0x80, 0x80, 0x80, 0xff, 0x80, 0x80, 0x80, 0xff, 0x80, 0x80, 0x80, 0xff, 0x80, 0x80, 0x80, 0xff, 0x80, 0x80, 0x80, 0xff, 
  0x80, 0x80, 0x80, 0xff, 0x80, 0x80, 0x80, 0xff, 0x80, 0x80, 0x80, 0xff, 0x80, 0x80, 0x80, 0xff, 0x80, 0x80, 0x80, 0xff, 0x80, 0x80, 0x80, 0xff, 0x80, 0x80, 0x80, 0xff, 
  0x80, 0x80, 0x80, 0xff, 0x80, 0x80, 0x80, 0xff, 0x80, 0x80, 0x80, 0xff, 0x80, 0x80, 0x80, 0xff, 0x80, 0x80, 0x80, 0xff, 0x80, 0x80, 0x80, 0xff, 0x80, 0x80, 0x80, 0xff, 
  0x80, 0x80, 0x80, 0xff, 0x80, 0x80, 0x80, 0xff, 0x80, 0x80, 0x80, 0xff, 0x80, 0x80, 0x80, 0xff, 0x80, 0x80, 0x80, 0xff, 0x80, 0x80, 0x80, 0xff, 0x80, 0x80, 0x80, 0xff, 
  0x80, 0x80, 0x80, 0xff, 0x80, 0x80, 0x80, 0xff, 0x81, 0x81, 0x81, 0xfc, 0x80, 0x80, 0x80, 0xff, 0xc3, 0xc3, 0xc3, 0xbf, 0xff, 0xff, 0xff, 0xff, 0xff, 0xff, 0xff, 0xff, 
  0xff, 0xff, 0xff, 0xff, 0xff, 0xff, 0xff, 0xff, 0xff, 0xff, 0xff, 0xff, 0xff, 0xff, 0xff, 0xff, 0xff, 0xff, 0xff, 0xff, 0xff, 0xff, 0xff, 0xff, 0xff, 0xff, 0xff, 0xff, 
  0xff, 0xff, 0xff, 0xff, 0xff, 0xff, 0xff, 0xff, 0xff, 0xff, 0xff, 0xff, 0xff, 0xff, 0xff, 0xff, 0xff, 0xff, 0xff, 0xff, 0xff, 0xff, 0xff, 0xff, 0xff, 0xff, 0xff, 0xff, 
  0xff, 0xff, 0xff, 0xff, 0xff, 0xff, 0xff, 0xff, 0xff, 0xff, 0xff, 0xff, 0xff, 0xff, 0xff, 0xff, 0xff, 0xff, 0xff, 0xff, 0xff, 0xff, 0xff, 0xff, 0xff, 0xff, 0xff, 0xff, 
  0xfe, 0xfe, 0xfe, 0xfd, 0xff, 0xff, 0xff, 0xff, 0xf8, 0xf8, 0xf8, 0xf1, 0xbd, 0xbd, 0xbd, 0xbf, 0x82, 0x82, 0x82, 0xfb, 0x80, 0x80, 0x80, 0xff, 0x80, 0x80, 0x80, 0xff, 
  0x81, 0x81, 0x81, 0xfd, 0x81, 0x81, 0x81, 0xfc, 0x80, 0x80, 0x80, 0xfe, 0x80, 0x80, 0x80, 0xff, 0x80, 0x80, 0x80, 0xff, 0x80, 0x80, 0x80, 0xff, 0x80, 0x80, 0x80, 0xff, 
  0x80, 0x80, 0x80, 0xff, 0x80, 0x80, 0x80, 0xff, 0x80, 0x80, 0x80, 0xff, 0x80, 0x80, 0x80, 0xff, 0x80, 0x80, 0x80, 0xfe, 0x81, 0x81, 0x81, 0xfc, 0x81, 0x81, 0x81, 0xfd, 
  0x80, 0x80, 0x80, 0xff, 0x80, 0x80, 0x80, 0xff, 0x82, 0x82, 0x82, 0xfb, 0xbd, 0xbd, 0xbd, 0xbf, 0xf8, 0xf8, 0xf8, 0xf2, 0xff, 0xff, 0xff, 0xff, 0xfe, 0xfe, 0xfe, 0xfd, 
  0xff, 0xff, 0xff, 0xff, 0xff, 0xff, 0xff, 0xff, 0xff, 0xff, 0xff, 0xff, 0xff, 0xff, 0xff, 0xff, 0xff, 0xff, 0xff, 0xff, 0xff, 0xff, 0xff, 0xff, 0xff, 0xff, 0xff, 0xff, 
  0xff, 0xff, 0xff, 0xff, 0xff, 0xff, 0xff, 0xff, 0xff, 0xff, 0xff, 0xff, 0xff, 0xff, 0xff, 0xff, 0xff, 0xff, 0xff, 0xff, 0xff, 0xff, 0xff, 0xff, 0xff, 0xff, 0xff, 0xff, 
  0xff, 0xff, 0xff, 0xff, 0xff, 0xff, 0xff, 0xff, 0xff, 0xff, 0xff, 0xff, 0xff, 0xff, 0xff, 0xff, 0xff, 0xff, 0xff, 0xff, 0xff, 0xff, 0xff, 0xff, 0xff, 0xff, 0xff, 0xff, 
  0xff, 0xff, 0xff, 0xff, 0xff, 0xff, 0xff, 0xff, 0xc3, 0xc3, 0xc3, 0xbf, 0x80, 0x80, 0x80, 0xff, 0x81, 0x81, 0x81, 0xfc, 0x80, 0x80, 0x80, 0xff, 0x80, 0x80, 0x80, 0xff, 
  0x80, 0x80, 0x80, 0xff, 0x80, 0x80, 0x80, 0xff, 0x80, 0x80, 0x80, 0xff, 0x80, 0x80, 0x80, 0xff, 0x80, 0x80, 0x80, 0xff, 0x80, 0x80, 0x80, 0xff, 0x80, 0x80, 0x80, 0xff, 
  0x80, 0x80, 0x80, 0xff, 0x80, 0x80, 0x80, 0xff, 0x80, 0x80, 0x80, 0xff, 0x80, 0x80, 0x80, 0xff, 0x80, 0x80, 0x80, 0xff, 0x80, 0x80, 0x80, 0xff, 0x80, 0x80, 0x80, 0xff, 
  0x80, 0x80, 0x80, 0xff, 0x80, 0x80, 0x80, 0xff, 0x80, 0x80, 0x80, 0xff, 0x80, 0x80, 0x80, 0xff, 0x80, 0x80, 0x80, 0xff, 0x80, 0x80, 0x80, 0xff, 0x80, 0x80, 0x80, 0xff, 
  0x80, 0x80, 0x80, 0xff, 0x80, 0x80, 0x80, 0xff, 0x80, 0x80, 0x80, 0xff, 0x80, 0x80, 0x80, 0xff, 0x80, 0x80, 0x80, 0xff, 0x80, 0x80, 0x80, 0xff, 0x80, 0x80, 0x80, 0xff, 
  0x80, 0x80, 0x80, 0xff, 0x80, 0x80, 0x80, 0xff, 0x81, 0x81, 0x81, 0xfc, 0x80, 0x80, 0x80, 0xff, 0xc3, 0xc3, 0xc3, 0xbf, 0xff, 0xff, 0xff, 0xff, 0xff, 0xff, 0xff, 0xff, 
  0xff, 0xff, 0xff, 0xff, 0xff, 0xff, 0xff, 0xff, 0xff, 0xff, 0xff, 0xff, 0xff, 0xff, 0xff, 0xff, 0xff, 0xff, 0xff, 0xff, 0xff, 0xff, 0xff, 0xff, 0xff, 0xff, 0xff, 0xff, 
  0xff, 0xff, 0xff, 0xff, 0xff, 0xff, 0xff, 0xff, 0xff, 0xff, 0xff, 0xff, 0xff, 0xff, 0xff, 0xff, 0xff, 0xff, 0xff, 0xff, 0xff, 0xff, 0xff, 0xff, 0xff, 0xff, 0xff, 0xff, 
  0xff, 0xff, 0xff, 0xff, 0xff, 0xff, 0xff, 0xff, 0xff, 0xff, 0xff, 0xff, 0xff, 0xff, 0xff, 0xff, 0xff, 0xff, 0xff, 0xff, 0xff, 0xff, 0xff, 0xff, 0xff, 0xff, 0xff, 0xfe, 
  0xff, 0xff, 0xff, 0xff, 0xed, 0xed, 0xed, 0xe0, 0xa2, 0xa2, 0xa2, 0xcd, 0x80, 0x80, 0x80, 0xff, 0x80, 0x80, 0x80, 0xff, 0x80, 0x80, 0x80, 0xfe, 0x80, 0x80, 0x80, 0xfe, 
  0x80, 0x80, 0x80, 0xff, 0x80, 0x80, 0x80, 0xff, 0x80, 0x80, 0x80, 0xff, 0x80, 0x80, 0x80, 0xff, 0x80, 0x80, 0x80, 0xff, 0x80, 0x80, 0x80, 0xff, 0x80, 0x80, 0x80, 0xff, 
  0x80, 0x80, 0x80, 0xff, 0x80, 0x80, 0x80, 0xff, 0x80, 0x80, 0x80, 0xff, 0x80, 0x80, 0x80, 0xff, 0x80, 0x80, 0x80, 0xff, 0x80, 0x80, 0x80, 0xff, 0x80, 0x80, 0x80, 0xff, 
  0x80, 0x80, 0x80, 0xfe, 0x80, 0x80, 0x80, 0xfe, 0x80, 0x80, 0x80, 0xff, 0x80, 0x80, 0x80, 0xff, 0xa2, 0xa2, 0xa2, 0xcd, 0xee, 0xee, 0xee, 0xe1, 0xff, 0xff, 0xff, 0xff, 
  0xff, 0xff, 0xff, 0xfe, 0xff, 0xff, 0xff, 0xff, 0xff, 0xff, 0xff, 0xff, 0xff, 0xff, 0xff, 0xff, 0xff, 0xff, 0xff, 0xff, 0xff, 0xff, 0xff, 0xff, 0xff, 0xff, 0xff, 0xff, 
  0xff, 0xff, 0xff, 0xff, 0xff, 0xff, 0xff, 0xff, 0xff, 0xff, 0xff, 0xff, 0xff, 0xff, 0xff, 0xff, 0xff, 0xff, 0xff, 0xff, 0xff, 0xff, 0xff, 0xff, 0xff, 0xff, 0xff, 0xff, 
  0xff, 0xff, 0xff, 0xff, 0xff, 0xff, 0xff, 0xff, 0xff, 0xff, 0xff, 0xff, 0xff, 0xff, 0xff, 0xff, 0xff, 0xff, 0xff, 0xff, 0xff, 0xff, 0xff, 0xff, 0xff, 0xff, 0xff, 0xff, 
  0xff, 0xff, 0xff, 0xff, 0xff, 0xff, 0xff, 0xff, 0xc3, 0xc3, 0xc3, 0xbf, 0x80, 0x80, 0x80, 0xff, 0x81, 0x81, 0x81, 0xfc, 0x80, 0x80, 0x80, 0xff, 0x80, 0x80, 0x80, 0xff, 
  0x80, 0x80, 0x80, 0xff, 0x80, 0x80, 0x80, 0xff, 0x80, 0x80, 0x80, 0xff, 0x80, 0x80, 0x80, 0xff, 0x80, 0x80, 0x80, 0xff, 0x80, 0x80, 0x80, 0xff, 0x80, 0x80, 0x80, 0xff, 
  0x80, 0x80, 0x80, 0xff, 0x80, 0x80, 0x80, 0xff, 0x80, 0x80, 0x80, 0xff, 0x80, 0x80, 0x80, 0xff, 0x80, 0x80, 0x80, 0xff, 0x80, 0x80, 0x80, 0xff, 0x80, 0x80, 0x80, 0xff, 
  0x80, 0x80, 0x80, 0xff, 0x80, 0x80, 0x80, 0xff, 0x80, 0x80, 0x80, 0xff, 0x80, 0x80, 0x80, 0xff, 0x80, 0x80, 0x80, 0xff, 0x80, 0x80, 0x80, 0xff, 0x80, 0x80, 0x80, 0xff, 
  0x80, 0x80, 0x80, 0xff, 0x80, 0x80, 0x80, 0xff, 0x80, 0x80, 0x80, 0xff, 0x80, 0x80, 0x80, 0xff, 0x80, 0x80, 0x80, 0xff, 0x80, 0x80, 0x80, 0xff, 0x80, 0x80, 0x80, 0xff, 
  0x80, 0x80, 0x80, 0xff, 0x80, 0x80, 0x80, 0xff, 0x81, 0x81, 0x81, 0xfc, 0x80, 0x80, 0x80, 0xff, 0xc3, 0xc3, 0xc3, 0xbf, 0xff, 0xff, 0xff, 0xff, 0xff, 0xff, 0xff, 0xff, 
  0xff, 0xff, 0xff, 0xff, 0xff, 0xff, 0xff, 0xff, 0xff, 0xff, 0xff, 0xff, 0xff, 0xff, 0xff, 0xff, 0xff, 0xff, 0xff, 0xff, 0xff, 0xff, 0xff, 0xff, 0xff, 0xff, 0xff, 0xff, 
  0xff, 0xff, 0xff, 0xff, 0xff, 0xff, 0xff, 0xff, 0xff, 0xff, 0xff, 0xff, 0xff, 0xff, 0xff, 0xff, 0xff, 0xff, 0xff, 0xff, 0xff, 0xff, 0xff, 0xff, 0xff, 0xff, 0xff, 0xff, 
  0xff, 0xff, 0xff, 0xff, 0xff, 0xff, 0xff, 0xff, 0xff, 0xff, 0xff, 0xff, 0xff, 0xff, 0xff, 0xff, 0xff, 0xff, 0xff, 0xff, 0xfe, 0xfe, 0xfe, 0xfc, 0xff, 0xff, 0xff, 0xff, 
  0xe8, 0xe8, 0xe8, 0xd9, 0x95, 0x95, 0x95, 0xdb, 0x80, 0x80, 0x80, 0xff, 0x82, 0x82, 0x82, 0xfb, 0x80, 0x80, 0x80, 0xff, 0x80, 0x80, 0x80, 0xff, 0x80, 0x80, 0x80, 0xff, 
  0x80, 0x80, 0x80, 0xff, 0x80, 0x80, 0x80, 0xff, 0x80, 0x80, 0x80, 0xff, 0x80, 0x80, 0x80, 0xfe, 0x81, 0x81, 0x81, 0xfd, 0x81, 0x81, 0x81, 0xfd, 0x81, 0x81, 0x81, 0xfc, 
  0x81, 0x81, 0x81, 0xfc, 0x81, 0x81, 0x81, 0xfd, 0x81, 0x81, 0x81, 0xfd, 0x80, 0x80, 0x80, 0xfe, 0x80, 0x80, 0x80, 0xff, 0x80, 0x80, 0x80, 0xff, 0x80, 0x80, 0x80, 0xff, 
  0x80, 0x80, 0x80, 0xff, 0x80, 0x80, 0x80, 0xff, 0x80, 0x80, 0x80, 0xff, 0x82, 0x82, 0x82, 0xfb, 0x80, 0x80, 0x80, 0xff, 0x95, 0x95, 0x95, 0xdb, 0xe8, 0xe8, 0xe8, 0xd9, 
  0xff, 0xff, 0xff, 0xff, 0xfe, 0xfe, 0xfe, 0xfc, 0xff, 0xff, 0xff, 0xff, 0xff, 0xff, 0xff, 0xff, 0xff, 0xff, 0xff, 0xff, 0xff, 0xff, 0xff, 0xff, 0xff, 0xff, 0xff, 0xff, 
  0xff, 0xff, 0xff, 0xff, 0xff, 0xff, 0xff, 0xff, 0xff, 0xff, 0xff, 0xff, 0xff, 0xff, 0xff, 0xff, 0xff, 0xff, 0xff, 0xff, 0xff, 0xff, 0xff, 0xff, 0xff, 0xff, 0xff, 0xff, 
  0xff, 0xff, 0xff, 0xff, 0xff, 0xff, 0xff, 0xff, 0xff, 0xff, 0xff, 0xff, 0xff, 0xff, 0xff, 0xff, 0xff, 0xff, 0xff, 0xff, 0xff, 0xff, 0xff, 0xff, 0xff, 0xff, 0xff, 0xff, 
  0xff, 0xff, 0xff, 0xff, 0xff, 0xff, 0xff, 0xff, 0xc3, 0xc3, 0xc3, 0xbf, 0x80, 0x80, 0x80, 0xff, 0x81, 0x81, 0x81, 0xfc, 0x80, 0x80, 0x80, 0xff, 0x80, 0x80, 0x80, 0xff, 
  0x80, 0x80, 0x80, 0xff, 0x80, 0x80, 0x80, 0xff, 0x80, 0x80, 0x80, 0xff, 0x80, 0x80, 0x80, 0xff, 0x80, 0x80, 0x80, 0xff, 0x80, 0x80, 0x80, 0xff, 0x80, 0x80, 0x80, 0xff, 
  0x80, 0x80, 0x80, 0xff, 0x80, 0x80, 0x80, 0xff, 0x80, 0x80, 0x80, 0xff, 0x80, 0x80, 0x80, 0xff, 0x80, 0x80, 0x80, 0xff, 0x80, 0x80, 0x80, 0xff, 0x80, 0x80, 0x80, 0xff, 
  0x80, 0x80, 0x80, 0xff, 0x80, 0x80, 0x80, 0xff, 0x80, 0x80, 0x80, 0xff, 0x80, 0x80, 0x80, 0xff, 0x80, 0x80, 0x80, 0xff, 0x80, 0x80, 0x80, 0xff, 0x80, 0x80, 0x80, 0xff, 
  0x80, 0x80, 0x80, 0xff, 0x80, 0x80, 0x80, 0xff, 0x80, 0x80, 0x80, 0xff, 0x80, 0x80, 0x80, 0xff, 0x80, 0x80, 0x80, 0xff, 0x80, 0x80, 0x80, 0xff, 0x80, 0x80, 0x80, 0xff, 
  0x80, 0x80, 0x80, 0xff, 0x80, 0x80, 0x80, 0xff, 0x81, 0x81, 0x81, 0xfc, 0x80, 0x80, 0x80, 0xff, 0xc3, 0xc3, 0xc3, 0xbf, 0xff, 0xff, 0xff, 0xff, 0xff, 0xff, 0xff, 0xff, 
  0xff, 0xff, 0xff, 0xff, 0xff, 0xff, 0xff, 0xff, 0xff, 0xff, 0xff, 0xff, 0xff, 0xff, 0xff, 0xff, 0xff, 0xff, 0xff, 0xff, 0xff, 0xff, 0xff, 0xff, 0xff, 0xff, 0xff, 0xff, 
  0xff, 0xff, 0xff, 0xff, 0xff, 0xff, 0xff, 0xff, 0xff, 0xff, 0xff, 0xff, 0xff, 0xff, 0xff, 0xff, 0xff, 0xff, 0xff, 0xff, 0xff, 0xff, 0xff, 0xff, 0xff, 0xff, 0xff, 0xff, 
  0xff, 0xff, 0xff, 0xff, 0xff, 0xff, 0xff, 0xff, 0xff, 0xff, 0xff, 0xff, 0xff, 0xff, 0xff, 0xff, 0xfe, 0xfe, 0xfe, 0xfc, 0xff, 0xff, 0xff, 0xff, 0xed, 0xed, 0xed, 0xe0, 
  0x96, 0x96, 0x96, 0xda, 0x80, 0x80, 0x80, 0xff, 0x82, 0x82, 0x82, 0xfa, 0x80, 0x80, 0x80, 0xff, 0x80, 0x80, 0x80, 0xff, 0x80, 0x80, 0x80, 0xff, 0x80, 0x80, 0x80, 0xff, 
  0x80, 0x80, 0x80, 0xff, 0x80, 0x80, 0x80, 0xfe, 0x82, 0x82, 0x82, 0xfb, 0x80, 0x80, 0x80, 0xff, 0x80, 0x80, 0x80, 0xff, 0x80, 0x80, 0x80, 0xff, 0x80, 0x80, 0x80, 0xff, 
  0x80, 0x80, 0x80, 0xff, 0x80, 0x80, 0x80, 0xff, 0x80, 0x80, 0x80, 0xff, 0x80, 0x80, 0x80, 0xff, 0x82, 0x82, 0x82, 0xfb, 0x80, 0x80, 0x80, 0xfe, 0x80, 0x80, 0x80, 0xff, 
  0x80, 0x80, 0x80, 0xff, 0x80, 0x80, 0x80, 0xff, 0x80, 0x80, 0x80, 0xff, 0x80, 0x80, 0x80, 0xff, 0x82, 0x82, 0x82, 0xfa, 0x80, 0x80, 0x80, 0xff, 0x97, 0x97, 0x97, 0xd9, 
  0xee, 0xee, 0xee, 0xe1, 0xff, 0xff, 0xff, 0xff, 0xfe, 0xfe, 0xfe, 0xfc, 0xff, 0xff, 0xff, 0xff, 0xff, 0xff, 0xff, 0xff, 0xff, 0xff, 0xff, 0xff, 0xff, 0xff, 0xff, 0xff, 
  0xff, 0xff, 0xff, 0xff, 0xff, 0xff, 0xff, 0xff, 0xff, 0xff, 0xff, 0xff, 0xff, 0xff, 0xff, 0xff, 0xff, 0xff, 0xff, 0xff, 0xff, 0xff, 0xff, 0xff, 0xff, 0xff, 0xff, 0xff, 
  0xff, 0xff, 0xff, 0xff, 0xff, 0xff, 0xff, 0xff, 0xff, 0xff, 0xff, 0xff, 0xff, 0xff, 0xff, 0xff, 0xff, 0xff, 0xff, 0xff, 0xff, 0xff, 0xff, 0xff, 0xff, 0xff, 0xff, 0xff, 
  0xff, 0xff, 0xff, 0xff, 0xff, 0xff, 0xff, 0xff, 0xc3, 0xc3, 0xc3, 0xbf, 0x80, 0x80, 0x80, 0xff, 0x81, 0x81, 0x81, 0xfc, 0x80, 0x80, 0x80, 0xff, 0x80, 0x80, 0x80, 0xff, 
  0x80, 0x80, 0x80, 0xff, 0x80, 0x80, 0x80, 0xff, 0x80, 0x80, 0x80, 0xff, 0x80, 0x80, 0x80, 0xff, 0x80, 0x80, 0x80, 0xff, 0x80, 0x80, 0x80, 0xff, 0x80, 0x80, 0x80, 0xff, 
  0x80, 0x80, 0x80, 0xff, 0x80, 0x80, 0x80, 0xff, 0x80, 0x80, 0x80, 0xff, 0x80, 0x80, 0x80, 0xff, 0x80, 0x80, 0x80, 0xff, 0x80, 0x80, 0x80, 0xff, 0x80, 0x80, 0x80, 0xff, 
  0x80, 0x80, 0x80, 0xff, 0x80, 0x80, 0x80, 0xff, 0x80, 0x80, 0x80, 0xff, 0x80, 0x80, 0x80, 0xff, 0x80, 0x80, 0x80, 0xff, 0x80, 0x80, 0x80, 0xff, 0x80, 0x80, 0x80, 0xff, 
  0x80, 0x80, 0x80, 0xff, 0x80, 0x80, 0x80, 0xff, 0x80, 0x80, 0x80, 0xff, 0x80, 0x80, 0x80, 0xff, 0x80, 0x80, 0x80, 0xff, 0x80, 0x80, 0x80, 0xff, 0x80, 0x80, 0x80, 0xff, 
  0x80, 0x80, 0x80, 0xff, 0x80, 0x80, 0x80, 0xff, 0x81, 0x81, 0x81, 0xfc, 0x80, 0x80, 0x80, 0xff, 0xc3, 0xc3, 0xc3, 0xbf, 0xff, 0xff, 0xff, 0xff, 0xff, 0xff, 0xff, 0xff, 
  0xff, 0xff, 0xff, 0xff, 0xff, 0xff, 0xff, 0xff, 0xff, 0xff, 0xff, 0xff, 0xff, 0xff, 0xff, 0xff, 0xff, 0xff, 0xff, 0xff, 0xff, 0xff, 0xff, 0xff, 0xff, 0xff, 0xff, 0xff, 
  0xff, 0xff, 0xff, 0xff, 0xff, 0xff, 0xff, 0xff, 0xff, 0xff, 0xff, 0xff, 0xff, 0xff, 0xff, 0xff, 0xff, 0xff, 0xff, 0xff, 0xff, 0xff, 0xff, 0xff, 0xff, 0xff, 0xff, 0xff, 
  0xff, 0xff, 0xff, 0xff, 0xff, 0xff, 0xff, 0xff, 0xff, 0xff, 0xff, 0xff, 0xff, 0xff, 0xff, 0xfe, 0xff, 0xff, 0xff, 0xfe, 0xfa, 0xfa, 0xfa, 0xf4, 0xa2, 0xa2, 0xa2, 0xcd, 
  0x80, 0x80, 0x80, 0xff, 0x82, 0x82, 0x82, 0xfa, 0x80, 0x80, 0x80, 0xff, 0x80, 0x80, 0x80, 0xff, 0x80, 0x80, 0x80, 0xff, 0x80, 0x80, 0x80, 0xff, 0x80, 0x80, 0x80, 0xff, 
  0x81, 0x81, 0x81, 0xfc, 0x80, 0x80, 0x80, 0xff, 0x80, 0x80, 0x80, 0xff, 0x81, 0x81, 0x81, 0xfd, 0x90, 0x90, 0x90, 0xe3, 0x98, 0x98, 0x98, 0xd7, 0x9d, 0x9d, 0x9d, 0xd2, 
  0x9d, 0x9d, 0x9d, 0xd2, 0x98, 0x98, 0x98, 0xd7, 0x8f, 0x8f, 0x8f, 0xe4, 0x81, 0x81, 0x81, 0xfd, 0x80, 0x80, 0x80, 0xff, 0x80, 0x80, 0x80, 0xff, 0x81, 0x81, 0x81, 0xfc, 
  0x80, 0x80, 0x80, 0xff, 0x80, 0x80, 0x80, 0xff, 0x80, 0x80, 0x80, 0xff, 0x80, 0x80, 0x80, 0xff, 0x80, 0x80, 0x80, 0xff, 0x82, 0x82, 0x82, 0xfa, 0x80, 0x80, 0x80, 0xff, 
  0xa2, 0xa2, 0xa2, 0xcd, 0xfa, 0xfa, 0xfa, 0xf5, 0xff, 0xff, 0xff, 0xfe, 0xff, 0xff, 0xff, 0xfe, 0xff, 0xff, 0xff, 0xff, 0xff, 0xff, 0xff, 0xff, 0xff, 0xff, 0xff, 0xff, 
  0xff, 0xff, 0xff, 0xff, 0xff, 0xff, 0xff, 0xff, 0xff, 0xff, 0xff, 0xff, 0xff, 0xff, 0xff, 0xff, 0xff, 0xff, 0xff, 0xff, 0xff, 0xff, 0xff, 0xff, 0xff, 0xff, 0xff, 0xff, 
  0xff, 0xff, 0xff, 0xff, 0xff, 0xff, 0xff, 0xff, 0xff, 0xff, 0xff, 0xff, 0xff, 0xff, 0xff, 0xff, 0xff, 0xff, 0xff, 0xff, 0xff, 0xff, 0xff, 0xff, 0xff, 0xff, 0xff, 0xff, 
  0xff, 0xff, 0xff, 0xff, 0xff, 0xff, 0xff, 0xff, 0xc3, 0xc3, 0xc3, 0xbf, 0x80, 0x80, 0x80, 0xff, 0x81, 0x81, 0x81, 0xfc, 0x80, 0x80, 0x80, 0xff, 0x80, 0x80, 0x80, 0xff, 
  0x80, 0x80, 0x80, 0xff, 0x80, 0x80, 0x80, 0xff, 0x80, 0x80, 0x80, 0xff, 0x80, 0x80, 0x80, 0xff, 0x80, 0x80, 0x80, 0xff, 0x80, 0x80, 0x80, 0xff, 0x80, 0x80, 0x80, 0xff, 
  0x80, 0x80, 0x80, 0xff, 0x80, 0x80, 0x80, 0xff, 0x80, 0x80, 0x80, 0xff, 0x80, 0x80, 0x80, 0xff, 0x80, 0x80, 0x80, 0xff, 0x80, 0x80, 0x80, 0xff, 0x80, 0x80, 0x80, 0xff, 
  0x80, 0x80, 0x80, 0xff, 0x80, 0x80, 0x80, 0xff, 0x80, 0x80, 0x80, 0xff, 0x80, 0x80, 0x80, 0xff, 0x80, 0x80, 0x80, 0xff, 0x80, 0x80, 0x80, 0xff, 0x80, 0x80, 0x80, 0xff, 
  0x80, 0x80, 0x80, 0xff, 0x80, 0x80, 0x80, 0xff, 0x80, 0x80, 0x80, 0xff, 0x80, 0x80, 0x80, 0xff, 0x80, 0x80, 0x80, 0xff, 0x80, 0x80, 0x80, 0xff, 0x80, 0x80, 0x80, 0xff, 
  0x80, 0x80, 0x80, 0xff, 0x80, 0x80, 0x80, 0xff, 0x81, 0x81, 0x81, 0xfc, 0x80, 0x80, 0x80, 0xff, 0xc3, 0xc3, 0xc3, 0xbf, 0xff, 0xff, 0xff, 0xff, 0xff, 0xff, 0xff, 0xff, 
  0xff, 0xff, 0xff, 0xff, 0xff, 0xff, 0xff, 0xff, 0xff, 0xff, 0xff, 0xff, 0xff, 0xff, 0xff, 0xff, 0xff, 0xff, 0xff, 0xff, 0xff, 0xff, 0xff, 0xff, 0xff, 0xff, 0xff, 0xff, 
  0xff, 0xff, 0xff, 0xff, 0xff, 0xff, 0xff, 0xff, 0xff, 0xff, 0xff, 0xff, 0xff, 0xff, 0xff, 0xff, 0xff, 0xff, 0xff, 0xff, 0xff, 0xff, 0xff, 0xff, 0xff, 0xff, 0xff, 0xff, 
  0xff, 0xff, 0xff, 0xff, 0xff, 0xff, 0xff, 0xff, 0xff, 0xff, 0xff, 0xff, 0xff, 0xff, 0xff, 0xfe, 0xff, 0xff, 0xff, 0xff, 0xbc, 0xbc, 0xbc, 0xbf, 0x80, 0x80, 0x80, 0xff, 
  0x81, 0x81, 0x81, 0xfc, 0x80, 0x80, 0x80, 0xff, 0x80, 0x80, 0x80, 0xff, 0x80, 0x80, 0x80, 0xff, 0x80, 0x80, 0x80, 0xff, 0x80, 0x80, 0x80, 0xff, 0x81, 0x81, 0x81, 0xfc, 
  0x80, 0x80, 0x80, 0xff, 0x84, 0x84, 0x84, 0xf7, 0xad, 0xad, 0xad, 0xc5, 0xd1, 0xd1, 0xd1, 0xc4, 0xee, 0xee, 0xee, 0xe1, 0xff, 0xff, 0xff, 0xff, 0xff, 0xff, 0xff, 0xff, 
  0xff, 0xff, 0xff, 0xff, 0xff, 0xff, 0xff, 0xff, 0xee, 0xee, 0xee, 0xe1, 0xd1, 0xd1, 0xd1, 0xc4, 0xac, 0xac, 0xac, 0xc5, 0x83, 0x83, 0x83, 0xf8, 0x80, 0x80, 0x80, 0xff, 
  0x81, 0x81, 0x81, 0xfc, 0x80, 0x80, 0x80, 0xff, 0x80, 0x80, 0x80, 0xff, 0x80, 0x80, 0x80, 0xff, 0x80, 0x80, 0x80, 0xff, 0x80, 0x80, 0x80, 0xff, 0x81, 0x81, 0x81, 0xfc, 
  0x80, 0x80, 0x80, 0xff, 0xbd, 0xbd, 0xbd, 0xbf, 0xff, 0xff, 0xff, 0xff, 0xff, 0xff, 0xff, 0xfe, 0xff, 0xff, 0xff, 0xff, 0xff, 0xff, 0xff, 0xff, 0xff, 0xff, 0xff, 0xff, 
  0xff, 0xff, 0xff, 0xff, 0xff, 0xff, 0xff, 0xff, 0xff, 0xff, 0xff, 0xff, 0xff, 0xff, 0xff, 0xff, 0xff, 0xff, 0xff, 0xff, 0xff, 0xff, 0xff, 0xff, 0xff, 0xff, 0xff, 0xff, 
  0xff, 0xff, 0xff, 0xff, 0xff, 0xff, 0xff, 0xff, 0xff, 0xff, 0xff, 0xff, 0xff, 0xff, 0xff, 0xff, 0xff, 0xff, 0xff, 0xff, 0xff, 0xff, 0xff, 0xff, 0xff, 0xff, 0xff, 0xff, 
  0xff, 0xff, 0xff, 0xff, 0xff, 0xff, 0xff, 0xff, 0xc3, 0xc3, 0xc3, 0xbf, 0x80, 0x80, 0x80, 0xff, 0x81, 0x81, 0x81, 0xfc, 0x80, 0x80, 0x80, 0xff, 0x80, 0x80, 0x80, 0xff, 
  0x80, 0x80, 0x80, 0xff, 0x80, 0x80, 0x80, 0xff, 0x80, 0x80, 0x80, 0xff, 0x80, 0x80, 0x80, 0xff, 0x80, 0x80, 0x80, 0xff, 0x80, 0x80, 0x80, 0xff, 0x80, 0x80, 0x80, 0xff, 
  0x80, 0x80, 0x80, 0xff, 0x80, 0x80, 0x80, 0xff, 0x80, 0x80, 0x80, 0xff, 0x80, 0x80, 0x80, 0xff, 0x80, 0x80, 0x80, 0xff, 0x80, 0x80, 0x80, 0xff, 0x80, 0x80, 0x80, 0xff, 
  0x80, 0x80, 0x80, 0xff, 0x80, 0x80, 0x80, 0xff, 0x80, 0x80, 0x80, 0xff, 0x80, 0x80, 0x80, 0xff, 0x80, 0x80, 0x80, 0xff, 0x80, 0x80, 0x80, 0xff, 0x80, 0x80, 0x80, 0xff, 
  0x80, 0x80, 0x80, 0xff, 0x80, 0x80, 0x80, 0xff, 0x80, 0x80, 0x80, 0xff, 0x80, 0x80, 0x80, 0xff, 0x80, 0x80, 0x80, 0xff, 0x80, 0x80, 0x80, 0xff, 0x80, 0x80, 0x80, 0xff, 
  0x80, 0x80, 0x80, 0xff, 0x80, 0x80, 0x80, 0xff, 0x81, 0x81, 0x81, 0xfc, 0x80, 0x80, 0x80, 0xff, 0xc3, 0xc3, 0xc3, 0xbf, 0xff, 0xff, 0xff, 0xff, 0xff, 0xff, 0xff, 0xff, 
  0xff, 0xff, 0xff, 0xff, 0xff, 0xff, 0xff, 0xff, 0xff, 0xff, 0xff, 0xff, 0xff, 0xff, 0xff, 0xff, 0xff, 0xff, 0xff, 0xff, 0xff, 0xff, 0xff, 0xff, 0xff, 0xff, 0xff, 0xff, 
  0xff, 0xff, 0xff, 0xff, 0xff, 0xff, 0xff, 0xff, 0xff, 0xff, 0xff, 0xff, 0xff, 0xff, 0xff, 0xff, 0xff, 0xff, 0xff, 0xff, 0xff, 0xff, 0xff, 0xff, 0xff, 0xff, 0xff, 0xff, 
  0xff, 0xff, 0xff, 0xff, 0xff, 0xff, 0xff, 0xff, 0xff, 0xff, 0xff, 0xfe, 0xff, 0xff, 0xff, 0xff, 0xe5, 0xe5, 0xe5, 0xd6, 0x84, 0x84, 0x84, 0xf7, 0x81, 0x81, 0x81, 0xfd, 
  0x80, 0x80, 0x80, 0xfe, 0x80, 0x80, 0x80, 0xff, 0x80, 0x80, 0x80, 0xff, 0x80, 0x80, 0x80, 0xff, 0x80, 0x80, 0x80, 0xff, 0x80, 0x80, 0x80, 0xfe, 0x80, 0x80, 0x80, 0xff, 
  0xa1, 0xa1, 0xa1, 0xce, 0xe0, 0xe0, 0xe0, 0xd0, 0xff, 0xff, 0xff, 0xff, 0xff, 0xff, 0xff, 0xff, 0xff, 0xff, 0xff, 0xff, 0xff, 0xff, 0xff, 0xfe, 0xfd, 0xfd, 0xfd, 0xfa, 
  0xfd, 0xfd, 0xfd, 0xfa, 0xff, 0xff, 0xff, 0xfe, 0xff, 0xff, 0xff, 0xff, 0xff, 0xff, 0xff, 0xff, 0xff, 0xff, 0xff, 0xff, 0xe0, 0xe0, 0xe0, 0xd0, 0xa0, 0xa0, 0xa0, 0xcf, 
  0x80, 0x80, 0x80, 0xff, 0x80, 0x80, 0x80, 0xfe, 0x80, 0x80, 0x80, 0xff, 0x80, 0x80, 0x80, 0xff, 0x80, 0x80, 0x80, 0xff, 0x80, 0x80, 0x80, 0xff, 0x80, 0x80, 0x80, 0xfe, 
  0x81, 0x81, 0x81, 0xfd, 0x84, 0x84, 0x84, 0xf7, 0xe6, 0xe6, 0xe6, 0xd7, 0xff, 0xff, 0xff, 0xff, 0xff, 0xff, 0xff, 0xfe, 0xff, 0xff, 0xff, 0xff, 0xff, 0xff, 0xff, 0xff, 
  0xff, 0xff, 0xff, 0xff, 0xff, 0xff, 0xff, 0xff, 0xff, 0xff, 0xff, 0xff, 0xff, 0xff, 0xff, 0xff, 0xff, 0xff, 0xff, 0xff, 0xff, 0xff, 0xff, 0xff, 0xff, 0xff, 0xff, 0xff, 
  0xff, 0xff, 0xff, 0xff, 0xff, 0xff, 0xff, 0xff, 0xff, 0xff, 0xff, 0xff, 0xff, 0xff, 0xff, 0xff, 0xff, 0xff, 0xff, 0xff, 0xff, 0xff, 0xff, 0xff, 0xff, 0xff, 0xff, 0xff, 
  0xff, 0xff, 0xff, 0xff, 0xff, 0xff, 0xff, 0xff, 0xc3, 0xc3, 0xc3, 0xbf, 0x80, 0x80, 0x80, 0xff, 0x81, 0x81, 0x81, 0xfc, 0x80, 0x80, 0x80, 0xff, 0x80, 0x80, 0x80, 0xff, 
  0x80, 0x80, 0x80, 0xff, 0x80, 0x80, 0x80, 0xff, 0x80, 0x80, 0x80, 0xff, 0x80, 0x80, 0x80, 0xff, 0x80, 0x80, 0x80, 0xff, 0x80, 0x80, 0x80, 0xff, 0x80, 0x80, 0x80, 0xff, 
  0x80, 0x80, 0x80, 0xff, 0x80, 0x80, 0x80, 0xff, 0x80, 0x80, 0x80, 0xff, 0x80, 0x80, 0x80, 0xff, 0x80, 0x80, 0x80, 0xff, 0x80, 0x80, 0x80, 0xff, 0x80, 0x80, 0x80, 0xff, 
  0x80, 0x80, 0x80, 0xff, 0x80, 0x80, 0x80, 0xff, 0x80, 0x80, 0x80, 0xff, 0x80, 0x80, 0x80, 0xff, 0x80, 0x80, 0x80, 0xff, 0x80, 0x80, 0x80, 0xff, 0x80, 0x80, 0x80, 0xff, 
  0x80, 0x80, 0x80, 0xff, 0x80, 0x80, 0x80, 0xff, 0x80, 0x80, 0x80, 0xff, 0x80, 0x80, 0x80, 0xff, 0x80, 0x80, 0x80, 0xff, 0x80, 0x80, 0x80, 0xff, 0x80, 0x80, 0x80, 0xff, 
  0x80, 0x80, 0x80, 0xff, 0x80, 0x80, 0x80, 0xff, 0x81, 0x81, 0x81, 0xfc, 0x80, 0x80, 0x80, 0xff, 0xc3, 0xc3, 0xc3, 0xbf, 0xff, 0xff, 0xff, 0xff, 0xff, 0xff, 0xff, 0xff, 
  0xff, 0xff, 0xff, 0xff, 0xff, 0xff, 0xff, 0xff, 0xff, 0xff, 0xff, 0xff, 0xff, 0xff, 0xff, 0xff, 0xff, 0xff, 0xff, 0xff, 0xff, 0xff, 0xff, 0xff, 0xff, 0xff, 0xff, 0xff, 
  0xff, 0xff, 0xff, 0xff, 0xff, 0xff, 0xff, 0xff, 0xff, 0xff, 0xff, 0xff, 0xff, 0xff, 0xff, 0xff, 0xff, 0xff, 0xff, 0xff, 0xff, 0xff, 0xff, 0xff, 0xff, 0xff, 0xff, 0xff, 
  0xff, 0xff, 0xff, 0xff, 0xff, 0xff, 0xff, 0xff, 0xff, 0xff, 0xff, 0xfe, 0xff, 0xff, 0xff, 0xff, 0xa4, 0xa4, 0xa4, 0xcb, 0x80, 0x80, 0x80, 0xff, 0x80, 0x80, 0x80, 0xfe, 
  0x80, 0x80, 0x80, 0xff, 0x80, 0x80, 0x80, 0xff, 0x80, 0x80, 0x80, 0xff, 0x80, 0x80, 0x80, 0xff, 0x80, 0x80, 0x80, 0xfe, 0x80, 0x80, 0x80, 0xff, 0xb3, 0xb3, 0xb3, 0xc2, 
  0xf9, 0xf9, 0xf9, 0xf3, 0xff, 0xff, 0xff, 0xff, 0xfe, 0xfe, 0xfe, 0xfd, 0xfd, 0xfd, 0xfd, 0xfa, 0xfe, 0xfe, 0xfe, 0xfd, 0xff, 0xff, 0xff, 0xfe, 0xff, 0xff, 0xff, 0xff, 
  0xff, 0xff, 0xff, 0xff, 0xff, 0xff, 0xff, 0xfe, 0xfe, 0xfe, 0xfe, 0xfd, 0xfd, 0xfd, 0xfd, 0xfa, 0xfe, 0xfe, 0xfe, 0xfd, 0xff, 0xff, 0xff, 0xff, 0xf9, 0xf9, 0xf9, 0xf3, 
  0xb2, 0xb2, 0xb2, 0xc2, 0x80, 0x80, 0x80, 0xff, 0x81, 0x81, 0x81, 0xfd, 0x80, 0x80, 0x80, 0xff, 0x80, 0x80, 0x80, 0xff, 0x80, 0x80, 0x80, 0xff, 0x80, 0x80, 0x80, 0xff, 
  0x80, 0x80, 0x80, 0xfe, 0x80, 0x80, 0x80, 0xff, 0xa6, 0xa6, 0xa6, 0xca, 0xff, 0xff, 0xff, 0xff, 0xff, 0xff, 0xff, 0xfe, 0xff, 0xff, 0xff, 0xff, 0xff, 0xff, 0xff, 0xff, 
  0xff, 0xff, 0xff, 0xff, 0xff, 0xff, 0xff, 0xff, 0xff, 0xff, 0xff, 0xff, 0xff, 0xff, 0xff, 0xff, 0xff, 0xff, 0xff, 0xff, 0xff, 0xff, 0xff, 0xff, 0xff, 0xff, 0xff, 0xff, 
  0xff, 0xff, 0xff, 0xff, 0xff, 0xff, 0xff, 0xff, 0xff, 0xff, 0xff, 0xff, 0xff, 0xff, 0xff, 0xff, 0xff, 0xff, 0xff, 0xff, 0xff, 0xff, 0xff, 0xff, 0xff, 0xff, 0xff, 0xff, 
  0xff, 0xff, 0xff, 0xff, 0xff, 0xff, 0xff, 0xff, 0xc3, 0xc3, 0xc3, 0xbf, 0x80, 0x80, 0x80, 0xff, 0x81, 0x81, 0x81, 0xfc, 0x80, 0x80, 0x80, 0xff, 0x80, 0x80, 0x80, 0xff, 
  0x80, 0x80, 0x80, 0xff, 0x80, 0x80, 0x80, 0xff, 0x80, 0x80, 0x80, 0xff, 0x80, 0x80, 0x80, 0xff, 0x80, 0x80, 0x80, 0xff, 0x80, 0x80, 0x80, 0xff, 0x80, 0x80, 0x80, 0xff, 
  0x80, 0x80, 0x80, 0xff, 0x80, 0x80, 0x80, 0xff, 0x80, 0x80, 0x80, 0xff, 0x80, 0x80, 0x80, 0xff, 0x80, 0x80, 0x80, 0xff, 0x80, 0x80, 0x80, 0xff, 0x80, 0x80, 0x80, 0xff, 
  0x80, 0x80, 0x80, 0xff, 0x80, 0x80, 0x80, 0xff, 0x80, 0x80, 0x80, 0xff, 0x80, 0x80, 0x80, 0xff, 0x80, 0x80, 0x80, 0xff, 0x80, 0x80, 0x80, 0xff, 0x80, 0x80, 0x80, 0xff, 
  0x80, 0x80, 0x80, 0xff, 0x80, 0x80, 0x80, 0xff, 0x80, 0x80, 0x80, 0xff, 0x80, 0x80, 0x80, 0xff, 0x80, 0x80, 0x80, 0xff, 0x80, 0x80, 0x80, 0xff, 0x80, 0x80, 0x80, 0xff, 
  0x80, 0x80, 0x80, 0xff, 0x80, 0x80, 0x80, 0xff, 0x81, 0x81, 0x81, 0xfc, 0x80, 0x80, 0x80, 0xff, 0xc3, 0xc3, 0xc3, 0xbf, 0xff, 0xff, 0xff, 0xff, 0xff, 0xff, 0xff, 0xff, 
  0xff, 0xff, 0xff, 0xff, 0xff, 0xff, 0xff, 0xff, 0xff, 0xff, 0xff, 0xff, 0xff, 0xff, 0xff, 0xff, 0xff, 0xff, 0xff, 0xff, 0xff, 0xff, 0xff, 0xff, 0xff, 0xff, 0xff, 0xff, 
  0xff, 0xff, 0xff, 0xff, 0xff, 0xff, 0xff, 0xff, 0xff, 0xff, 0xff, 0xff, 0xff, 0xff, 0xff, 0xff, 0xff, 0xff, 0xff, 0xff, 0xff, 0xff, 0xff, 0xff, 0xff, 0xff, 0xff, 0xff, 
  0xff, 0xff, 0xff, 0xff, 0xfe, 0xfe, 0xfe, 0xfd, 0xff, 0xff, 0xff, 0xfe, 0xe1, 0xe1, 0xe1, 0xd1, 0x84, 0x84, 0x84, 0xf6, 0x80, 0x80, 0x80, 0xfe, 0x80, 0x80, 0x80, 0xfe, 
  0x80, 0x80, 0x80, 0xff, 0x80, 0x80, 0x80, 0xff, 0x80, 0x80, 0x80, 0xff, 0x81, 0x81, 0x81, 0xfd, 0x80, 0x80, 0x80, 0xff, 0xb3, 0xb3, 0xb3, 0xc2, 0xff, 0xff, 0xff, 0xff, 
  0xff, 0xff, 0xff, 0xff, 0xfe, 0xfe, 0xfe, 0xfc, 0xff, 0xff, 0xff, 0xfe, 0xff, 0xff, 0xff, 0xff, 0xff, 0xff, 0xff, 0xff, 0xff, 0xff, 0xff, 0xff, 0xff, 0xff, 0xff, 0xff, 
  0xff, 0xff, 0xff, 0xff, 0xff, 0xff, 0xff, 0xff, 0xff, 0xff, 0xff, 0xff, 0xff, 0xff, 0xff, 0xff, 0xff, 0xff, 0xff, 0xfe, 0xfe, 0xfe, 0xfe, 0xfc, 0xff, 0xff, 0xff, 0xff, 
  0xff, 0xff, 0xff, 0xff, 0xb1, 0xb1, 0xb1, 0xc2, 0x80, 0x80, 0x80, 0xff, 0x80, 0x80, 0x80, 0xfe, 0x80, 0x80, 0x80, 0xff, 0x80, 0x80, 0x80, 0xff, 0x80, 0x80, 0x80, 0xff, 
  0x80, 0x80, 0x80, 0xfe, 0x80, 0x80, 0x80, 0xfe, 0x85, 0x85, 0x85, 0xf5, 0xe2, 0xe2, 0xe2, 0xd2, 0xff, 0xff, 0xff, 0xfe, 0xfe, 0xfe, 0xfe, 0xfd, 0xff, 0xff, 0xff, 0xff, 
  0xff, 0xff, 0xff, 0xff, 0xff, 0xff, 0xff, 0xff, 0xff, 0xff, 0xff, 0xff, 0xff, 0xff, 0xff, 0xff, 0xff, 0xff, 0xff, 0xff, 0xff, 0xff, 0xff, 0xff, 0xff, 0xff, 0xff, 0xff, 
  0xff, 0xff, 0xff, 0xff, 0xff, 0xff, 0xff, 0xff, 0xff, 0xff, 0xff, 0xff, 0xff, 0xff, 0xff, 0xff, 0xff, 0xff, 0xff, 0xff, 0xff, 0xff, 0xff, 0xff, 0xff, 0xff, 0xff, 0xff, 
  0xff, 0xff, 0xff, 0xff, 0xff, 0xff, 0xff, 0xff, 0xc3, 0xc3, 0xc3, 0xbf, 0x80, 0x80, 0x80, 0xff, 0x81, 0x81, 0x81, 0xfc, 0x80, 0x80, 0x80, 0xff, 0x80, 0x80, 0x80, 0xff, 
  0x80, 0x80, 0x80, 0xff, 0x80, 0x80, 0x80, 0xff, 0x80, 0x80, 0x80, 0xff, 0x80, 0x80, 0x80, 0xff, 0x80, 0x80, 0x80, 0xff, 0x80, 0x80, 0x80, 0xff, 0x80, 0x80, 0x80, 0xff, 
  0x80, 0x80, 0x80, 0xff, 0x80, 0x80, 0x80, 0xff, 0x80, 0x80, 0x80, 0xff, 0x80, 0x80, 0x80, 0xff, 0x80, 0x80, 0x80, 0xff, 0x80, 0x80, 0x80, 0xff, 0x80, 0x80, 0x80, 0xff, 
  0x80, 0x80, 0x80, 0xff, 0x80, 0x80, 0x80, 0xff, 0x80, 0x80, 0x80, 0xff, 0x80, 0x80, 0x80, 0xff, 0x80, 0x80, 0x80, 0xff, 0x80, 0x80, 0x80, 0xff, 0x80, 0x80, 0x80, 0xff, 
  0x80, 0x80, 0x80, 0xff, 0x80, 0x80, 0x80, 0xff, 0x80, 0x80, 0x80, 0xff, 0x80, 0x80, 0x80, 0xff, 0x80, 0x80, 0x80, 0xff, 0x80, 0x80, 0x80, 0xff, 0x80, 0x80, 0x80, 0xff, 
  0x80, 0x80, 0x80, 0xff, 0x80, 0x80, 0x80, 0xff, 0x81, 0x81, 0x81, 0xfc, 0x80, 0x80, 0x80, 0xff, 0xc3, 0xc3, 0xc3, 0xbf, 0xff, 0xff, 0xff, 0xff, 0xff, 0xff, 0xff, 0xff, 
  0xff, 0xff, 0xff, 0xff, 0xff, 0xff, 0xff, 0xff, 0xff, 0xff, 0xff, 0xff, 0xff, 0xff, 0xff, 0xff, 0xff, 0xff, 0xff, 0xff, 0xff, 0xff, 0xff, 0xff, 0xff, 0xff, 0xff, 0xff, 
  0xff, 0xff, 0xff, 0xff, 0xff, 0xff, 0xff, 0xff, 0xff, 0xff, 0xff, 0xff, 0xff, 0xff, 0xff, 0xff, 0xff, 0xff, 0xff, 0xff, 0xff, 0xff, 0xff, 0xff, 0xff, 0xff, 0xff, 0xff, 
  0xff, 0xff, 0xff, 0xff, 0xfd, 0xfd, 0xfd, 0xfb, 0xff, 0xff, 0xff, 0xff, 0xb1, 0xb1, 0xb1, 0xc2, 0x80, 0x80, 0x80, 0xff, 0x81, 0x81, 0x81, 0xfd, 0x80, 0x80, 0x80, 0xff, 
  0x80, 0x80, 0x80, 0xff, 0x80, 0x80, 0x80, 0xff, 0x81, 0x81, 0x81, 0xfc, 0x80, 0x80, 0x80, 0xff, 0x9f, 0x9f, 0x9f, 0xd0, 0xfa, 0xfa, 0xfa, 0xf5, 0xff, 0xff, 0xff, 0xfe, 
  0xfe, 0xfe, 0xfe, 0xfd, 0xff, 0xff, 0xff, 0xff, 0xff, 0xff, 0xff, 0xff, 0xff, 0xff, 0xff, 0xff, 0xff, 0xff, 0xff, 0xff, 0xff, 0xff, 0xff, 0xff, 0xff, 0xff, 0xff, 0xff, 
  0xff, 0xff, 0xff, 0xff, 0xff, 0xff, 0xff, 0xff, 0xff, 0xff, 0xff, 0xff, 0xff, 0xff, 0xff, 0xff, 0xff, 0xff, 0xff, 0xff, 0xff, 0xff, 0xff, 0xff, 0xfe, 0xfe, 0xfe, 0xfd, 
  0xff, 0xff, 0xff, 0xff, 0xfa, 0xfa, 0xfa, 0xf4, 0x9d, 0x9d, 0x9d, 0xd2, 0x80, 0x80, 0x80, 0xff, 0x81, 0x81, 0x81, 0xfc, 0x80, 0x80, 0x80, 0xff, 0x80, 0x80, 0x80, 0xff, 
  0x80, 0x80, 0x80, 0xff, 0x80, 0x80, 0x80, 0xfe, 0x80, 0x80, 0x80, 0xff, 0xb2, 0xb2, 0xb2, 0xc2, 0xff, 0xff, 0xff, 0xff, 0xfd, 0xfd, 0xfd, 0xfb, 0xff, 0xff, 0xff, 0xff, 
  0xff, 0xff, 0xff, 0xff, 0xff, 0xff, 0xff, 0xff, 0xff, 0xff, 0xff, 0xff, 0xff, 0xff, 0xff, 0xff, 0xff, 0xff, 0xff, 0xff, 0xff, 0xff, 0xff, 0xff, 0xff, 0xff, 0xff, 0xff, 
  0xff, 0xff, 0xff, 0xff, 0xff, 0xff, 0xff, 0xff, 0xff, 0xff, 0xff, 0xff, 0xff, 0xff, 0xff, 0xff, 0xff, 0xff, 0xff, 0xff, 0xff, 0xff, 0xff, 0xff, 0xff, 0xff, 0xff, 0xff, 
  0xff, 0xff, 0xff, 0xff, 0xff, 0xff, 0xff, 0xff, 0xc3, 0xc3, 0xc3, 0xbf, 0x80, 0x80, 0x80, 0xff, 0x81, 0x81, 0x81, 0xfc, 0x80, 0x80, 0x80, 0xff, 0x80, 0x80, 0x80, 0xff, 
  0x80, 0x80, 0x80, 0xff, 0x80, 0x80, 0x80, 0xff, 0x80, 0x80, 0x80, 0xff, 0x80, 0x80, 0x80, 0xff, 0x80, 0x80, 0x80, 0xff, 0x80, 0x80, 0x80, 0xff, 0x80, 0x80, 0x80, 0xff, 
  0x80, 0x80, 0x80, 0xff, 0x80, 0x80, 0x80, 0xff, 0x80, 0x80, 0x80, 0xff, 0x80, 0x80, 0x80, 0xff, 0x80, 0x80, 0x80, 0xff, 0x80, 0x80, 0x80, 0xff, 0x80, 0x80, 0x80, 0xff, 
  0x80, 0x80, 0x80, 0xff, 0x80, 0x80, 0x80, 0xff, 0x80, 0x80, 0x80, 0xff, 0x80, 0x80, 0x80, 0xff, 0x80, 0x80, 0x80, 0xff, 0x80, 0x80, 0x80, 0xff, 0x80, 0x80, 0x80, 0xff, 
  0x80, 0x80, 0x80, 0xff, 0x80, 0x80, 0x80, 0xff, 0x80, 0x80, 0x80, 0xff, 0x80, 0x80, 0x80, 0xff, 0x80, 0x80, 0x80, 0xff, 0x80, 0x80, 0x80, 0xff, 0x80, 0x80, 0x80, 0xff, 
  0x80, 0x80, 0x80, 0xff, 0x80, 0x80, 0x80, 0xff, 0x81, 0x81, 0x81, 0xfc, 0x80, 0x80, 0x80, 0xff, 0xc3, 0xc3, 0xc3, 0xbf, 0xff, 0xff, 0xff, 0xff, 0xff, 0xff, 0xff, 0xff, 
  0xff, 0xff, 0xff, 0xff, 0xff, 0xff, 0xff, 0xff, 0xff, 0xff, 0xff, 0xff, 0xff, 0xff, 0xff, 0xff, 0xff, 0xff, 0xff, 0xff, 0xff, 0xff, 0xff, 0xff, 0xff, 0xff, 0xff, 0xff, 
  0xff, 0xff, 0xff, 0xff, 0xff, 0xff, 0xff, 0xff, 0xff, 0xff, 0xff, 0xff, 0xff, 0xff, 0xff, 0xff, 0xff, 0xff, 0xff, 0xff, 0xff, 0xff, 0xff, 0xff, 0xff, 0xff, 0xff, 0xff, 
  0xfe, 0xfe, 0xfe, 0xfd, 0xff, 0xff, 0xff, 0xfe, 0xf5, 0xf5, 0xf5, 0xec, 0x96, 0x96, 0x96, 0xdb, 0x80, 0x80, 0x80, 0xff, 0x81, 0x81, 0x81, 0xfc, 0x80, 0x80, 0x80, 0xff, 
  0x80, 0x80, 0x80, 0xff, 0x80, 0x80, 0x80, 0xfe, 0x81, 0x81, 0x81, 0xfd, 0x88, 0x88, 0x88, 0xf0, 0xe1, 0xe1, 0xe1, 0xd1, 0xff, 0xff, 0xff, 0xff, 0xfe, 0xfe, 0xfe, 0xfc, 
  0xff, 0xff, 0xff, 0xff, 0xff, 0xff, 0xff, 0xff, 0xff, 0xff, 0xff, 0xff, 0xff, 0xff, 0xff, 0xff, 0xff, 0xff, 0xff, 0xff, 0xff, 0xff, 0xff, 0xff, 0xff, 0xff, 0xff, 0xff, 
  0xff, 0xff, 0xff, 0xff, 0xff, 0xff, 0xff, 0xff, 0xff, 0xff, 0xff, 0xff, 0xff, 0xff, 0xff, 0xff, 0xff, 0xff, 0xff, 0xff, 0xff, 0xff, 0xff, 0xff, 0xff, 0xff, 0xff, 0xff, 
  0xfe, 0xfe, 0xfe, 0xfc, 0xff, 0xff, 0xff, 0xff, 0xe0, 0xe0, 0xe0, 0xd0, 0x87, 0x87, 0x87, 0xf2, 0x81, 0x81, 0x81, 0xfd, 0x80, 0x80, 0x80, 0xfe, 0x80, 0x80, 0x80, 0xff, 
  0x80, 0x80, 0x80, 0xff, 0x81, 0x81, 0x81, 0xfc, 0x80, 0x80, 0x80, 0xff, 0x97, 0x97, 0x97, 0xd9, 0xf6, 0xf6, 0xf6, 0xed, 0xff, 0xff, 0xff, 0xfe, 0xfe, 0xfe, 0xfe, 0xfd, 
  0xff, 0xff, 0xff, 0xff, 0xff, 0xff, 0xff, 0xff, 0xff, 0xff, 0xff, 0xff, 0xff, 0xff, 0xff, 0xff, 0xff, 0xff, 0xff, 0xff, 0xff, 0xff, 0xff, 0xff, 0xff, 0xff, 0xff, 0xff, 
  0xff, 0xff, 0xff, 0xff, 0xff, 0xff, 0xff, 0xff, 0xff, 0xff, 0xff, 0xff, 0xff, 0xff, 0xff, 0xff, 0xff, 0xff, 0xff, 0xff, 0xff, 0xff, 0xff, 0xff, 0xff, 0xff, 0xff, 0xff, 
  0xff, 0xff, 0xff, 0xff, 0xff, 0xff, 0xff, 0xff, 0xc3, 0xc3, 0xc3, 0xbf, 0x80, 0x80, 0x80, 0xff, 0x81, 0x81, 0x81, 0xfc, 0x80, 0x80, 0x80, 0xff, 0x80, 0x80, 0x80, 0xff, 
  0x80, 0x80, 0x80, 0xff, 0x80, 0x80, 0x80, 0xff, 0x80, 0x80, 0x80, 0xff, 0x80, 0x80, 0x80, 0xff, 0x80, 0x80, 0x80, 0xff, 0x80, 0x80, 0x80, 0xff, 0x80, 0x80, 0x80, 0xff, 
  0x80, 0x80, 0x80, 0xff, 0x80, 0x80, 0x80, 0xff, 0x80, 0x80, 0x80, 0xff, 0x80, 0x80, 0x80, 0xff, 0x80, 0x80, 0x80, 0xff, 0x80, 0x80, 0x80, 0xff, 0x80, 0x80, 0x80, 0xff, 
  0x80, 0x80, 0x80, 0xff, 0x80, 0x80, 0x80, 0xff, 0x80, 0x80, 0x80, 0xff, 0x80, 0x80, 0x80, 0xff, 0x80, 0x80, 0x80, 0xff, 0x80, 0x80, 0x80, 0xff, 0x80, 0x80, 0x80, 0xff, 
  0x80, 0x80, 0x80, 0xff, 0x80, 0x80, 0x80, 0xff, 0x80, 0x80, 0x80, 0xff, 0x80, 0x80, 0x80, 0xff, 0x80, 0x80, 0x80, 0xff, 0x80, 0x80, 0x80, 0xff, 0x80, 0x80, 0x80, 0xff, 
  0x80, 0x80, 0x80, 0xff, 0x80, 0x80, 0x80, 0xff, 0x81, 0x81, 0x81, 0xfc, 0x80, 0x80, 0x80, 0xff, 0xc3, 0xc3, 0xc3, 0xbf, 0xff, 0xff, 0xff, 0xff, 0xff, 0xff, 0xff, 0xff, 
  0xff, 0xff, 0xff, 0xff, 0xff, 0xff, 0xff, 0xff, 0xff, 0xff, 0xff, 0xff, 0xff, 0xff, 0xff, 0xff, 0xff, 0xff, 0xff, 0xff, 0xff, 0xff, 0xff, 0xff, 0xff, 0xff, 0xff, 0xff, 
  0xff, 0xff, 0xff, 0xff, 0xff, 0xff, 0xff, 0xff, 0xff, 0xff, 0xff, 0xff, 0xff, 0xff, 0xff, 0xff, 0xff, 0xff, 0xff, 0xff, 0xff, 0xff, 0xff, 0xff, 0xff, 0xff, 0xff, 0xff, 
  0xfd, 0xfd, 0xfd, 0xfb, 0xff, 0xff, 0xff, 0xff, 0xdb, 0xdb, 0xdb, 0xcb, 0x85, 0x85, 0x85, 0xf4, 0x80, 0x80, 0x80, 0xff, 0x80, 0x80, 0x80, 0xfe, 0x80, 0x80, 0x80, 0xff, 
  0x80, 0x80, 0x80, 0xff, 0x82, 0x82, 0x82, 0xfb, 0x80, 0x80, 0x80, 0xff, 0xac, 0xac, 0xac, 0xc5, 0xfd, 0xfd, 0xfd, 0xfb, 0xfd, 0xfd, 0xfd, 0xfb, 0xff, 0xff, 0xff, 0xfe, 
  0xff, 0xff, 0xff, 0xff, 0xff, 0xff, 0xff, 0xff, 0xff, 0xff, 0xff, 0xff, 0xff, 0xff, 0xff, 0xff, 0xff, 0xff, 0xff, 0xff, 0xff, 0xff, 0xff, 0xff, 0xff, 0xff, 0xff, 0xff, 
  0xff, 0xff, 0xff, 0xff, 0xff, 0xff, 0xff, 0xff, 0xff, 0xff, 0xff, 0xff, 0xff, 0xff, 0xff, 0xff, 0xff, 0xff, 0xff, 0xff, 0xff, 0xff, 0xff, 0xff, 0xff, 0xff, 0xff, 0xff, 
  0xff, 0xff, 0xff, 0xfe, 0xfd, 0xfd, 0xfd, 0xfb, 0xfd, 0xfd, 0xfd, 0xfb, 0xab, 0xab, 0xab, 0xc6, 0x80, 0x80, 0x80, 0xff, 0x82, 0x82, 0x82, 0xfb, 0x80, 0x80, 0x80, 0xff, 
  0x80, 0x80, 0x80, 0xff, 0x80, 0x80, 0x80, 0xfe, 0x80, 0x80, 0x80, 0xff, 0x86, 0x86, 0x86, 0xf4, 0xdc, 0xdc, 0xdc, 0xcc, 0xff, 0xff, 0xff, 0xff, 0xfd, 0xfd, 0xfd, 0xfb, 
  0xff, 0xff, 0xff, 0xff, 0xff, 0xff, 0xff, 0xff, 0xff, 0xff, 0xff, 0xff, 0xff, 0xff, 0xff, 0xff, 0xff, 0xff, 0xff, 0xff, 0xff, 0xff, 0xff, 0xff, 0xff, 0xff, 0xff, 0xff, 
  0xff, 0xff, 0xff, 0xff, 0xff, 0xff, 0xff, 0xff, 0xff, 0xff, 0xff, 0xff, 0xff, 0xff, 0xff, 0xff, 0xff, 0xff, 0xff, 0xff, 0xff, 0xff, 0xff, 0xff, 0xff, 0xff, 0xff, 0xff, 
  0xff, 0xff, 0xff, 0xff, 0xff, 0xff, 0xff, 0xff, 0xc3, 0xc3, 0xc3, 0xbf, 0x80, 0x80, 0x80, 0xff, 0x81, 0x81, 0x81, 0xfc, 0x80, 0x80, 0x80, 0xff, 0x80, 0x80, 0x80, 0xff, 
  0x80, 0x80, 0x80, 0xff, 0x80, 0x80, 0x80, 0xff, 0x80, 0x80, 0x80, 0xff, 0x80, 0x80, 0x80, 0xff, 0x80, 0x80, 0x80, 0xff, 0x80, 0x80, 0x80, 0xff, 0x80, 0x80, 0x80, 0xff, 
  0x80, 0x80, 0x80, 0xff, 0x80, 0x80, 0x80, 0xff, 0x80, 0x80, 0x80, 0xff, 0x80, 0x80, 0x80, 0xff, 0x80, 0x80, 0x80, 0xff, 0x80, 0x80, 0x80, 0xff, 0x80, 0x80, 0x80, 0xff, 
  0x80, 0x80, 0x80, 0xff, 0x80, 0x80, 0x80, 0xff, 0x80, 0x80, 0x80, 0xff, 0x80, 0x80, 0x80, 0xff, 0x80, 0x80, 0x80, 0xff, 0x80, 0x80, 0x80, 0xff, 0x80, 0x80, 0x80, 0xff, 
  0x80, 0x80, 0x80, 0xff, 0x80, 0x80, 0x80, 0xff, 0x80, 0x80, 0x80, 0xff, 0x80, 0x80, 0x80, 0xff, 0x80, 0x80, 0x80, 0xff, 0x80, 0x80, 0x80, 0xff, 0x80, 0x80, 0x80, 0xff, 
  0x80, 0x80, 0x80, 0xff, 0x80, 0x80, 0x80, 0xff, 0x81, 0x81, 0x81, 0xfc, 0x80, 0x80, 0x80, 0xff, 0xc3, 0xc3, 0xc3, 0xbf, 0xff, 0xff, 0xff, 0xff, 0xff, 0xff, 0xff, 0xff, 
  0xff, 0xff, 0xff, 0xff, 0xff, 0xff, 0xff, 0xff, 0xff, 0xff, 0xff, 0xff, 0xff, 0xff, 0xff, 0xff, 0xff, 0xff, 0xff, 0xff, 0xff, 0xff, 0xff, 0xff, 0xff, 0xff, 0xff, 0xff, 
  0xff, 0xff, 0xff, 0xff, 0xff, 0xff, 0xff, 0xff, 0xff, 0xff, 0xff, 0xff, 0xff, 0xff, 0xff, 0xff, 0xff, 0xff, 0xff, 0xff, 0xff, 0xff, 0xff, 0xff, 0xff, 0xff, 0xff, 0xff, 
  0xfd, 0xfd, 0xfd, 0xfa, 0xff, 0xff, 0xff, 0xff, 0xc8, 0xc8, 0xc8, 0xc0, 0x80, 0x80, 0x80, 0xff, 0x82, 0x82, 0x82, 0xfb, 0x80, 0x80, 0x80, 0xff, 0x80, 0x80, 0x80, 0xff, 
  0x80, 0x80, 0x80, 0xfe, 0x80, 0x80, 0x80, 0xff, 0x82, 0x82, 0x82, 0xfb, 0xd2, 0xd2, 0xd2, 0xc4, 0xff, 0xff, 0xff, 0xff, 0xfd, 0xfd, 0xfd, 0xfa, 0xff, 0xff, 0xff, 0xff, 
  0xff, 0xff, 0xff, 0xff, 0xff, 0xff, 0xff, 0xff, 0xff, 0xff, 0xff, 0xff, 0xff, 0xff, 0xff, 0xff, 0xff, 0xff, 0xff, 0xff, 0xff, 0xff, 0xff, 0xff, 0xff, 0xff, 0xff, 0xff, 
  0xff, 0xff, 0xff, 0xff, 0xff, 0xff, 0xff, 0xff, 0xff, 0xff, 0xff, 0xff, 0xff, 0xff, 0xff, 0xff, 0xff, 0xff, 0xff, 0xff, 0xff, 0xff, 0xff, 0xff, 0xff, 0xff, 0xff, 0xff, 
  0xff, 0xff, 0xff, 0xff, 0xfd, 0xfd, 0xfd, 0xfa, 0xff, 0xff, 0xff, 0xff, 0xd0, 0xd0, 0xd0, 0xc4, 0x81, 0x81, 0x81, 0xfc, 0x80, 0x80, 0x80, 0xff, 0x80, 0x80, 0x80, 0xfe, 
  0x80, 0x80, 0x80, 0xff, 0x80, 0x80, 0x80, 0xff, 0x82, 0x82, 0x82, 0xfb, 0x80, 0x80, 0x80, 0xff, 0xc8, 0xc8, 0xc8, 0xc0, 0xff, 0xff, 0xff, 0xff, 0xfd, 0xfd, 0xfd, 0xfa, 
  0xff, 0xff, 0xff, 0xff, 0xff, 0xff, 0xff, 0xff, 0xff, 0xff, 0xff, 0xff, 0xff, 0xff, 0xff, 0xff, 0xff, 0xff, 0xff, 0xff, 0xff, 0xff, 0xff, 0xff, 0xff, 0xff, 0xff, 0xff, 
  0xff, 0xff, 0xff, 0xff, 0xff, 0xff, 0xff, 0xff, 0xff, 0xff, 0xff, 0xff, 0xff, 0xff, 0xff, 0xff, 0xff, 0xff, 0xff, 0xff, 0xff, 0xff, 0xff, 0xff, 0xff, 0xff, 0xff, 0xff, 
  0xff, 0xff, 0xff, 0xff, 0xff, 0xff, 0xff, 0xff, 0xc3, 0xc3, 0xc3, 0xbf, 0x80, 0x80, 0x80, 0xff, 0x81, 0x81, 0x81, 0xfc, 0x80, 0x80, 0x80, 0xff, 0x80, 0x80, 0x80, 0xff, 
  0x80, 0x80, 0x80, 0xff, 0x80, 0x80, 0x80, 0xff, 0x80, 0x80, 0x80, 0xff, 0x80, 0x80, 0x80, 0xff, 0x80, 0x80, 0x80, 0xff, 0x80, 0x80, 0x80, 0xff, 0x80, 0x80, 0x80, 0xff, 
  0x80, 0x80, 0x80, 0xff, 0x80, 0x80, 0x80, 0xff, 0x80, 0x80, 0x80, 0xff, 0x80, 0x80, 0x80, 0xff, 0x80, 0x80, 0x80, 0xff, 0x80, 0x80, 0x80, 0xff, 0x80, 0x80, 0x80, 0xff, 
  0x80, 0x80, 0x80, 0xff, 0x80, 0x80, 0x80, 0xff, 0x80, 0x80, 0x80, 0xff, 0x80, 0x80, 0x80, 0xff, 0x80, 0x80, 0x80, 0xff, 0x80, 0x80, 0x80, 0xff, 0x80, 0x80, 0x80, 0xff, 
  0x80, 0x80, 0x80, 0xff, 0x80, 0x80, 0x80, 0xff, 0x80, 0x80, 0x80, 0xff, 0x80, 0x80, 0x80, 0xff, 0x80, 0x80, 0x80, 0xff, 0x80, 0x80, 0x80, 0xff, 0x80, 0x80, 0x80, 0xff, 
  0x80, 0x80, 0x80, 0xff, 0x80, 0x80, 0x80, 0xff, 0x81, 0x81, 0x81, 0xfc, 0x80, 0x80, 0x80, 0xff, 0xc3, 0xc3, 0xc3, 0xbf, 0xff, 0xff, 0xff, 0xff, 0xff, 0xff, 0xff, 0xff, 
  0xff, 0xff, 0xff, 0xff, 0xff, 0xff, 0xff, 0xff, 0xff, 0xff, 0xff, 0xff, 0xff, 0xff, 0xff, 0xff, 0xff, 0xff, 0xff, 0xff, 0xff, 0xff, 0xff, 0xff, 0xff, 0xff, 0xff, 0xff, 
  0xff, 0xff, 0xff, 0xff, 0xff, 0xff, 0xff, 0xff, 0xff, 0xff, 0xff, 0xff, 0xff, 0xff, 0xff, 0xff, 0xff, 0xff, 0xff, 0xff, 0xff, 0xff, 0xff, 0xff, 0xff, 0xff, 0xff, 0xff, 
  0xfe, 0xfe, 0xfe, 0xfc, 0xff, 0xff, 0xff, 0xff, 0xb8, 0xb8, 0xb8, 0xc0, 0x80, 0x80, 0x80, 0xff, 0x83, 0x83, 0x83, 0xf9, 0x80, 0x80, 0x80, 0xff, 0x80, 0x80, 0x80, 0xff, 
  0x81, 0x81, 0x81, 0xfd, 0x80, 0x80, 0x80, 0xff, 0x8f, 0x8f, 0x8f, 0xe4, 0xee, 0xee, 0xee, 0xe2, 0xff, 0xff, 0xff, 0xff, 0xfe, 0xfe, 0xfe, 0xfd, 0xff, 0xff, 0xff, 0xff, 
  0xff, 0xff, 0xff, 0xff, 0xff, 0xff, 0xff, 0xff, 0xff, 0xff, 0xff, 0xff, 0xff, 0xff, 0xff, 0xff, 0xff, 0xff, 0xff, 0xff, 0xff, 0xff, 0xff, 0xff, 0xff, 0xff, 0xff, 0xff, 
  0xff, 0xff, 0xff, 0xff, 0xff, 0xff, 0xff, 0xff, 0xff, 0xff, 0xff, 0xff, 0xff, 0xff, 0xff, 0xff, 0xff, 0xff, 0xff, 0xff, 0xff, 0xff, 0xff, 0xff, 0xff, 0xff, 0xff, 0xff, 
  0xff, 0xff, 0xff, 0xff, 0xfe, 0xfe, 0xfe, 0xfd, 0xff, 0xff, 0xff, 0xff, 0xed, 0xed, 0xed, 0xdf, 0x8f, 0x8f, 0x8f, 0xe5, 0x80, 0x80, 0x80, 0xff, 0x81, 0x81, 0x81, 0xfd, 
  0x80, 0x80, 0x80, 0xff, 0x80, 0x80, 0x80, 0xff, 0x83, 0x83, 0x83, 0xf9, 0x80, 0x80, 0x80, 0xff, 0xb9, 0xb9, 0xb9, 0xc0, 0xff, 0xff, 0xff, 0xff, 0xfd, 0xfd, 0xfd, 0xfb, 
  0xff, 0xff, 0xff, 0xff, 0xff, 0xff, 0xff, 0xff, 0xff, 0xff, 0xff, 0xff, 0xff, 0xff, 0xff, 0xff, 0xff, 0xff, 0xff, 0xff, 0xff, 0xff, 0xff, 0xff, 0xff, 0xff, 0xff, 0xff, 
  0xff, 0xff, 0xff, 0xff, 0xff, 0xff, 0xff, 0xff, 0xff, 0xff, 0xff, 0xff, 0xff, 0xff, 0xff, 0xff, 0xff, 0xff, 0xff, 0xff, 0xff, 0xff, 0xff, 0xff, 0xff, 0xff, 0xff, 0xff, 
  0xff, 0xff, 0xff, 0xff, 0xff, 0xff, 0xff, 0xff, 0xc3, 0xc3, 0xc3, 0xbf, 0x80, 0x80, 0x80, 0xff, 0x81, 0x81, 0x81, 0xfc, 0x80, 0x80, 0x80, 0xff, 0x80, 0x80, 0x80, 0xff, 
  0x80, 0x80, 0x80, 0xff, 0x80, 0x80, 0x80, 0xff, 0x80, 0x80, 0x80, 0xff, 0x80, 0x80, 0x80, 0xff, 0x80, 0x80, 0x80, 0xff, 0x80, 0x80, 0x80, 0xff, 0x80, 0x80, 0x80, 0xff, 
  0x80, 0x80, 0x80, 0xff, 0x80, 0x80, 0x80, 0xff, 0x80, 0x80, 0x80, 0xff, 0x80, 0x80, 0x80, 0xff, 0x80, 0x80, 0x80, 0xff, 0x80, 0x80, 0x80, 0xff, 0x80, 0x80, 0x80, 0xff, 
  0x80, 0x80, 0x80, 0xff, 0x80, 0x80, 0x80, 0xff, 0x80, 0x80, 0x80, 0xff, 0x80, 0x80, 0x80, 0xff, 0x80, 0x80, 0x80, 0xff, 0x80, 0x80, 0x80, 0xff, 0x80, 0x80, 0x80, 0xff, 
  0x80, 0x80, 0x80, 0xff, 0x80, 0x80, 0x80, 0xff, 0x80, 0x80, 0x80, 0xff, 0x80, 0x80, 0x80, 0xff, 0x80, 0x80, 0x80, 0xff, 0x80, 0x80, 0x80, 0xff, 0x80, 0x80, 0x80, 0xff, 
  0x80, 0x80, 0x80, 0xff, 0x80, 0x80, 0x80, 0xff, 0x81, 0x81, 0x81, 0xfc, 0x80, 0x80, 0x80, 0xff, 0xc3, 0xc3, 0xc3, 0xbf, 0xff, 0xff, 0xff, 0xff, 0xff, 0xff, 0xff, 0xff, 
  0xff, 0xff, 0xff, 0xff, 0xff, 0xff, 0xff, 0xff, 0xff, 0xff, 0xff, 0xff, 0xff, 0xff, 0xff, 0xff, 0xff, 0xff, 0xff, 0xff, 0xff, 0xff, 0xff, 0xff, 0xff, 0xff, 0xff, 0xff, 
  0xff, 0xff, 0xff, 0xff, 0xff, 0xff, 0xff, 0xff, 0xff, 0xff, 0xff, 0xff, 0xff, 0xff, 0xff, 0xff, 0xff, 0xff, 0xff, 0xff, 0xff, 0xff, 0xff, 0xff, 0xff, 0xff, 0xff, 0xfe, 
  0xff, 0xff, 0xff, 0xff, 0xff, 0xff, 0xff, 0xfe, 0xae, 0xae, 0xae, 0xc4, 0x80, 0x80, 0x80, 0xff, 0x82, 0x82, 0x82, 0xfb, 0x80, 0x80, 0x80, 0xff, 0x80, 0x80, 0x80, 0xff, 
  0x81, 0x81, 0x81, 0xfc, 0x80, 0x80, 0x80, 0xff, 0x98, 0x98, 0x98, 0xd7, 0xfe, 0xfe, 0xfe, 0xfc, 0xff, 0xff, 0xff, 0xfe, 0xff, 0xff, 0xff, 0xff, 0xff, 0xff, 0xff, 0xff, 
  0xff, 0xff, 0xff, 0xff, 0xff, 0xff, 0xff, 0xff, 0xff, 0xff, 0xff, 0xff, 0xff, 0xff, 0xff, 0xff, 0xff, 0xff, 0xff, 0xff, 0xff, 0xff, 0xff, 0xff, 0xff, 0xff, 0xff, 0xff, 
  0xff, 0xff, 0xff, 0xff, 0xff, 0xff, 0xff, 0xff, 0xff, 0xff, 0xff, 0xff, 0xff, 0xff, 0xff, 0xff, 0xff, 0xff, 0xff, 0xff, 0xff, 0xff, 0xff, 0xff, 0xff, 0xff, 0xff, 0xff, 
  0xff, 0xff, 0xff, 0xff, 0xff, 0xff, 0xff, 0xfe, 0xff, 0xff, 0xff, 0xfe, 0xfd, 0xfd, 0xfd, 0xfb, 0x98, 0x98, 0x98, 0xd8, 0x80, 0x80, 0x80, 0xff, 0x81, 0x81, 0x81, 0xfc, 
  0x80, 0x80, 0x80, 0xff, 0x80, 0x80, 0x80, 0xff, 0x82, 0x82, 0x82, 0xfb, 0x80, 0x80, 0x80, 0xff, 0xae, 0xae, 0xae, 0xc4, 0xff, 0xff, 0xff, 0xfe, 0xff, 0xff, 0xff, 0xff, 
  0xff, 0xff, 0xff, 0xfe, 0xff, 0xff, 0xff, 0xff, 0xff, 0xff, 0xff, 0xff, 0xff, 0xff, 0xff, 0xff, 0xff, 0xff, 0xff, 0xff, 0xff, 0xff, 0xff, 0xff, 0xff, 0xff, 0xff, 0xff, 
  0xff, 0xff, 0xff, 0xff, 0xff, 0xff, 0xff, 0xff, 0xff, 0xff, 0xff, 0xff, 0xff, 0xff, 0xff, 0xff, 0xff, 0xff, 0xff, 0xff, 0xff, 0xff, 0xff, 0xff, 0xff, 0xff, 0xff, 0xff, 
  0xff, 0xff, 0xff, 0xff, 0xff, 0xff, 0xff, 0xff, 0xc3, 0xc3, 0xc3, 0xbf, 0x80, 0x80, 0x80, 0xff, 0x81, 0x81, 0x81, 0xfc, 0x80, 0x80, 0x80, 0xff, 0x80, 0x80, 0x80, 0xff, 
  0x80, 0x80, 0x80, 0xff, 0x80, 0x80, 0x80, 0xff, 0x80, 0x80, 0x80, 0xff, 0x80, 0x80, 0x80, 0xff, 0x80, 0x80, 0x80, 0xff, 0x80, 0x80, 0x80, 0xff, 0x80, 0x80, 0x80, 0xff, 
  0x80, 0x80, 0x80, 0xff, 0x80, 0x80, 0x80, 0xff, 0x80, 0x80, 0x80, 0xff, 0x80, 0x80, 0x80, 0xff, 0x80, 0x80, 0x80, 0xff, 0x80, 0x80, 0x80, 0xff, 0x80, 0x80, 0x80, 0xff, 
  0x80, 0x80, 0x80, 0xff, 0x80, 0x80, 0x80, 0xff, 0x80, 0x80, 0x80, 0xff, 0x80, 0x80, 0x80, 0xff, 0x80, 0x80, 0x80, 0xff, 0x80, 0x80, 0x80, 0xff, 0x80, 0x80, 0x80, 0xff, 
  0x80, 0x80, 0x80, 0xff, 0x80, 0x80, 0x80, 0xff, 0x80, 0x80, 0x80, 0xff, 0x80, 0x80, 0x80, 0xff, 0x80, 0x80, 0x80, 0xff, 0x80, 0x80, 0x80, 0xff, 0x80, 0x80, 0x80, 0xff, 
  0x80, 0x80, 0x80, 0xff, 0x80, 0x80, 0x80, 0xff, 0x81, 0x81, 0x81, 0xfc, 0x80, 0x80, 0x80, 0xff, 0xc3, 0xc3, 0xc3, 0xbf, 0xff, 0xff, 0xff, 0xff, 0xff, 0xff, 0xff, 0xff, 
  0xff, 0xff, 0xff, 0xff, 0xff, 0xff, 0xff, 0xff, 0xff, 0xff, 0xff, 0xff, 0xff, 0xff, 0xff, 0xff, 0xff, 0xff, 0xff, 0xff, 0xff, 0xff, 0xff, 0xff, 0xff, 0xff, 0xff, 0xff, 
  0xff, 0xff, 0xff, 0xff, 0xff, 0xff, 0xff, 0xff, 0xff, 0xff, 0xff, 0xff, 0xff, 0xff, 0xff, 0xff, 0xff, 0xff, 0xff, 0xff, 0xff, 0xff, 0xff, 0xff, 0xff, 0xff, 0xff, 0xfe, 
  0xff, 0xff, 0xff, 0xff, 0xfc, 0xfc, 0xfc, 0xf9, 0xa9, 0xa9, 0xa9, 0xc7, 0x80, 0x80, 0x80, 0xff, 0x82, 0x82, 0x82, 0xfb, 0x80, 0x80, 0x80, 0xff, 0x80, 0x80, 0x80, 0xff, 
  0x81, 0x81, 0x81, 0xfc, 0x80, 0x80, 0x80, 0xff, 0x9d, 0x9d, 0x9d, 0xd2, 0xff, 0xff, 0xff, 0xff, 0xfd, 0xfd, 0xfd, 0xfa, 0xff, 0xff, 0xff, 0xff, 0xff, 0xff, 0xff, 0xff, 
  0xff, 0xff, 0xff, 0xff, 0xff, 0xff, 0xff, 0xff, 0xff, 0xff, 0xff, 0xff, 0xff, 0xff, 0xff, 0xff, 0xff, 0xff, 0xff, 0xff, 0xff, 0xff, 0xff, 0xff, 0xff, 0xff, 0xff, 0xff, 
  0xff, 0xff, 0xff, 0xff, 0xff, 0xff, 0xff, 0xff, 0xff, 0xff, 0xff, 0xff, 0xff, 0xff, 0xff, 0xff, 0xff, 0xff, 0xff, 0xff, 0xff, 0xff, 0xff, 0xff, 0xff, 0xff, 0xff, 0xff, 
  0xff, 0xff, 0xff, 0xff, 0xff, 0xff, 0xff, 0xff, 0xfd, 0xfd, 0xfd, 0xfb, 0xff, 0xff, 0xff, 0xff, 0x9c, 0x9c, 0x9c, 0xd3, 0x80, 0x80, 0x80, 0xff, 0x81, 0x81, 0x81, 0xfc, 
  0x80, 0x80, 0x80, 0xff, 0x80, 0x80, 0x80, 0xff, 0x82, 0x82, 0x82, 0xfb, 0x80, 0x80, 0x80, 0xff, 0xa9, 0xa9, 0xa9, 0xc7, 0xfc, 0xfc, 0xfc, 0xf9, 0xff, 0xff, 0xff, 0xff, 
  0xff, 0xff, 0xff, 0xfe, 0xff, 0xff, 0xff, 0xff, 0xff, 0xff, 0xff, 0xff, 0xff, 0xff, 0xff, 0xff, 0xff, 0xff, 0xff, 0xff, 0xff, 0xff, 0xff, 0xff, 0xff, 0xff, 0xff, 0xff, 
  0xff, 0xff, 0xff, 0xff, 0xff, 0xff, 0xff, 0xff, 0xff, 0xff, 0xff, 0xff, 0xff, 0xff, 0xff, 0xff, 0xff, 0xff, 0xff, 0xff, 0xff, 0xff, 0xff, 0xff, 0xff, 0xff, 0xff, 0xff, 
  0xff, 0xff, 0xff, 0xff, 0xff, 0xff, 0xff, 0xff, 0xc3, 0xc3, 0xc3, 0xbf, 0x80, 0x80, 0x80, 0xff, 0x81, 0x81, 0x81, 0xfc, 0x80, 0x80, 0x80, 0xff, 0x80, 0x80, 0x80, 0xff, 
  0x80, 0x80, 0x80, 0xff, 0x80, 0x80, 0x80, 0xff, 0x80, 0x80, 0x80, 0xff, 0x80, 0x80, 0x80, 0xff, 0x80, 0x80, 0x80, 0xff, 0x80, 0x80, 0x80, 0xff, 0x80, 0x80, 0x80, 0xff, 
  0x80, 0x80, 0x80, 0xff, 0x80, 0x80, 0x80, 0xff, 0x80, 0x80, 0x80, 0xff, 0x80, 0x80, 0x80, 0xff, 0x80, 0x80, 0x80, 0xff, 0x80, 0x80, 0x80, 0xff, 0x80, 0x80, 0x80, 0xff, 
  0x80, 0x80, 0x80, 0xff, 0x80, 0x80, 0x80, 0xff, 0x80, 0x80, 0x80, 0xff, 0x80, 0x80, 0x80, 0xff, 0x80, 0x80, 0x80, 0xff, 0x80, 0x80, 0x80, 0xff, 0x80, 0x80, 0x80, 0xff, 
  0x80, 0x80, 0x80, 0xff, 0x80, 0x80, 0x80, 0xff, 0x80, 0x80, 0x80, 0xff, 0x80, 0x80, 0x80, 0xff, 0x80, 0x80, 0x80, 0xff, 0x80, 0x80, 0x80, 0xff, 0x80, 0x80, 0x80, 0xff, 
  0x80, 0x80, 0x80, 0xff, 0x80, 0x80, 0x80, 0xff, 0x81, 0x81, 0x81, 0xfc, 0x80, 0x80, 0x80, 0xff, 0xc3, 0xc3, 0xc3, 0xbf, 0xff, 0xff, 0xff, 0xff, 0xff, 0xff, 0xff, 0xff, 
  0xff, 0xff, 0xff, 0xff, 0xff, 0xff, 0xff, 0xff, 0xff, 0xff, 0xff, 0xff, 0xff, 0xff, 0xff, 0xff, 0xff, 0xff, 0xff, 0xff, 0xff, 0xff, 0xff, 0xff, 0xff, 0xff, 0xff, 0xff, 
  0xff, 0xff, 0xff, 0xff, 0xff, 0xff, 0xff, 0xff, 0xff, 0xff, 0xff, 0xff, 0xff, 0xff, 0xff, 0xff, 0xff, 0xff, 0xff, 0xff, 0xff, 0xff, 0xff, 0xff, 0xff, 0xff, 0xff, 0xfe, 
  0xff, 0xff, 0xff, 0xff, 0xfc, 0xfc, 0xfc, 0xf9, 0xa9, 0xa9, 0xa9, 0xc7, 0x80, 0x80, 0x80, 0xff, 0x82, 0x82, 0x82, 0xfb, 0x80, 0x80, 0x80, 0xff, 0x80, 0x80, 0x80, 0xff, 
  0x81, 0x81, 0x81, 0xfc, 0x80, 0x80, 0x80, 0xff, 0x9d, 0x9d, 0x9d, 0xd2, 0xff, 0xff, 0xff, 0xff, 0xfd, 0xfd, 0xfd, 0xfa, 0xff, 0xff, 0xff, 0xff, 0xff, 0xff, 0xff, 0xff, 
  0xff, 0xff, 0xff, 0xff, 0xff, 0xff, 0xff, 0xff, 0xff, 0xff, 0xff, 0xff, 0xff, 0xff, 0xff, 0xff, 0xff, 0xff, 0xff, 0xff, 0xff, 0xff, 0xff, 0xff, 0xff, 0xff, 0xff, 0xff, 
  0xff, 0xff, 0xff, 0xff, 0xff, 0xff, 0xff, 0xff, 0xff, 0xff, 0xff, 0xff, 0xff, 0xff, 0xff, 0xff, 0xff, 0xff, 0xff, 0xff, 0xff, 0xff, 0xff, 0xff, 0xff, 0xff, 0xff, 0xff, 
  0xff, 0xff, 0xff, 0xff, 0xff, 0xff, 0xff, 0xff, 0xfd, 0xfd, 0xfd, 0xfb, 0xff, 0xff, 0xff, 0xff, 0x9c, 0x9c, 0x9c, 0xd3, 0x80, 0x80, 0x80, 0xff, 0x81, 0x81, 0x81, 0xfc, 
  0x80, 0x80, 0x80, 0xff, 0x80, 0x80, 0x80, 0xff, 0x82, 0x82, 0x82, 0xfb, 0x80, 0x80, 0x80, 0xff, 0xaa, 0xaa, 0xaa, 0xc7, 0xfd, 0xfd, 0xfd, 0xfa, 0xff, 0xff, 0xff, 0xff, 
  0xff, 0xff, 0xff, 0xfe, 0xff, 0xff, 0xff, 0xff, 0xff, 0xff, 0xff, 0xff, 0xff, 0xff, 0xff, 0xff, 0xff, 0xff, 0xff, 0xff, 0xff, 0xff, 0xff, 0xff, 0xff, 0xff, 0xff, 0xff, 
  0xff, 0xff, 0xff, 0xff, 0xff, 0xff, 0xff, 0xff, 0xff, 0xff, 0xff, 0xff, 0xff, 0xff, 0xff, 0xff, 0xff, 0xff, 0xff, 0xff, 0xff, 0xff, 0xff, 0xff, 0xff, 0xff, 0xff, 0xff, 
  0xff, 0xff, 0xff, 0xff, 0xff, 0xff, 0xff, 0xff, 0xc3, 0xc3, 0xc3, 0xbf, 0x80, 0x80, 0x80, 0xff, 0x81, 0x81, 0x81, 0xfc, 0x80, 0x80, 0x80, 0xff, 0x80, 0x80, 0x80, 0xff, 
  0x80, 0x80, 0x80, 0xff, 0x80, 0x80, 0x80, 0xff, 0x80, 0x80, 0x80, 0xff, 0x80, 0x80, 0x80, 0xff, 0x80, 0x80, 0x80, 0xff, 0x80, 0x80, 0x80, 0xff, 0x80, 0x80, 0x80, 0xff, 
  0x80, 0x80, 0x80, 0xff, 0x80, 0x80, 0x80, 0xff, 0x80, 0x80, 0x80, 0xff, 0x80, 0x80, 0x80, 0xff, 0x80, 0x80, 0x80, 0xff, 0x80, 0x80, 0x80, 0xff, 0x80, 0x80, 0x80, 0xff, 
  0x80, 0x80, 0x80, 0xff, 0x80, 0x80, 0x80, 0xff, 0x80, 0x80, 0x80, 0xff, 0x80, 0x80, 0x80, 0xff, 0x80, 0x80, 0x80, 0xff, 0x80, 0x80, 0x80, 0xff, 0x80, 0x80, 0x80, 0xff, 
  0x80, 0x80, 0x80, 0xff, 0x80, 0x80, 0x80, 0xff, 0x80, 0x80, 0x80, 0xff, 0x80, 0x80, 0x80, 0xff, 0x80, 0x80, 0x80, 0xff, 0x80, 0x80, 0x80, 0xff, 0x80, 0x80, 0x80, 0xff, 
  0x80, 0x80, 0x80, 0xff, 0x80, 0x80, 0x80, 0xff, 0x81, 0x81, 0x81, 0xfc, 0x80, 0x80, 0x80, 0xff, 0xc3, 0xc3, 0xc3, 0xbf, 0xff, 0xff, 0xff, 0xff, 0xff, 0xff, 0xff, 0xff, 
  0xff, 0xff, 0xff, 0xff, 0xff, 0xff, 0xff, 0xff, 0xff, 0xff, 0xff, 0xff, 0xff, 0xff, 0xff, 0xff, 0xff, 0xff, 0xff, 0xff, 0xff, 0xff, 0xff, 0xff, 0xff, 0xff, 0xff, 0xff, 
  0xff, 0xff, 0xff, 0xff, 0xff, 0xff, 0xff, 0xff, 0xff, 0xff, 0xff, 0xff, 0xff, 0xff, 0xff, 0xff, 0xff, 0xff, 0xff, 0xff, 0xff, 0xff, 0xff, 0xff, 0xff, 0xff, 0xff, 0xfe, 
  0xff, 0xff, 0xff, 0xff, 0xff, 0xff, 0xff, 0xfe, 0xae, 0xae, 0xae, 0xc4, 0x80, 0x80, 0x80, 0xff, 0x82, 0x82, 0x82, 0xfb, 0x80, 0x80, 0x80, 0xff, 0x80, 0x80, 0x80, 0xff, 
  0x81, 0x81, 0x81, 0xfc, 0x80, 0x80, 0x80, 0xff, 0x98, 0x98, 0x98, 0xd7, 0xfe, 0xfe, 0xfe, 0xfc, 0xff, 0xff, 0xff, 0xfe, 0xff, 0xff, 0xff, 0xff, 0xff, 0xff, 0xff, 0xff, 
  0xff, 0xff, 0xff, 0xff, 0xff, 0xff, 0xff, 0xff, 0xff, 0xff, 0xff, 0xff, 0xff, 0xff, 0xff, 0xff, 0xff, 0xff, 0xff, 0xff, 0xff, 0xff, 0xff, 0xff, 0xff, 0xff, 0xff, 0xff, 
  0xff, 0xff, 0xff, 0xff, 0xff, 0xff, 0xff, 0xff, 0xff, 0xff, 0xff, 0xff, 0xff, 0xff, 0xff, 0xff, 0xff, 0xff, 0xff, 0xff, 0xff, 0xff, 0xff, 0xff, 0xff, 0xff, 0xff, 0xff, 
  0xff, 0xff, 0xff, 0xff, 0xff, 0xff, 0xff, 0xfe, 0xff, 0xff, 0xff, 0xfe, 0xfd, 0xfd, 0xfd, 0xfb, 0x98, 0x98, 0x98, 0xd8, 0x80, 0x80, 0x80, 0xff, 0x81, 0x81, 0x81, 0xfc, 
  0x80, 0x80, 0x80, 0xff, 0x80, 0x80, 0x80, 0xff, 0x82, 0x82, 0x82, 0xfb, 0x80, 0x80, 0x80, 0xff, 0xaf, 0xaf, 0xaf, 0xc4, 0xff, 0xff, 0xff, 0xff, 0xff, 0xff, 0xff, 0xff, 
  0xff, 0xff, 0xff, 0xfe, 0xff, 0xff, 0xff, 0xff, 0xff, 0xff, 0xff, 0xff, 0xff, 0xff, 0xff, 0xff, 0xff, 0xff, 0xff, 0xff, 0xff, 0xff, 0xff, 0xff, 0xff, 0xff, 0xff, 0xff, 
  0xff, 0xff, 0xff, 0xff, 0xff, 0xff, 0xff, 0xff, 0xff, 0xff, 0xff, 0xff, 0xff, 0xff, 0xff, 0xff, 0xff, 0xff, 0xff, 0xff, 0xff, 0xff, 0xff, 0xff, 0xff, 0xff, 0xff, 0xff, 
  0xff, 0xff, 0xff, 0xff, 0xff, 0xff, 0xff, 0xff, 0xc3, 0xc3, 0xc3, 0xbf, 0x80, 0x80, 0x80, 0xff, 0x81, 0x81, 0x81, 0xfc, 0x80, 0x80, 0x80, 0xff, 0x80, 0x80, 0x80, 0xff, 
  0x80, 0x80, 0x80, 0xff, 0x80, 0x80, 0x80, 0xff, 0x80, 0x80, 0x80, 0xff, 0x80, 0x80, 0x80, 0xff, 0x80, 0x80, 0x80, 0xff, 0x80, 0x80, 0x80, 0xff, 0x80, 0x80, 0x80, 0xff, 
  0x80, 0x80, 0x80, 0xff, 0x80, 0x80, 0x80, 0xff, 0x80, 0x80, 0x80, 0xff, 0x80, 0x80, 0x80, 0xff, 0x80, 0x80, 0x80, 0xff, 0x80, 0x80, 0x80, 0xff, 0x80, 0x80, 0x80, 0xff, 
  0x80, 0x80, 0x80, 0xff, 0x80, 0x80, 0x80, 0xff, 0x80, 0x80, 0x80, 0xff, 0x80, 0x80, 0x80, 0xff, 0x80, 0x80, 0x80, 0xff, 0x80, 0x80, 0x80, 0xff, 0x80, 0x80, 0x80, 0xff, 
  0x80, 0x80, 0x80, 0xff, 0x80, 0x80, 0x80, 0xff, 0x80, 0x80, 0x80, 0xff, 0x80, 0x80, 0x80, 0xff, 0x80, 0x80, 0x80, 0xff, 0x80, 0x80, 0x80, 0xff, 0x80, 0x80, 0x80, 0xff, 
  0x80, 0x80, 0x80, 0xff, 0x80, 0x80, 0x80, 0xff, 0x81, 0x81, 0x81, 0xfc, 0x80, 0x80, 0x80, 0xff, 0xc3, 0xc3, 0xc3, 0xbf, 0xff, 0xff, 0xff, 0xff, 0xff, 0xff, 0xff, 0xff, 
  0xff, 0xff, 0xff, 0xff, 0xff, 0xff, 0xff, 0xff, 0xff, 0xff, 0xff, 0xff, 0xff, 0xff, 0xff, 0xff, 0xff, 0xff, 0xff, 0xff, 0xff, 0xff, 0xff, 0xff, 0xff, 0xff, 0xff, 0xff, 
  0xff, 0xff, 0xff, 0xff, 0xff, 0xff, 0xff, 0xff, 0xff, 0xff, 0xff, 0xff, 0xff, 0xff, 0xff, 0xff, 0xff, 0xff, 0xff, 0xff, 0xff, 0xff, 0xff, 0xff, 0xff, 0xff, 0xff, 0xff, 
  0xfe, 0xfe, 0xfe, 0xfc, 0xff, 0xff, 0xff, 0xff, 0xb8, 0xb8, 0xb8, 0xc0, 0x80, 0x80, 0x80, 0xff, 0x83, 0x83, 0x83, 0xf9, 0x80, 0x80, 0x80, 0xff, 0x80, 0x80, 0x80, 0xff, 
  0x81, 0x81, 0x81, 0xfd, 0x80, 0x80, 0x80, 0xff, 0x8f, 0x8f, 0x8f, 0xe4, 0xee, 0xee, 0xee, 0xe1, 0xff, 0xff, 0xff, 0xff, 0xfe, 0xfe, 0xfe, 0xfd, 0xff, 0xff, 0xff, 0xff, 
  0xff, 0xff, 0xff, 0xff, 0xff, 0xff, 0xff, 0xff, 0xff, 0xff, 0xff, 0xff, 0xff, 0xff, 0xff, 0xff, 0xff, 0xff, 0xff, 0xff, 0xff, 0xff, 0xff, 0xff, 0xff, 0xff, 0xff, 0xff, 
  0xff, 0xff, 0xff, 0xff, 0xff, 0xff, 0xff, 0xff, 0xff, 0xff, 0xff, 0xff, 0xff, 0xff, 0xff, 0xff, 0xff, 0xff, 0xff, 0xff, 0xff, 0xff, 0xff, 0xff, 0xff, 0xff, 0xff, 0xff, 
  0xff, 0xff, 0xff, 0xff, 0xfe, 0xfe, 0xfe, 0xfd, 0xff, 0xff, 0xff, 0xff, 0xec, 0xec, 0xec, 0xdf, 0x8f, 0x8f, 0x8f, 0xe5, 0x80, 0x80, 0x80, 0xff, 0x81, 0x81, 0x81, 0xfd, 
  0x80, 0x80, 0x80, 0xff, 0x80, 0x80, 0x80, 0xff, 0x83, 0x83, 0x83, 0xf9, 0x80, 0x80, 0x80, 0xff, 0xb9, 0xb9, 0xb9, 0xc0, 0xff, 0xff, 0xff, 0xff, 0xfd, 0xfd, 0xfd, 0xfb, 
  0xff, 0xff, 0xff, 0xff, 0xff, 0xff, 0xff, 0xff, 0xff, 0xff, 0xff, 0xff, 0xff, 0xff, 0xff, 0xff, 0xff, 0xff, 0xff, 0xff, 0xff, 0xff, 0xff, 0xff, 0xff, 0xff, 0xff, 0xff, 
  0xff, 0xff, 0xff, 0xff, 0xff, 0xff, 0xff, 0xff, 0xff, 0xff, 0xff, 0xff, 0xff, 0xff, 0xff, 0xff, 0xff, 0xff, 0xff, 0xff, 0xff, 0xff, 0xff, 0xff, 0xff, 0xff, 0xff, 0xff, 
  0xff, 0xff, 0xff, 0xff, 0xff, 0xff, 0xff, 0xff, 0xc3, 0xc3, 0xc3, 0xbf, 0x80, 0x80, 0x80, 0xff, 0x81, 0x81, 0x81, 0xfc, 0x80, 0x80, 0x80, 0xff, 0x80, 0x80, 0x80, 0xff, 
  0x80, 0x80, 0x80, 0xff, 0x80, 0x80, 0x80, 0xff, 0x80, 0x80, 0x80, 0xff, 0x80, 0x80, 0x80, 0xff, 0x80, 0x80, 0x80, 0xff, 0x80, 0x80, 0x80, 0xff, 0x80, 0x80, 0x80, 0xff, 
  0x80, 0x80, 0x80, 0xff, 0x80, 0x80, 0x80, 0xff, 0x80, 0x80, 0x80, 0xff, 0x80, 0x80, 0x80, 0xff, 0x80, 0x80, 0x80, 0xff, 0x80, 0x80, 0x80, 0xff, 0x80, 0x80, 0x80, 0xff, 
  0x80, 0x80, 0x80, 0xff, 0x80, 0x80, 0x80, 0xff, 0x80, 0x80, 0x80, 0xff, 0x80, 0x80, 0x80, 0xff, 0x80, 0x80, 0x80, 0xff, 0x80, 0x80, 0x80, 0xff, 0x80, 0x80, 0x80, 0xff, 
  0x80, 0x80, 0x80, 0xff, 0x80, 0x80, 0x80, 0xff, 0x80, 0x80, 0x80, 0xff, 0x80, 0x80, 0x80, 0xff, 0x80, 0x80, 0x80, 0xff, 0x80, 0x80, 0x80, 0xff, 0x80, 0x80, 0x80, 0xff, 
  0x80, 0x80, 0x80, 0xff, 0x80, 0x80, 0x80, 0xff, 0x81, 0x81, 0x81, 0xfc, 0x80, 0x80, 0x80, 0xff, 0xc3, 0xc3, 0xc3, 0xbf, 0xff, 0xff, 0xff, 0xff, 0xff, 0xff, 0xff, 0xff, 
  0xff, 0xff, 0xff, 0xff, 0xff, 0xff, 0xff, 0xff, 0xff, 0xff, 0xff, 0xff, 0xff, 0xff, 0xff, 0xff, 0xff, 0xff, 0xff, 0xff, 0xff, 0xff, 0xff, 0xff, 0xff, 0xff, 0xff, 0xff, 
  0xff, 0xff, 0xff, 0xff, 0xff, 0xff, 0xff, 0xff, 0xff, 0xff, 0xff, 0xff, 0xff, 0xff, 0xff, 0xff, 0xff, 0xff, 0xff, 0xff, 0xff, 0xff, 0xff, 0xff, 0xff, 0xff, 0xff, 0xff, 
  0xfd, 0xfd, 0xfd, 0xfa, 0xff, 0xff, 0xff, 0xff, 0xc8, 0xc8, 0xc8, 0xc0, 0x80, 0x80, 0x80, 0xff, 0x82, 0x82, 0x82, 0xfb, 0x80, 0x80, 0x80, 0xff, 0x80, 0x80, 0x80, 0xff, 
  0x80, 0x80, 0x80, 0xfe, 0x80, 0x80, 0x80, 0xff, 0x81, 0x81, 0x81, 0xfc, 0xd1, 0xd1, 0xd1, 0xc4, 0xff, 0xff, 0xff, 0xff, 0xfd, 0xfd, 0xfd, 0xfa, 0xff, 0xff, 0xff, 0xff, 
  0xff, 0xff, 0xff, 0xff, 0xff, 0xff, 0xff, 0xff, 0xff, 0xff, 0xff, 0xff, 0xff, 0xff, 0xff, 0xff, 0xff, 0xff, 0xff, 0xff, 0xff, 0xff, 0xff, 0xff, 0xff, 0xff, 0xff, 0xff, 
  0xff, 0xff, 0xff, 0xff, 0xff, 0xff, 0xff, 0xff, 0xff, 0xff, 0xff, 0xff, 0xff, 0xff, 0xff, 0xff, 0xff, 0xff, 0xff, 0xff, 0xff, 0xff, 0xff, 0xff, 0xff, 0xff, 0xff, 0xff, 
  0xff, 0xff, 0xff, 0xff, 0xfd, 0xfd, 0xfd, 0xfa, 0xff, 0xff, 0xff, 0xff, 0xd0, 0xd0, 0xd0, 0xc4, 0x81, 0x81, 0x81, 0xfc, 0x80, 0x80, 0x80, 0xfe, 0x80, 0x80, 0x80, 0xfe, 
  0x80, 0x80, 0x80, 0xff, 0x80, 0x80, 0x80, 0xff, 0x82, 0x82, 0x82, 0xfb, 0x80, 0x80, 0x80, 0xff, 0xc9, 0xc9, 0xc9, 0xc1, 0xff, 0xff, 0xff, 0xff, 0xfd, 0xfd, 0xfd, 0xfa, 
  0xff, 0xff, 0xff, 0xff, 0xff, 0xff, 0xff, 0xff, 0xff, 0xff, 0xff, 0xff, 0xff, 0xff, 0xff, 0xff, 0xff, 0xff, 0xff, 0xff, 0xff, 0xff, 0xff, 0xff, 0xff, 0xff, 0xff, 0xff, 
  0xff, 0xff, 0xff, 0xff, 0xff, 0xff, 0xff, 0xff, 0xff, 0xff, 0xff, 0xff, 0xff, 0xff, 0xff, 0xff, 0xff, 0xff, 0xff, 0xff, 0xff, 0xff, 0xff, 0xff, 0xff, 0xff, 0xff, 0xff, 
  0xff, 0xff, 0xff, 0xff, 0xff, 0xff, 0xff, 0xff, 0xc3, 0xc3, 0xc3, 0xbf, 0x80, 0x80, 0x80, 0xff, 0x81, 0x81, 0x81, 0xfc, 0x80, 0x80, 0x80, 0xff, 0x80, 0x80, 0x80, 0xff, 
  0x80, 0x80, 0x80, 0xff, 0x80, 0x80, 0x80, 0xff, 0x80, 0x80, 0x80, 0xff, 0x80, 0x80, 0x80, 0xff, 0x80, 0x80, 0x80, 0xff, 0x80, 0x80, 0x80, 0xff, 0x80, 0x80, 0x80, 0xff, 
  0x80, 0x80, 0x80, 0xff, 0x80, 0x80, 0x80, 0xff, 0x80, 0x80, 0x80, 0xff, 0x80, 0x80, 0x80, 0xff, 0x80, 0x80, 0x80, 0xff, 0x80, 0x80, 0x80, 0xff, 0x80, 0x80, 0x80, 0xff, 
  0x80, 0x80, 0x80, 0xff, 0x80, 0x80, 0x80, 0xff, 0x80, 0x80, 0x80, 0xff, 0x80, 0x80, 0x80, 0xff, 0x80, 0x80, 0x80, 0xff, 0x80, 0x80, 0x80, 0xff, 0x80, 0x80, 0x80, 0xff, 
  0x80, 0x80, 0x80, 0xff, 0x80, 0x80, 0x80, 0xff, 0x80, 0x80, 0x80, 0xff, 0x80, 0x80, 0x80, 0xff, 0x80, 0x80, 0x80, 0xff, 0x80, 0x80, 0x80, 0xff, 0x80, 0x80, 0x80, 0xff, 
  0x80, 0x80, 0x80, 0xff, 0x80, 0x80, 0x80, 0xff, 0x81, 0x81, 0x81, 0xfc, 0x80, 0x80, 0x80, 0xff, 0xc3, 0xc3, 0xc3, 0xbf, 0xff, 0xff, 0xff, 0xff, 0xff, 0xff, 0xff, 0xff, 
  0xff, 0xff, 0xff, 0xff, 0xff, 0xff, 0xff, 0xff, 0xff, 0xff, 0xff, 0xff, 0xff, 0xff, 0xff, 0xff, 0xff, 0xff, 0xff, 0xff, 0xff, 0xff, 0xff, 0xff, 0xff, 0xff, 0xff, 0xff, 
  0xff, 0xff, 0xff, 0xff, 0xff, 0xff, 0xff, 0xff, 0xff, 0xff, 0xff, 0xff, 0xff, 0xff, 0xff, 0xff, 0xff, 0xff, 0xff, 0xff, 0xff, 0xff, 0xff, 0xff, 0xff, 0xff, 0xff, 0xff, 
  0xfd, 0xfd, 0xfd, 0xfb, 0xff, 0xff, 0xff, 0xff, 0xdb, 0xdb, 0xdb, 0xcb, 0x85, 0x85, 0x85, 0xf4, 0x80, 0x80, 0x80, 0xff, 0x80, 0x80, 0x80, 0xfe, 0x80, 0x80, 0x80, 0xff, 
  0x80, 0x80, 0x80, 0xff, 0x82, 0x82, 0x82, 0xfb, 0x80, 0x80, 0x80, 0xff, 0xab, 0xab, 0xab, 0xc6, 0xfd, 0xfd, 0xfd, 0xfb, 0xfd, 0xfd, 0xfd, 0xfb, 0xff, 0xff, 0xff, 0xfe, 
  0xff, 0xff, 0xff, 0xff, 0xff, 0xff, 0xff, 0xff, 0xff, 0xff, 0xff, 0xff, 0xff, 0xff, 0xff, 0xff, 0xff, 0xff, 0xff, 0xff, 0xff, 0xff, 0xff, 0xff, 0xff, 0xff, 0xff, 0xff, 
  0xff, 0xff, 0xff, 0xff, 0xff, 0xff, 0xff, 0xff, 0xff, 0xff, 0xff, 0xff, 0xff, 0xff, 0xff, 0xff, 0xff, 0xff, 0xff, 0xff, 0xff, 0xff, 0xff, 0xff, 0xff, 0xff, 0xff, 0xff, 
  0xff, 0xff, 0xff, 0xfe, 0xfd, 0xfd, 0xfd, 0xfb, 0xfd, 0xfd, 0xfd, 0xfb, 0xaa, 0xaa, 0xaa, 0xc6, 0x80, 0x80, 0x80, 0xff, 0x82, 0x82, 0x82, 0xfa, 0x80, 0x80, 0x80, 0xff, 
  0x80, 0x80, 0x80, 0xff, 0x80, 0x80, 0x80, 0xfe, 0x80, 0x80, 0x80, 0xff, 0x86, 0x86, 0x86, 0xf3, 0xdc, 0xdc, 0xdc, 0xcc, 0xff, 0xff, 0xff, 0xff, 0xfd, 0xfd, 0xfd, 0xfb, 
  0xff, 0xff, 0xff, 0xff, 0xff, 0xff, 0xff, 0xff, 0xff, 0xff, 0xff, 0xff, 0xff, 0xff, 0xff, 0xff, 0xff, 0xff, 0xff, 0xff, 0xff, 0xff, 0xff, 0xff, 0xff, 0xff, 0xff, 0xff, 
  0xff, 0xff, 0xff, 0xff, 0xff, 0xff, 0xff, 0xff, 0xff, 0xff, 0xff, 0xff, 0xff, 0xff, 0xff, 0xff, 0xff, 0xff, 0xff, 0xff, 0xff, 0xff, 0xff, 0xff, 0xff, 0xff, 0xff, 0xff, 
  0xff, 0xff, 0xff, 0xff, 0xff, 0xff, 0xff, 0xff, 0xc3, 0xc3, 0xc3, 0xbf, 0x80, 0x80, 0x80, 0xff, 0x81, 0x81, 0x81, 0xfc, 0x80, 0x80, 0x80, 0xff, 0x80, 0x80, 0x80, 0xff, 
  0x80, 0x80, 0x80, 0xff, 0x80, 0x80, 0x80, 0xff, 0x80, 0x80, 0x80, 0xff, 0x80, 0x80, 0x80, 0xff, 0x80, 0x80, 0x80, 0xff, 0x80, 0x80, 0x80, 0xff, 0x80, 0x80, 0x80, 0xff, 
  0x80, 0x80, 0x80, 0xff, 0x80, 0x80, 0x80, 0xff, 0x80, 0x80, 0x80, 0xff, 0x80, 0x80, 0x80, 0xff, 0x80, 0x80, 0x80, 0xff, 0x80, 0x80, 0x80, 0xff, 0x80, 0x80, 0x80, 0xff, 
  0x80, 0x80, 0x80, 0xff, 0x80, 0x80, 0x80, 0xff, 0x80, 0x80, 0x80, 0xff, 0x80, 0x80, 0x80, 0xff, 0x80, 0x80, 0x80, 0xff, 0x80, 0x80, 0x80, 0xff, 0x80, 0x80, 0x80, 0xff, 
  0x80, 0x80, 0x80, 0xff, 0x80, 0x80, 0x80, 0xff, 0x80, 0x80, 0x80, 0xff, 0x80, 0x80, 0x80, 0xff, 0x80, 0x80, 0x80, 0xff, 0x80, 0x80, 0x80, 0xff, 0x80, 0x80, 0x80, 0xff, 
  0x80, 0x80, 0x80, 0xff, 0x80, 0x80, 0x80, 0xff, 0x81, 0x81, 0x81, 0xfc, 0x80, 0x80, 0x80, 0xff, 0xc3, 0xc3, 0xc3, 0xbf, 0xff, 0xff, 0xff, 0xff, 0xff, 0xff, 0xff, 0xff, 
  0xff, 0xff, 0xff, 0xff, 0xff, 0xff, 0xff, 0xff, 0xff, 0xff, 0xff, 0xff, 0xff, 0xff, 0xff, 0xff, 0xff, 0xff, 0xff, 0xff, 0xff, 0xff, 0xff, 0xff, 0xff, 0xff, 0xff, 0xff, 
  0xff, 0xff, 0xff, 0xff, 0xff, 0xff, 0xff, 0xff, 0xff, 0xff, 0xff, 0xff, 0xff, 0xff, 0xff, 0xff, 0xff, 0xff, 0xff, 0xff, 0xff, 0xff, 0xff, 0xff, 0xff, 0xff, 0xff, 0xff, 
  0xfe, 0xfe, 0xfe, 0xfd, 0xff, 0xff, 0xff, 0xfe, 0xf5, 0xf5, 0xf5, 0xed, 0x96, 0x96, 0x96, 0xda, 0x80, 0x80, 0x80, 0xff, 0x81, 0x81, 0x81, 0xfc, 0x80, 0x80, 0x80, 0xff, 
  0x80, 0x80, 0x80, 0xff, 0x80, 0x80, 0x80, 0xfe, 0x81, 0x81, 0x81, 0xfd, 0x87, 0x87, 0x87, 0xf1, 0xe0, 0xe0, 0xe0, 0xd0, 0xff, 0xff, 0xff, 0xff, 0xfe, 0xfe, 0xfe, 0xfc, 
  0xff, 0xff, 0xff, 0xff, 0xff, 0xff, 0xff, 0xff, 0xff, 0xff, 0xff, 0xff, 0xff, 0xff, 0xff, 0xff, 0xff, 0xff, 0xff, 0xff, 0xff, 0xff, 0xff, 0xff, 0xff, 0xff, 0xff, 0xff, 
  0xff, 0xff, 0xff, 0xff, 0xff, 0xff, 0xff, 0xff, 0xff, 0xff, 0xff, 0xff, 0xff, 0xff, 0xff, 0xff, 0xff, 0xff, 0xff, 0xff, 0xff, 0xff, 0xff, 0xff, 0xff, 0xff, 0xff, 0xff, 
  0xfe, 0xfe, 0xfe, 0xfc, 0xff, 0xff, 0xff, 0xff, 0xdf, 0xdf, 0xdf, 0xcf, 0x86, 0x86, 0x86, 0xf3, 0x81, 0x81, 0x81, 0xfd, 0x80, 0x80, 0x80, 0xfe, 0x80, 0x80, 0x80, 0xff, 
  0x80, 0x80, 0x80, 0xff, 0x81, 0x81, 0x81, 0xfc, 0x80, 0x80, 0x80, 0xff, 0x97, 0x97, 0x97, 0xd9, 0xf6, 0xf6, 0xf6, 0xed, 0xff, 0xff, 0xff, 0xfe, 0xfe, 0xfe, 0xfe, 0xfd, 
  0xff, 0xff, 0xff, 0xff, 0xff, 0xff, 0xff, 0xff, 0xff, 0xff, 0xff, 0xff, 0xff, 0xff, 0xff, 0xff, 0xff, 0xff, 0xff, 0xff, 0xff, 0xff, 0xff, 0xff, 0xff, 0xff, 0xff, 0xff, 
  0xff, 0xff, 0xff, 0xff, 0xff, 0xff, 0xff, 0xff, 0xff, 0xff, 0xff, 0xff, 0xff, 0xff, 0xff, 0xff, 0xff, 0xff, 0xff, 0xff, 0xff, 0xff, 0xff, 0xff, 0xff, 0xff, 0xff, 0xff, 
  0xff, 0xff, 0xff, 0xff, 0xff, 0xff, 0xff, 0xff, 0xc3, 0xc3, 0xc3, 0xbf, 0x80, 0x80, 0x80, 0xff, 0x81, 0x81, 0x81, 0xfc, 0x80, 0x80, 0x80, 0xff, 0x80, 0x80, 0x80, 0xff, 
  0x80, 0x80, 0x80, 0xff, 0x80, 0x80, 0x80, 0xff, 0x80, 0x80, 0x80, 0xff, 0x80, 0x80, 0x80, 0xff, 0x80, 0x80, 0x80, 0xff, 0x80, 0x80, 0x80, 0xff, 0x80, 0x80, 0x80, 0xff, 
  0x80, 0x80, 0x80, 0xff, 0x80, 0x80, 0x80, 0xff, 0x80, 0x80, 0x80, 0xff, 0x80, 0x80, 0x80, 0xff, 0x80, 0x80, 0x80, 0xff, 0x80, 0x80, 0x80, 0xff, 0x80, 0x80, 0x80, 0xff, 
  0x80, 0x80, 0x80, 0xff, 0x80, 0x80, 0x80, 0xff, 0x80, 0x80, 0x80, 0xff, 0x80, 0x80, 0x80, 0xff, 0x80, 0x80, 0x80, 0xff, 0x80, 0x80, 0x80, 0xff, 0x80, 0x80, 0x80, 0xff, 
  0x80, 0x80, 0x80, 0xff, 0x80, 0x80, 0x80, 0xff, 0x80, 0x80, 0x80, 0xff, 0x80, 0x80, 0x80, 0xff, 0x80, 0x80, 0x80, 0xff, 0x80, 0x80, 0x80, 0xff, 0x80, 0x80, 0x80, 0xff, 
  0x80, 0x80, 0x80, 0xff, 0x80, 0x80, 0x80, 0xff, 0x81, 0x81, 0x81, 0xfc, 0x80, 0x80, 0x80, 0xff, 0xc3, 0xc3, 0xc3, 0xbf, 0xff, 0xff, 0xff, 0xff, 0xff, 0xff, 0xff, 0xff, 
  0xff, 0xff, 0xff, 0xff, 0xff, 0xff, 0xff, 0xff, 0xff, 0xff, 0xff, 0xff, 0xff, 0xff, 0xff, 0xff, 0xff, 0xff, 0xff, 0xff, 0xff, 0xff, 0xff, 0xff, 0xff, 0xff, 0xff, 0xff, 
  0xff, 0xff, 0xff, 0xff, 0xff, 0xff, 0xff, 0xff, 0xff, 0xff, 0xff, 0xff, 0xff, 0xff, 0xff, 0xff, 0xff, 0xff, 0xff, 0xff, 0xff, 0xff, 0xff, 0xff, 0xff, 0xff, 0xff, 0xff, 
  0xff, 0xff, 0xff, 0xff, 0xfd, 0xfd, 0xfd, 0xfb, 0xff, 0xff, 0xff, 0xff, 0xb2, 0xb2, 0xb2, 0xc2, 0x80, 0x80, 0x80, 0xff, 0x81, 0x81, 0x81, 0xfd, 0x80, 0x80, 0x80, 0xff, 
  0x80, 0x80, 0x80, 0xff, 0x80, 0x80, 0x80, 0xff, 0x81, 0x81, 0x81, 0xfc, 0x80, 0x80, 0x80, 0xff, 0x9e, 0x9e, 0x9e, 0xd1, 0xfa, 0xfa, 0xfa, 0xf5, 0xff, 0xff, 0xff, 0xff, 
  0xfe, 0xfe, 0xfe, 0xfd, 0xff, 0xff, 0xff, 0xff, 0xff, 0xff, 0xff, 0xff, 0xff, 0xff, 0xff, 0xff, 0xff, 0xff, 0xff, 0xff, 0xff, 0xff, 0xff, 0xff, 0xff, 0xff, 0xff, 0xff, 
  0xff, 0xff, 0xff, 0xff, 0xff, 0xff, 0xff, 0xff, 0xff, 0xff, 0xff, 0xff, 0xff, 0xff, 0xff, 0xff, 0xff, 0xff, 0xff, 0xff, 0xff, 0xff, 0xff, 0xff, 0xfe, 0xfe, 0xfe, 0xfd, 
  0xff, 0xff, 0xff, 0xff, 0xf9, 0xf9, 0xf9, 0xf4, 0x9c, 0x9c, 0x9c, 0xd3, 0x80, 0x80, 0x80, 0xff, 0x81, 0x81, 0x81, 0xfc, 0x80, 0x80, 0x80, 0xff, 0x80, 0x80, 0x80, 0xff, 
  0x80, 0x80, 0x80, 0xff, 0x80, 0x80, 0x80, 0xfe, 0x80, 0x80, 0x80, 0xff, 0xb3, 0xb3, 0xb3, 0xc2, 0xff, 0xff, 0xff, 0xff, 0xfd, 0xfd, 0xfd, 0xfb, 0xff, 0xff, 0xff, 0xff, 
  0xff, 0xff, 0xff, 0xff, 0xff, 0xff, 0xff, 0xff, 0xff, 0xff, 0xff, 0xff, 0xff, 0xff, 0xff, 0xff, 0xff, 0xff, 0xff, 0xff, 0xff, 0xff, 0xff, 0xff, 0xff, 0xff, 0xff, 0xff, 
  0xff, 0xff, 0xff, 0xff, 0xff, 0xff, 0xff, 0xff, 0xff, 0xff, 0xff, 0xff, 0xff, 0xff, 0xff, 0xff, 0xff, 0xff, 0xff, 0xff, 0xff, 0xff, 0xff, 0xff, 0xff, 0xff, 0xff, 0xff, 
  0xff, 0xff, 0xff, 0xff, 0xff, 0xff, 0xff, 0xff, 0xc3, 0xc3, 0xc3, 0xbf, 0x80, 0x80, 0x80, 0xff, 0x81, 0x81, 0x81, 0xfc, 0x80, 0x80, 0x80, 0xff, 0x80, 0x80, 0x80, 0xff, 
  0x80, 0x80, 0x80, 0xff, 0x80, 0x80, 0x80, 0xff, 0x80, 0x80, 0x80, 0xff, 0x80, 0x80, 0x80, 0xff, 0x80, 0x80, 0x80, 0xff, 0x80, 0x80, 0x80, 0xff, 0x80, 0x80, 0x80, 0xff, 
  0x80, 0x80, 0x80, 0xff, 0x80, 0x80, 0x80, 0xff, 0x80, 0x80, 0x80, 0xff, 0x80, 0x80, 0x80, 0xff, 0x80, 0x80, 0x80, 0xff, 0x80, 0x80, 0x80, 0xff, 0x80, 0x80, 0x80, 0xff, 
  0x80, 0x80, 0x80, 0xff, 0x80, 0x80, 0x80, 0xff, 0x80, 0x80, 0x80, 0xff, 0x80, 0x80, 0x80, 0xff, 0x80, 0x80, 0x80, 0xff, 0x80, 0x80, 0x80, 0xff, 0x80, 0x80, 0x80, 0xff, 
  0x80, 0x80, 0x80, 0xff, 0x80, 0x80, 0x80, 0xff, 0x80, 0x80, 0x80, 0xff, 0x80, 0x80, 0x80, 0xff, 0x80, 0x80, 0x80, 0xff, 0x80, 0x80, 0x80, 0xff, 0x80, 0x80, 0x80, 0xff, 
  0x80, 0x80, 0x80, 0xff, 0x80, 0x80, 0x80, 0xff, 0x81, 0x81, 0x81, 0xfc, 0x80, 0x80, 0x80, 0xff, 0xc3, 0xc3, 0xc3, 0xbf, 0xff, 0xff, 0xff, 0xff, 0xff, 0xff, 0xff, 0xff, 
  0xff, 0xff, 0xff, 0xff, 0xff, 0xff, 0xff, 0xff, 0xff, 0xff, 0xff, 0xff, 0xff, 0xff, 0xff, 0xff, 0xff, 0xff, 0xff, 0xff, 0xff, 0xff, 0xff, 0xff, 0xff, 0xff, 0xff, 0xff, 
  0xff, 0xff, 0xff, 0xff, 0xff, 0xff, 0xff, 0xff, 0xff, 0xff, 0xff, 0xff, 0xff, 0xff, 0xff, 0xff, 0xff, 0xff, 0xff, 0xff, 0xff, 0xff, 0xff, 0xff, 0xff, 0xff, 0xff, 0xff, 
  0xff, 0xff, 0xff, 0xff, 0xfe, 0xfe, 0xfe, 0xfd, 0xff, 0xff, 0xff, 0xfe, 0xe1, 0xe1, 0xe1, 0xd1, 0x85, 0x85, 0x85, 0xf5, 0x80, 0x80, 0x80, 0xfe, 0x80, 0x80, 0x80, 0xfe, 
  0x80, 0x80, 0x80, 0xff, 0x80, 0x80, 0x80, 0xff, 0x80, 0x80, 0x80, 0xff, 0x81, 0x81, 0x81, 0xfd, 0x80, 0x80, 0x80, 0xff, 0xb1, 0xb1, 0xb1, 0xc2, 0xff, 0xff, 0xff, 0xff, 
  0xff, 0xff, 0xff, 0xff, 0xfe, 0xfe, 0xfe, 0xfc, 0xff, 0xff, 0xff, 0xfe, 0xff, 0xff, 0xff, 0xff, 0xff, 0xff, 0xff, 0xff, 0xff, 0xff, 0xff, 0xff, 0xff, 0xff, 0xff, 0xff, 
  0xff, 0xff, 0xff, 0xff, 0xff, 0xff, 0xff, 0xff, 0xff, 0xff, 0xff, 0xff, 0xff, 0xff, 0xff, 0xff, 0xff, 0xff, 0xff, 0xfe, 0xfe, 0xfe, 0xfe, 0xfc, 0xff, 0xff, 0xff, 0xff, 
  0xff, 0xff, 0xff, 0xff, 0xb0, 0xb0, 0xb0, 0xc3, 0x80, 0x80, 0x80, 0xff, 0x80, 0x80, 0x80, 0xfe, 0x80, 0x80, 0x80, 0xff, 0x80, 0x80, 0x80, 0xff, 0x80, 0x80, 0x80, 0xff, 
  0x80, 0x80, 0x80, 0xfe, 0x80, 0x80, 0x80, 0xfe, 0x85, 0x85, 0x85, 0xf5, 0xe2, 0xe2, 0xe2, 0xd2, 0xff, 0xff, 0xff, 0xfe, 0xfe, 0xfe, 0xfe, 0xfd, 0xff, 0xff, 0xff, 0xff, 
  0xff, 0xff, 0xff, 0xff, 0xff, 0xff, 0xff, 0xff, 0xff, 0xff, 0xff, 0xff, 0xff, 0xff, 0xff, 0xff, 0xff, 0xff, 0xff, 0xff, 0xff, 0xff, 0xff, 0xff, 0xff, 0xff, 0xff, 0xff, 
  0xff, 0xff, 0xff, 0xff, 0xff, 0xff, 0xff, 0xff, 0xff, 0xff, 0xff, 0xff, 0xff, 0xff, 0xff, 0xff, 0xff, 0xff, 0xff, 0xff, 0xff, 0xff, 0xff, 0xff, 0xff, 0xff, 0xff, 0xff, 
  0xff, 0xff, 0xff, 0xff, 0xff, 0xff, 0xff, 0xff, 0xc3, 0xc3, 0xc3, 0xbf, 0x80, 0x80, 0x80, 0xff, 0x81, 0x81, 0x81, 0xfc, 0x80, 0x80, 0x80, 0xff, 0x80, 0x80, 0x80, 0xff, 
  0x80, 0x80, 0x80, 0xff, 0x80, 0x80, 0x80, 0xff, 0x80, 0x80, 0x80, 0xff, 0x80, 0x80, 0x80, 0xff, 0x80, 0x80, 0x80, 0xff, 0x80, 0x80, 0x80, 0xff, 0x80, 0x80, 0x80, 0xff, 
  0x80, 0x80, 0x80, 0xff, 0x80, 0x80, 0x80, 0xff, 0x80, 0x80, 0x80, 0xff, 0x80, 0x80, 0x80, 0xff, 0x80, 0x80, 0x80, 0xff, 0x80, 0x80, 0x80, 0xff, 0x80, 0x80, 0x80, 0xff, 
  0x80, 0x80, 0x80, 0xff, 0x80, 0x80, 0x80, 0xff, 0x80, 0x80, 0x80, 0xff, 0x80, 0x80, 0x80, 0xff, 0x80, 0x80, 0x80, 0xff, 0x80, 0x80, 0x80, 0xff, 0x80, 0x80, 0x80, 0xff, 
  0x80, 0x80, 0x80, 0xff, 0x80, 0x80, 0x80, 0xff, 0x80, 0x80, 0x80, 0xff, 0x80, 0x80, 0x80, 0xff, 0x80, 0x80, 0x80, 0xff, 0x80, 0x80, 0x80, 0xff, 0x80, 0x80, 0x80, 0xff, 
  0x80, 0x80, 0x80, 0xff, 0x80, 0x80, 0x80, 0xff, 0x81, 0x81, 0x81, 0xfc, 0x80, 0x80, 0x80, 0xff, 0xc3, 0xc3, 0xc3, 0xbf, 0xff, 0xff, 0xff, 0xff, 0xff, 0xff, 0xff, 0xff, 
  0xff, 0xff, 0xff, 0xff, 0xff, 0xff, 0xff, 0xff, 0xff, 0xff, 0xff, 0xff, 0xff, 0xff, 0xff, 0xff, 0xff, 0xff, 0xff, 0xff, 0xff, 0xff, 0xff, 0xff, 0xff, 0xff, 0xff, 0xff, 
  0xff, 0xff, 0xff, 0xff, 0xff, 0xff, 0xff, 0xff, 0xff, 0xff, 0xff, 0xff, 0xff, 0xff, 0xff, 0xff, 0xff, 0xff, 0xff, 0xff, 0xff, 0xff, 0xff, 0xff, 0xff, 0xff, 0xff, 0xff, 
  0xff, 0xff, 0xff, 0xff, 0xff, 0xff, 0xff, 0xff, 0xff, 0xff, 0xff, 0xfe, 0xff, 0xff, 0xff, 0xff, 0xa5, 0xa5, 0xa5, 0xca, 0x80, 0x80, 0x80, 0xff, 0x80, 0x80, 0x80, 0xfe, 
  0x80, 0x80, 0x80, 0xff, 0x80, 0x80, 0x80, 0xff, 0x80, 0x80, 0x80, 0xff, 0x80, 0x80, 0x80, 0xff, 0x81, 0x81, 0x81, 0xfd, 0x80, 0x80, 0x80, 0xff, 0xb2, 0xb2, 0xb2, 0xc2, 
  0xf8, 0xf8, 0xf8, 0xf2, 0xff, 0xff, 0xff, 0xff, 0xfe, 0xfe, 0xfe, 0xfd, 0xfd, 0xfd, 0xfd, 0xfa, 0xfe, 0xfe, 0xfe, 0xfd, 0xff, 0xff, 0xff, 0xfe, 0xff, 0xff, 0xff, 0xff, 
  0xff, 0xff, 0xff, 0xff, 0xff, 0xff, 0xff, 0xfe, 0xfe, 0xfe, 0xfe, 0xfd, 0xfd, 0xfd, 0xfd, 0xfa, 0xff, 0xff, 0xff, 0xfe, 0xff, 0xff, 0xff, 0xff, 0xf8, 0xf8, 0xf8, 0xf1, 
  0xb0, 0xb0, 0xb0, 0xc3, 0x80, 0x80, 0x80, 0xff, 0x81, 0x81, 0x81, 0xfd, 0x80, 0x80, 0x80, 0xff, 0x80, 0x80, 0x80, 0xff, 0x80, 0x80, 0x80, 0xff, 0x80, 0x80, 0x80, 0xff, 
  0x80, 0x80, 0x80, 0xfe, 0x80, 0x80, 0x80, 0xff, 0xa6, 0xa6, 0xa6, 0xc9, 0xff, 0xff, 0xff, 0xff, 0xff, 0xff, 0xff, 0xfe, 0xff, 0xff, 0xff, 0xff, 0xff, 0xff, 0xff, 0xff, 
  0xff, 0xff, 0xff, 0xff, 0xff, 0xff, 0xff, 0xff, 0xff, 0xff, 0xff, 0xff, 0xff, 0xff, 0xff, 0xff, 0xff, 0xff, 0xff, 0xff, 0xff, 0xff, 0xff, 0xff, 0xff, 0xff, 0xff, 0xff, 
  0xff, 0xff, 0xff, 0xff, 0xff, 0xff, 0xff, 0xff, 0xff, 0xff, 0xff, 0xff, 0xff, 0xff, 0xff, 0xff, 0xff, 0xff, 0xff, 0xff, 0xff, 0xff, 0xff, 0xff, 0xff, 0xff, 0xff, 0xff, 
  0xff, 0xff, 0xff, 0xff, 0xff, 0xff, 0xff, 0xff, 0xc3, 0xc3, 0xc3, 0xbf, 0x80, 0x80, 0x80, 0xff, 0x81, 0x81, 0x81, 0xfc, 0x80, 0x80, 0x80, 0xff, 0x80, 0x80, 0x80, 0xff, 
  0x80, 0x80, 0x80, 0xff, 0x80, 0x80, 0x80, 0xff, 0x80, 0x80, 0x80, 0xff, 0x80, 0x80, 0x80, 0xff, 0x80, 0x80, 0x80, 0xff, 0x80, 0x80, 0x80, 0xff, 0x80, 0x80, 0x80, 0xff, 
  0x80, 0x80, 0x80, 0xff, 0x80, 0x80, 0x80, 0xff, 0x80, 0x80, 0x80, 0xff, 0x80, 0x80, 0x80, 0xff, 0x80, 0x80, 0x80, 0xff, 0x80, 0x80, 0x80, 0xff, 0x80, 0x80, 0x80, 0xff, 
  0x80, 0x80, 0x80, 0xff, 0x80, 0x80, 0x80, 0xff, 0x80, 0x80, 0x80, 0xff, 0x80, 0x80, 0x80, 0xff, 0x80, 0x80, 0x80, 0xff, 0x80, 0x80, 0x80, 0xff, 0x80, 0x80, 0x80, 0xff, 
  0x80, 0x80, 0x80, 0xff, 0x80, 0x80, 0x80, 0xff, 0x80, 0x80, 0x80, 0xff, 0x80, 0x80, 0x80, 0xff, 0x80, 0x80, 0x80, 0xff, 0x80, 0x80, 0x80, 0xff, 0x80, 0x80, 0x80, 0xff, 
  0x80, 0x80, 0x80, 0xff, 0x80, 0x80, 0x80, 0xff, 0x81, 0x81, 0x81, 0xfc, 0x80, 0x80, 0x80, 0xff, 0xc3, 0xc3, 0xc3, 0xbf, 0xff, 0xff, 0xff, 0xff, 0xff, 0xff, 0xff, 0xff, 
  0xff, 0xff, 0xff, 0xff, 0xff, 0xff, 0xff, 0xff, 0xff, 0xff, 0xff, 0xff, 0xff, 0xff, 0xff, 0xff, 0xff, 0xff, 0xff, 0xff, 0xff, 0xff, 0xff, 0xff, 0xff, 0xff, 0xff, 0xff, 
  0xff, 0xff, 0xff, 0xff, 0xff, 0xff, 0xff, 0xff, 0xff, 0xff, 0xff, 0xff, 0xff, 0xff, 0xff, 0xff, 0xff, 0xff, 0xff, 0xff, 0xff, 0xff, 0xff, 0xff, 0xff, 0xff, 0xff, 0xff, 
  0xff, 0xff, 0xff, 0xff, 0xff, 0xff, 0xff, 0xff, 0xff, 0xff, 0xff, 0xfe, 0xff, 0xff, 0xff, 0xff, 0xe6, 0xe6, 0xe6, 0xd6, 0x84, 0x84, 0x84, 0xf7, 0x81, 0x81, 0x81, 0xfd, 
  0x80, 0x80, 0x80, 0xfe, 0x80, 0x80, 0x80, 0xff, 0x80, 0x80, 0x80, 0xff, 0x80, 0x80, 0x80, 0xff, 0x80, 0x80, 0x80, 0xff, 0x80, 0x80, 0x80, 0xfe, 0x80, 0x80, 0x80, 0xff, 
  0x9f, 0x9f, 0x9f, 0xd0, 0xdf, 0xdf, 0xdf, 0xcf, 0xff, 0xff, 0xff, 0xff, 0xff, 0xff, 0xff, 0xff, 0xff, 0xff, 0xff, 0xff, 0xff, 0xff, 0xff, 0xfe, 0xfd, 0xfd, 0xfd, 0xfb, 
  0xfd, 0xfd, 0xfd, 0xfb, 0xff, 0xff, 0xff, 0xfe, 0xff, 0xff, 0xff, 0xff, 0xff, 0xff, 0xff, 0xff, 0xff, 0xff, 0xff, 0xff, 0xde, 0xde, 0xde, 0xce, 0x9e, 0x9e, 0x9e, 0xd1, 
  0x80, 0x80, 0x80, 0xff, 0x80, 0x80, 0x80, 0xfe, 0x80, 0x80, 0x80, 0xff, 0x80, 0x80, 0x80, 0xff, 0x80, 0x80, 0x80, 0xff, 0x80, 0x80, 0x80, 0xff, 0x80, 0x80, 0x80, 0xfe, 
  0x81, 0x81, 0x81, 0xfd, 0x84, 0x84, 0x84, 0xf6, 0xe7, 0xe7, 0xe7, 0xd7, 0xff, 0xff, 0xff, 0xff, 0xff, 0xff, 0xff, 0xfe, 0xff, 0xff, 0xff, 0xff, 0xff, 0xff, 0xff, 0xff, 
  0xff, 0xff, 0xff, 0xff, 0xff, 0xff, 0xff, 0xff, 0xff, 0xff, 0xff, 0xff, 0xff, 0xff, 0xff, 0xff, 0xff, 0xff, 0xff, 0xff, 0xff, 0xff, 0xff, 0xff, 0xff, 0xff, 0xff, 0xff, 
  0xff, 0xff, 0xff, 0xff, 0xff, 0xff, 0xff, 0xff, 0xff, 0xff, 0xff, 0xff, 0xff, 0xff, 0xff, 0xff, 0xff, 0xff, 0xff, 0xff, 0xff, 0xff, 0xff, 0xff, 0xff, 0xff, 0xff, 0xff, 
  0xff, 0xff, 0xff, 0xff, 0xff, 0xff, 0xff, 0xff, 0xc3, 0xc3, 0xc3, 0xbf, 0x80, 0x80, 0x80, 0xff, 0x81, 0x81, 0x81, 0xfc, 0x80, 0x80, 0x80, 0xff, 0x80, 0x80, 0x80, 0xff, 
  0x80, 0x80, 0x80, 0xff, 0x80, 0x80, 0x80, 0xff, 0x80, 0x80, 0x80, 0xff, 0x80, 0x80, 0x80, 0xff, 0x80, 0x80, 0x80, 0xff, 0x80, 0x80, 0x80, 0xff, 0x80, 0x80, 0x80, 0xff, 
  0x80, 0x80, 0x80, 0xff, 0x80, 0x80, 0x80, 0xff, 0x80, 0x80, 0x80, 0xff, 0x80, 0x80, 0x80, 0xff, 0x80, 0x80, 0x80, 0xff, 0x80, 0x80, 0x80, 0xff, 0x80, 0x80, 0x80, 0xff, 
  0x80, 0x80, 0x80, 0xff, 0x80, 0x80, 0x80, 0xff, 0x80, 0x80, 0x80, 0xff, 0x80, 0x80, 0x80, 0xff, 0x80, 0x80, 0x80, 0xff, 0x80, 0x80, 0x80, 0xff, 0x80, 0x80, 0x80, 0xff, 
  0x80, 0x80, 0x80, 0xff, 0x80, 0x80, 0x80, 0xff, 0x80, 0x80, 0x80, 0xff, 0x80, 0x80, 0x80, 0xff, 0x80, 0x80, 0x80, 0xff, 0x80, 0x80, 0x80, 0xff, 0x80, 0x80, 0x80, 0xff, 
  0x80, 0x80, 0x80, 0xff, 0x80, 0x80, 0x80, 0xff, 0x81, 0x81, 0x81, 0xfc, 0x80, 0x80, 0x80, 0xff, 0xc3, 0xc3, 0xc3, 0xbf, 0xff, 0xff, 0xff, 0xff, 0xff, 0xff, 0xff, 0xff, 
  0xff, 0xff, 0xff, 0xff, 0xff, 0xff, 0xff, 0xff, 0xff, 0xff, 0xff, 0xff, 0xff, 0xff, 0xff, 0xff, 0xff, 0xff, 0xff, 0xff, 0xff, 0xff, 0xff, 0xff, 0xff, 0xff, 0xff, 0xff, 
  0xff, 0xff, 0xff, 0xff, 0xff, 0xff, 0xff, 0xff, 0xff, 0xff, 0xff, 0xff, 0xff, 0xff, 0xff, 0xff, 0xff, 0xff, 0xff, 0xff, 0xff, 0xff, 0xff, 0xff, 0xff, 0xff, 0xff, 0xff, 
  0xff, 0xff, 0xff, 0xff, 0xff, 0xff, 0xff, 0xff, 0xff, 0xff, 0xff, 0xff, 0xff, 0xff, 0xff, 0xfe, 0xff, 0xff, 0xff, 0xff, 0xbd, 0xbd, 0xbd, 0xbf, 0x80, 0x80, 0x80, 0xff, 
  0x81, 0x81, 0x81, 0xfc, 0x80, 0x80, 0x80, 0xff, 0x80, 0x80, 0x80, 0xff, 0x80, 0x80, 0x80, 0xff, 0x80, 0x80, 0x80, 0xff, 0x80, 0x80, 0x80, 0xff, 0x81, 0x81, 0x81, 0xfc, 
  0x80, 0x80, 0x80, 0xff, 0x83, 0x83, 0x83, 0xf9, 0xac, 0xac, 0xac, 0xc5, 0xd0, 0xd0, 0xd0, 0xc3, 0xed, 0xed, 0xed, 0xdf, 0xfe, 0xfe, 0xfe, 0xfd, 0xff, 0xff, 0xff, 0xff, 
  0xff, 0xff, 0xff, 0xff, 0xfe, 0xfe, 0xfe, 0xfd, 0xec, 0xec, 0xec, 0xdf, 0xcf, 0xcf, 0xcf, 0xc3, 0xab, 0xab, 0xab, 0xc6, 0x82, 0x82, 0x82, 0xfa, 0x80, 0x80, 0x80, 0xff, 
  0x81, 0x81, 0x81, 0xfd, 0x80, 0x80, 0x80, 0xff, 0x80, 0x80, 0x80, 0xff, 0x80, 0x80, 0x80, 0xff, 0x80, 0x80, 0x80, 0xff, 0x80, 0x80, 0x80, 0xff, 0x81, 0x81, 0x81, 0xfc, 
  0x80, 0x80, 0x80, 0xff, 0xbe, 0xbe, 0xbe, 0xbf, 0xff, 0xff, 0xff, 0xff, 0xff, 0xff, 0xff, 0xfe, 0xff, 0xff, 0xff, 0xff, 0xff, 0xff, 0xff, 0xff, 0xff, 0xff, 0xff, 0xff, 
  0xff, 0xff, 0xff, 0xff, 0xff, 0xff, 0xff, 0xff, 0xff, 0xff, 0xff, 0xff, 0xff, 0xff, 0xff, 0xff, 0xff, 0xff, 0xff, 0xff, 0xff, 0xff, 0xff, 0xff, 0xff, 0xff, 0xff, 0xff, 
  0xff, 0xff, 0xff, 0xff, 0xff, 0xff, 0xff, 0xff, 0xff, 0xff, 0xff, 0xff, 0xff, 0xff, 0xff, 0xff, 0xff, 0xff, 0xff, 0xff, 0xff, 0xff, 0xff, 0xff, 0xff, 0xff, 0xff, 0xff, 
  0xff, 0xff, 0xff, 0xff, 0xff, 0xff, 0xff, 0xff, 0xc3, 0xc3, 0xc3, 0xbf, 0x80, 0x80, 0x80, 0xff, 0x81, 0x81, 0x81, 0xfc, 0x80, 0x80, 0x80, 0xff, 0x80, 0x80, 0x80, 0xff, 
  0x80, 0x80, 0x80, 0xff, 0x80, 0x80, 0x80, 0xff, 0x80, 0x80, 0x80, 0xff, 0x80, 0x80, 0x80, 0xff, 0x80, 0x80, 0x80, 0xff, 0x80, 0x80, 0x80, 0xff, 0x80, 0x80, 0x80, 0xff, 
  0x80, 0x80, 0x80, 0xff, 0x80, 0x80, 0x80, 0xff, 0x80, 0x80, 0x80, 0xff, 0x80, 0x80, 0x80, 0xff, 0x80, 0x80, 0x80, 0xff, 0x80, 0x80, 0x80, 0xff, 0x80, 0x80, 0x80, 0xff, 
  0x80, 0x80, 0x80, 0xff, 0x80, 0x80, 0x80, 0xff, 0x80, 0x80, 0x80, 0xff, 0x80, 0x80, 0x80, 0xff, 0x80, 0x80, 0x80, 0xff, 0x80, 0x80, 0x80, 0xff, 0x80, 0x80, 0x80, 0xff, 
  0x80, 0x80, 0x80, 0xff, 0x80, 0x80, 0x80, 0xff, 0x80, 0x80, 0x80, 0xff, 0x80, 0x80, 0x80, 0xff, 0x80, 0x80, 0x80, 0xff, 0x80, 0x80, 0x80, 0xff, 0x80, 0x80, 0x80, 0xff, 
  0x80, 0x80, 0x80, 0xff, 0x80, 0x80, 0x80, 0xff, 0x81, 0x81, 0x81, 0xfc, 0x80, 0x80, 0x80, 0xff, 0xc3, 0xc3, 0xc3, 0xbf, 0xff, 0xff, 0xff, 0xff, 0xff, 0xff, 0xff, 0xff, 
  0xff, 0xff, 0xff, 0xff, 0xff, 0xff, 0xff, 0xff, 0xff, 0xff, 0xff, 0xff, 0xff, 0xff, 0xff, 0xff, 0xff, 0xff, 0xff, 0xff, 0xff, 0xff, 0xff, 0xff, 0xff, 0xff, 0xff, 0xff, 
  0xff, 0xff, 0xff, 0xff, 0xff, 0xff, 0xff, 0xff, 0xff, 0xff, 0xff, 0xff, 0xff, 0xff, 0xff, 0xff, 0xff, 0xff, 0xff, 0xff, 0xff, 0xff, 0xff, 0xff, 0xff, 0xff, 0xff, 0xff, 
  0xff, 0xff, 0xff, 0xff, 0xff, 0xff, 0xff, 0xff, 0xff, 0xff, 0xff, 0xff, 0xff, 0xff, 0xff, 0xfe, 0xff, 0xff, 0xff, 0xfe, 0xfa, 0xfa, 0xfa, 0xf5, 0xa2, 0xa2, 0xa2, 0xcd, 
  0x80, 0x80, 0x80, 0xff, 0x82, 0x82, 0x82, 0xfa, 0x80, 0x80, 0x80, 0xff, 0x80, 0x80, 0x80, 0xff, 0x80, 0x80, 0x80, 0xff, 0x80, 0x80, 0x80, 0xff, 0x80, 0x80, 0x80, 0xff, 
  0x81, 0x81, 0x81, 0xfc, 0x80, 0x80, 0x80, 0xff, 0x80, 0x80, 0x80, 0xff, 0x80, 0x80, 0x80, 0xfe, 0x8f, 0x8f, 0x8f, 0xe5, 0x98, 0x98, 0x98, 0xd8, 0x9d, 0x9d, 0x9d, 0xd2, 
  0x9d, 0x9d, 0x9d, 0xd2, 0x98, 0x98, 0x98, 0xd8, 0x8f, 0x8f, 0x8f, 0xe5, 0x80, 0x80, 0x80, 0xff, 0x80, 0x80, 0x80, 0xff, 0x80, 0x80, 0x80, 0xff, 0x81, 0x81, 0x81, 0xfc, 
  0x80, 0x80, 0x80, 0xff, 0x80, 0x80, 0x80, 0xff, 0x80, 0x80, 0x80, 0xff, 0x80, 0x80, 0x80, 0xff, 0x80, 0x80, 0x80, 0xff, 0x82, 0x82, 0x82, 0xfa, 0x80, 0x80, 0x80, 0xff, 
  0xa3, 0xa3, 0xa3, 0xcc, 0xfb, 0xfb, 0xfb, 0xf6, 0xff, 0xff, 0xff, 0xfe, 0xff, 0xff, 0xff, 0xfe, 0xff, 0xff, 0xff, 0xff, 0xff, 0xff, 0xff, 0xff, 0xff, 0xff, 0xff, 0xff, 
  0xff, 0xff, 0xff, 0xff, 0xff, 0xff, 0xff, 0xff, 0xff, 0xff, 0xff, 0xff, 0xff, 0xff, 0xff, 0xff, 0xff, 0xff, 0xff, 0xff, 0xff, 0xff, 0xff, 0xff, 0xff, 0xff, 0xff, 0xff, 
  0xff, 0xff, 0xff, 0xff, 0xff, 0xff, 0xff, 0xff, 0xff, 0xff, 0xff, 0xff, 0xff, 0xff, 0xff, 0xff, 0xff, 0xff, 0xff, 0xff, 0xff, 0xff, 0xff, 0xff, 0xff, 0xff, 0xff, 0xff, 
  0xff, 0xff, 0xff, 0xff, 0xff, 0xff, 0xff, 0xff, 0xc3, 0xc3, 0xc3, 0xbf, 0x80, 0x80, 0x80, 0xff, 0x81, 0x81, 0x81, 0xfc, 0x80, 0x80, 0x80, 0xff, 0x80, 0x80, 0x80, 0xff, 
  0x80, 0x80, 0x80, 0xff, 0x80, 0x80, 0x80, 0xff, 0x80, 0x80, 0x80, 0xff, 0x80, 0x80, 0x80, 0xff, 0x80, 0x80, 0x80, 0xff, 0x80, 0x80, 0x80, 0xff, 0x80, 0x80, 0x80, 0xff, 
  0x80, 0x80, 0x80, 0xff, 0x80, 0x80, 0x80, 0xff, 0x80, 0x80, 0x80, 0xff, 0x80, 0x80, 0x80, 0xff, 0x80, 0x80, 0x80, 0xff, 0x80, 0x80, 0x80, 0xff, 0x80, 0x80, 0x80, 0xff, 
  0x80, 0x80, 0x80, 0xff, 0x80, 0x80, 0x80, 0xff, 0x80, 0x80, 0x80, 0xff, 0x80, 0x80, 0x80, 0xff, 0x80, 0x80, 0x80, 0xff, 0x80, 0x80, 0x80, 0xff, 0x80, 0x80, 0x80, 0xff, 
  0x80, 0x80, 0x80, 0xff, 0x80, 0x80, 0x80, 0xff, 0x80, 0x80, 0x80, 0xff, 0x80, 0x80, 0x80, 0xff, 0x80, 0x80, 0x80, 0xff, 0x80, 0x80, 0x80, 0xff, 0x80, 0x80, 0x80, 0xff, 
  0x80, 0x80, 0x80, 0xff, 0x80, 0x80, 0x80, 0xff, 0x81, 0x81, 0x81, 0xfc, 0x80, 0x80, 0x80, 0xff, 0xc3, 0xc3, 0xc3, 0xbf, 0xff, 0xff, 0xff, 0xff, 0xff, 0xff, 0xff, 0xff, 
  0xff, 0xff, 0xff, 0xff, 0xff, 0xff, 0xff, 0xff, 0xff, 0xff, 0xff, 0xff, 0xff, 0xff, 0xff, 0xff, 0xff, 0xff, 0xff, 0xff, 0xff, 0xff, 0xff, 0xff, 0xff, 0xff, 0xff, 0xff, 
  0xff, 0xff, 0xff, 0xff, 0xff, 0xff, 0xff, 0xff, 0xff, 0xff, 0xff, 0xff, 0xff, 0xff, 0xff, 0xff, 0xff, 0xff, 0xff, 0xff, 0xff, 0xff, 0xff, 0xff, 0xff, 0xff, 0xff, 0xff, 
  0xff, 0xff, 0xff, 0xff, 0xff, 0xff, 0xff, 0xff, 0xff, 0xff, 0xff, 0xff, 0xff, 0xff, 0xff, 0xff, 0xfe, 0xfe, 0xfe, 0xfc, 0xff, 0xff, 0xff, 0xff, 0xed, 0xed, 0xed, 0xe0, 
  0x97, 0x97, 0x97, 0xd9, 0x80, 0x80, 0x80, 0xff, 0x82, 0x82, 0x82, 0xfa, 0x80, 0x80, 0x80, 0xff, 0x80, 0x80, 0x80, 0xff, 0x80, 0x80, 0x80, 0xff, 0x80, 0x80, 0x80, 0xff, 
  0x80, 0x80, 0x80, 0xff, 0x80, 0x80, 0x80, 0xfe, 0x82, 0x82, 0x82, 0xfb, 0x80, 0x80, 0x80, 0xff, 0x80, 0x80, 0x80, 0xff, 0x80, 0x80, 0x80, 0xff, 0x80, 0x80, 0x80, 0xff, 
  0x80, 0x80, 0x80, 0xff, 0x80, 0x80, 0x80, 0xff, 0x80, 0x80, 0x80, 0xff, 0x80, 0x80, 0x80, 0xff, 0x82, 0x82, 0x82, 0xfb, 0x80, 0x80, 0x80, 0xfe, 0x80, 0x80, 0x80, 0xff, 
  0x80, 0x80, 0x80, 0xff, 0x80, 0x80, 0x80, 0xff, 0x80, 0x80, 0x80, 0xff, 0x80, 0x80, 0x80, 0xff, 0x82, 0x82, 0x82, 0xfa, 0x80, 0x80, 0x80, 0xff, 0x97, 0x97, 0x97, 0xd9, 
  0xee, 0xee, 0xee, 0xe2, 0xff, 0xff, 0xff, 0xff, 0xfe, 0xfe, 0xfe, 0xfd, 0xff, 0xff, 0xff, 0xff, 0xff, 0xff, 0xff, 0xff, 0xff, 0xff, 0xff, 0xff, 0xff, 0xff, 0xff, 0xff, 
  0xff, 0xff, 0xff, 0xff, 0xff, 0xff, 0xff, 0xff, 0xff, 0xff, 0xff, 0xff, 0xff, 0xff, 0xff, 0xff, 0xff, 0xff, 0xff, 0xff, 0xff, 0xff, 0xff, 0xff, 0xff, 0xff, 0xff, 0xff, 
  0xff, 0xff, 0xff, 0xff, 0xff, 0xff, 0xff, 0xff, 0xff, 0xff, 0xff, 0xff, 0xff, 0xff, 0xff, 0xff, 0xff, 0xff, 0xff, 0xff, 0xff, 0xff, 0xff, 0xff, 0xff, 0xff, 0xff, 0xff, 
  0xff, 0xff, 0xff, 0xff, 0xff, 0xff, 0xff, 0xff, 0xc3, 0xc3, 0xc3, 0xbf, 0x80, 0x80, 0x80, 0xff, 0x81, 0x81, 0x81, 0xfc, 0x80, 0x80, 0x80, 0xff, 0x80, 0x80, 0x80, 0xff, 
  0x80, 0x80, 0x80, 0xff, 0x80, 0x80, 0x80, 0xff, 0x80, 0x80, 0x80, 0xff, 0x80, 0x80, 0x80, 0xff, 0x80, 0x80, 0x80, 0xff, 0x80, 0x80, 0x80, 0xff, 0x80, 0x80, 0x80, 0xff, 
  0x80, 0x80, 0x80, 0xff, 0x80, 0x80, 0x80, 0xff, 0x80, 0x80, 0x80, 0xff, 0x80, 0x80, 0x80, 0xff, 0x80, 0x80, 0x80, 0xff, 0x80, 0x80, 0x80, 0xff, 0x80, 0x80, 0x80, 0xff, 
  0x80, 0x80, 0x80, 0xff, 0x80, 0x80, 0x80, 0xff, 0x80, 0x80, 0x80, 0xff, 0x80, 0x80, 0x80, 0xff, 0x80, 0x80, 0x80, 0xff, 0x80, 0x80, 0x80, 0xff, 0x80, 0x80, 0x80, 0xff, 
  0x80, 0x80, 0x80, 0xff, 0x80, 0x80, 0x80, 0xff, 0x80, 0x80, 0x80, 0xff, 0x80, 0x80, 0x80, 0xff, 0x80, 0x80, 0x80, 0xff, 0x80, 0x80, 0x80, 0xff, 0x80, 0x80, 0x80, 0xff, 
  0x80, 0x80, 0x80, 0xff, 0x80, 0x80, 0x80, 0xff, 0x81, 0x81, 0x81, 0xfc, 0x80, 0x80, 0x80, 0xff, 0xc3, 0xc3, 0xc3, 0xbf, 0xff, 0xff, 0xff, 0xff, 0xff, 0xff, 0xff, 0xff, 
  0xff, 0xff, 0xff, 0xff, 0xff, 0xff, 0xff, 0xff, 0xff, 0xff, 0xff, 0xff, 0xff, 0xff, 0xff, 0xff, 0xff, 0xff, 0xff, 0xff, 0xff, 0xff, 0xff, 0xff, 0xff, 0xff, 0xff, 0xff, 
  0xff, 0xff, 0xff, 0xff, 0xff, 0xff, 0xff, 0xff, 0xff, 0xff, 0xff, 0xff, 0xff, 0xff, 0xff, 0xff, 0xff, 0xff, 0xff, 0xff, 0xff, 0xff, 0xff, 0xff, 0xff, 0xff, 0xff, 0xff, 
  0xff, 0xff, 0xff, 0xff, 0xff, 0xff, 0xff, 0xff, 0xff, 0xff, 0xff, 0xff, 0xff, 0xff, 0xff, 0xff, 0xff, 0xff, 0xff, 0xff, 0xfe, 0xfe, 0xfe, 0xfc, 0xff, 0xff, 0xff, 0xff, 
  0xe8, 0xe8, 0xe8, 0xd9, 0x95, 0x95, 0x95, 0xdb, 0x80, 0x80, 0x80, 0xff, 0x82, 0x82, 0x82, 0xfb, 0x80, 0x80, 0x80, 0xff, 0x80, 0x80, 0x80, 0xff, 0x80, 0x80, 0x80, 0xff, 
  0x80, 0x80, 0x80, 0xff, 0x80, 0x80, 0x80, 0xff, 0x80, 0x80, 0x80, 0xff, 0x80, 0x80, 0x80, 0xfe, 0x81, 0x81, 0x81, 0xfd, 0x81, 0x81, 0x81, 0xfd, 0x81, 0x81, 0x81, 0xfc, 
  0x81, 0x81, 0x81, 0xfc, 0x81, 0x81, 0x81, 0xfd, 0x81, 0x81, 0x81, 0xfd, 0x80, 0x80, 0x80, 0xfe, 0x80, 0x80, 0x80, 0xff, 0x80, 0x80, 0x80, 0xff, 0x80, 0x80, 0x80, 0xff, 
  0x80, 0x80, 0x80, 0xff, 0x80, 0x80, 0x80, 0xff, 0x80, 0x80, 0x80, 0xff, 0x82, 0x82, 0x82, 0xfb, 0x80, 0x80, 0x80, 0xff, 0x96, 0x96, 0x96, 0xdb, 0xe9, 0xe9, 0xe9, 0xda, 
  0xff, 0xff, 0xff, 0xff, 0xfe, 0xfe, 0xfe, 0xfc, 0xff, 0xff, 0xff, 0xff, 0xff, 0xff, 0xff, 0xff, 0xff, 0xff, 0xff, 0xff, 0xff, 0xff, 0xff, 0xff, 0xff, 0xff, 0xff, 0xff, 
  0xff, 0xff, 0xff, 0xff, 0xff, 0xff, 0xff, 0xff, 0xff, 0xff, 0xff, 0xff, 0xff, 0xff, 0xff, 0xff, 0xff, 0xff, 0xff, 0xff, 0xff, 0xff, 0xff, 0xff, 0xff, 0xff, 0xff, 0xff, 
  0xff, 0xff, 0xff, 0xff, 0xff, 0xff, 0xff, 0xff, 0xff, 0xff, 0xff, 0xff, 0xff, 0xff, 0xff, 0xff, 0xff, 0xff, 0xff, 0xff, 0xff, 0xff, 0xff, 0xff, 0xff, 0xff, 0xff, 0xff, 
  0xff, 0xff, 0xff, 0xff, 0xff, 0xff, 0xff, 0xff, 0xc3, 0xc3, 0xc3, 0xbf, 0x80, 0x80, 0x80, 0xff, 0x81, 0x81, 0x81, 0xfc, 0x80, 0x80, 0x80, 0xff, 0x80, 0x80, 0x80, 0xff, 
  0x80, 0x80, 0x80, 0xff, 0x80, 0x80, 0x80, 0xff, 0x80, 0x80, 0x80, 0xff, 0x80, 0x80, 0x80, 0xff, 0x80, 0x80, 0x80, 0xff, 0x80, 0x80, 0x80, 0xff, 0x80, 0x80, 0x80, 0xff, 
  0x80, 0x80, 0x80, 0xff, 0x80, 0x80, 0x80, 0xff, 0x80, 0x80, 0x80, 0xff, 0x80, 0x80, 0x80, 0xff, 0x80, 0x80, 0x80, 0xff, 0x80, 0x80, 0x80, 0xff, 0x80, 0x80, 0x80, 0xff, 
  0x80, 0x80, 0x80, 0xff, 0x80, 0x80, 0x80, 0xff, 0x80, 0x80, 0x80, 0xff, 0x80, 0x80, 0x80, 0xff, 0x80, 0x80, 0x80, 0xff, 0x80, 0x80, 0x80, 0xff, 0x80, 0x80, 0x80, 0xff, 
  0x80, 0x80, 0x80, 0xff, 0x80, 0x80, 0x80, 0xff, 0x80, 0x80, 0x80, 0xff, 0x80, 0x80, 0x80, 0xff, 0x80, 0x80, 0x80, 0xff, 0x80, 0x80, 0x80, 0xff, 0x80, 0x80, 0x80, 0xff, 
  0x80, 0x80, 0x80, 0xff, 0x80, 0x80, 0x80, 0xff, 0x81, 0x81, 0x81, 0xfc, 0x80, 0x80, 0x80, 0xff, 0xc3, 0xc3, 0xc3, 0xbf, 0xff, 0xff, 0xff, 0xff, 0xff, 0xff, 0xff, 0xff, 
  0xff, 0xff, 0xff, 0xff, 0xff, 0xff, 0xff, 0xff, 0xff, 0xff, 0xff, 0xff, 0xff, 0xff, 0xff, 0xff, 0xff, 0xff, 0xff, 0xff, 0xff, 0xff, 0xff, 0xff, 0xff, 0xff, 0xff, 0xff, 
  0xff, 0xff, 0xff, 0xff, 0xff, 0xff, 0xff, 0xff, 0xff, 0xff, 0xff, 0xff, 0xff, 0xff, 0xff, 0xff, 0xff, 0xff, 0xff, 0xff, 0xff, 0xff, 0xff, 0xff, 0xff, 0xff, 0xff, 0xff, 
  0xff, 0xff, 0xff, 0xff, 0xff, 0xff, 0xff, 0xff, 0xff, 0xff, 0xff, 0xff, 0xff, 0xff, 0xff, 0xff, 0xff, 0xff, 0xff, 0xff, 0xff, 0xff, 0xff, 0xff, 0xff, 0xff, 0xff, 0xfe, 
  0xff, 0xff, 0xff, 0xff, 0xee, 0xee, 0xee, 0xe1, 0xa3, 0xa3, 0xa3, 0xcc, 0x80, 0x80, 0x80, 0xff, 0x80, 0x80, 0x80, 0xff, 0x80, 0x80, 0x80, 0xfe, 0x80, 0x80, 0x80, 0xfe, 
  0x80, 0x80, 0x80, 0xff, 0x80, 0x80, 0x80, 0xff, 0x80, 0x80, 0x80, 0xff, 0x80, 0x80, 0x80, 0xff, 0x80, 0x80, 0x80, 0xff, 0x80, 0x80, 0x80, 0xff, 0x80, 0x80, 0x80, 0xff, 
  0x80, 0x80, 0x80, 0xff, 0x80, 0x80, 0x80, 0xff, 0x80, 0x80, 0x80, 0xff, 0x80, 0x80, 0x80, 0xff, 0x80, 0x80, 0x80, 0xff, 0x80, 0x80, 0x80, 0xff, 0x80, 0x80, 0x80, 0xff, 
  0x80, 0x80, 0x80, 0xfe, 0x81, 0x81, 0x81, 0xfd, 0x80, 0x80, 0x80, 0xff, 0x80, 0x80, 0x80, 0xff, 0xa3, 0xa3, 0xa3, 0xcc, 0xee, 0xee, 0xee, 0xe2, 0xff, 0xff, 0xff, 0xff, 
  0xff, 0xff, 0xff, 0xfe, 0xff, 0xff, 0xff, 0xff, 0xff, 0xff, 0xff, 0xff, 0xff, 0xff, 0xff, 0xff, 0xff, 0xff, 0xff, 0xff, 0xff, 0xff, 0xff, 0xff, 0xff, 0xff, 0xff, 0xff, 
  0xff, 0xff, 0xff, 0xff, 0xff, 0xff, 0xff, 0xff, 0xff, 0xff, 0xff, 0xff, 0xff, 0xff, 0xff, 0xff, 0xff, 0xff, 0xff, 0xff, 0xff, 0xff, 0xff, 0xff, 0xff, 0xff, 0xff, 0xff, 
  0xff, 0xff, 0xff, 0xff, 0xff, 0xff, 0xff, 0xff, 0xff, 0xff, 0xff, 0xff, 0xff, 0xff, 0xff, 0xff, 0xff, 0xff, 0xff, 0xff, 0xff, 0xff, 0xff, 0xff, 0xff, 0xff, 0xff, 0xff, 
  0xff, 0xff, 0xff, 0xff, 0xff, 0xff, 0xff, 0xff, 0xc3, 0xc3, 0xc3, 0xbf, 0x80, 0x80, 0x80, 0xff, 0x81, 0x81, 0x81, 0xfc, 0x80, 0x80, 0x80, 0xff, 0x80, 0x80, 0x80, 0xff, 
  0x80, 0x80, 0x80, 0xff, 0x80, 0x80, 0x80, 0xff, 0x80, 0x80, 0x80, 0xff, 0x80, 0x80, 0x80, 0xff, 0x80, 0x80, 0x80, 0xff, 0x80, 0x80, 0x80, 0xff, 0x80, 0x80, 0x80, 0xff, 
  0x80, 0x80, 0x80, 0xff, 0x80, 0x80, 0x80, 0xff, 0x80, 0x80, 0x80, 0xff, 0x80, 0x80, 0x80, 0xff, 0x80, 0x80, 0x80, 0xff, 0x80, 0x80, 0x80, 0xff, 0x80, 0x80, 0x80, 0xff, 
  0x80, 0x80, 0x80, 0xff, 0x80, 0x80, 0x80, 0xff, 0x80, 0x80, 0x80, 0xff, 0x80, 0x80, 0x80, 0xff, 0x80, 0x80, 0x80, 0xff, 0x80, 0x80, 0x80, 0xff, 0x80, 0x80, 0x80, 0xff, 
  0x80, 0x80, 0x80, 0xff, 0x80, 0x80, 0x80, 0xff, 0x80, 0x80, 0x80, 0xff, 0x80, 0x80, 0x80, 0xff, 0x80, 0x80, 0x80, 0xff, 0x80, 0x80, 0x80, 0xff, 0x80, 0x80, 0x80, 0xff, 
  0x80, 0x80, 0x80, 0xff, 0x80, 0x80, 0x80, 0xff, 0x81, 0x81, 0x81, 0xfc, 0x80, 0x80, 0x80, 0xff, 0xc3, 0xc3, 0xc3, 0xbf, 0xff, 0xff, 0xff, 0xff, 0xff, 0xff, 0xff, 0xff, 
  0xff, 0xff, 0xff, 0xff, 0xff, 0xff, 0xff, 0xff, 0xff, 0xff, 0xff, 0xff, 0xff, 0xff, 0xff, 0xff, 0xff, 0xff, 0xff, 0xff, 0xff, 0xff, 0xff, 0xff, 0xff, 0xff, 0xff, 0xff, 
  0xff, 0xff, 0xff, 0xff, 0xff, 0xff, 0xff, 0xff, 0xff, 0xff, 0xff, 0xff, 0xff, 0xff, 0xff, 0xff, 0xff, 0xff, 0xff, 0xff, 0xff, 0xff, 0xff, 0xff, 0xff, 0xff, 0xff, 0xff, 
  0xff, 0xff, 0xff, 0xff, 0xff, 0xff, 0xff, 0xff, 0xff, 0xff, 0xff, 0xff, 0xff, 0xff, 0xff, 0xff, 0xff, 0xff, 0xff, 0xff, 0xff, 0xff, 0xff, 0xff, 0xff, 0xff, 0xff, 0xff, 
  0xfe, 0xfe, 0xfe, 0xfd, 0xff, 0xff, 0xff, 0xff, 0xf8, 0xf8, 0xf8, 0xf2, 0xbe, 0xbe, 0xbe, 0xbf, 0x82, 0x82, 0x82, 0xfa, 0x80, 0x80, 0x80, 0xff, 0x80, 0x80, 0x80, 0xff, 
  0x81, 0x81, 0x81, 0xfd, 0x81, 0x81, 0x81, 0xfc, 0x80, 0x80, 0x80, 0xfe, 0x80, 0x80, 0x80, 0xff, 0x80, 0x80, 0x80, 0xff, 0x80, 0x80, 0x80, 0xff, 0x80, 0x80, 0x80, 0xff, 
  0x80, 0x80, 0x80, 0xff, 0x80, 0x80, 0x80, 0xff, 0x80, 0x80, 0x80, 0xff, 0x80, 0x80, 0x80, 0xff, 0x80, 0x80, 0x80, 0xfe, 0x81, 0x81, 0x81, 0xfc, 0x81, 0x81, 0x81, 0xfd, 
  0x80, 0x80, 0x80, 0xff, 0x80, 0x80, 0x80, 0xff, 0x83, 0x83, 0x83, 0xf9, 0xbe, 0xbe, 0xbe, 0xbf, 0xf9, 0xf9, 0xf9, 0xf3, 0xff, 0xff, 0xff, 0xff, 0xfe, 0xfe, 0xfe, 0xfd, 
  0xff, 0xff, 0xff, 0xff, 0xff, 0xff, 0xff, 0xff, 0xff, 0xff, 0xff, 0xff, 0xff, 0xff, 0xff, 0xff, 0xff, 0xff, 0xff, 0xff, 0xff, 0xff, 0xff, 0xff, 0xff, 0xff, 0xff, 0xff, 
  0xff, 0xff, 0xff, 0xff, 0xff, 0xff, 0xff, 0xff, 0xff, 0xff, 0xff, 0xff, 0xff, 0xff, 0xff, 0xff, 0xff, 0xff, 0xff, 0xff, 0xff, 0xff, 0xff, 0xff, 0xff, 0xff, 0xff, 0xff, 
  0xff, 0xff, 0xff, 0xff, 0xff, 0xff, 0xff, 0xff, 0xff, 0xff, 0xff, 0xff, 0xff, 0xff, 0xff, 0xff, 0xff, 0xff, 0xff, 0xff, 0xff, 0xff, 0xff, 0xff, 0xff, 0xff, 0xff, 0xff, 
  0xff, 0xff, 0xff, 0xff, 0xff, 0xff, 0xff, 0xff, 0xc3, 0xc3, 0xc3, 0xbf, 0x80, 0x80, 0x80, 0xff, 0x81, 0x81, 0x81, 0xfc, 0x80, 0x80, 0x80, 0xff, 0x80, 0x80, 0x80, 0xff, 
  0x80, 0x80, 0x80, 0xff, 0x80, 0x80, 0x80, 0xff, 0x80, 0x80, 0x80, 0xff, 0x80, 0x80, 0x80, 0xff, 0x80, 0x80, 0x80, 0xff, 0x80, 0x80, 0x80, 0xff, 0x80, 0x80, 0x80, 0xff, 
  0x80, 0x80, 0x80, 0xff, 0x80, 0x80, 0x80, 0xff, 0x80, 0x80, 0x80, 0xff, 0x80, 0x80, 0x80, 0xff, 0x80, 0x80, 0x80, 0xff, 0x80, 0x80, 0x80, 0xff, 0x80, 0x80, 0x80, 0xff, 
  0x80, 0x80, 0x80, 0xff, 0x80, 0x80, 0x80, 0xff, 0x80, 0x80, 0x80, 0xff, 0x80, 0x80, 0x80, 0xff, 0x80, 0x80, 0x80, 0xff, 0x80, 0x80, 0x80, 0xff, 0x80, 0x80, 0x80, 0xff, 
  0x80, 0x80, 0x80, 0xff, 0x80, 0x80, 0x80, 0xff, 0x80, 0x80, 0x80, 0xff, 0x80, 0x80, 0x80, 0xff, 0x80, 0x80, 0x80, 0xff, 0x80, 0x80, 0x80, 0xff, 0x80, 0x80, 0x80, 0xff, 
  0x80, 0x80, 0x80, 0xff, 0x80, 0x80, 0x80, 0xff, 0x81, 0x81, 0x81, 0xfc, 0x80, 0x80, 0x80, 0xff, 0xc3, 0xc3, 0xc3, 0xbf, 0xff, 0xff, 0xff, 0xff, 0xff, 0xff, 0xff, 0xff, 
  0xff, 0xff, 0xff, 0xff, 0xff, 0xff, 0xff, 0xff, 0xff, 0xff, 0xff, 0xff, 0xff, 0xff, 0xff, 0xff, 0xff, 0xff, 0xff, 0xff, 0xff, 0xff, 0xff, 0xff, 0xff, 0xff, 0xff, 0xff, 
  0xff, 0xff, 0xff, 0xff, 0xff, 0xff, 0xff, 0xff, 0xff, 0xff, 0xff, 0xff, 0xff, 0xff, 0xff, 0xff, 0xff, 0xff, 0xff, 0xff, 0xff, 0xff, 0xff, 0xff, 0xff, 0xff, 0xff, 0xff, 
  0xff, 0xff, 0xff, 0xff, 0xff, 0xff, 0xff, 0xff, 0xff, 0xff, 0xff, 0xff, 0xff, 0xff, 0xff, 0xff, 0xff, 0xff, 0xff, 0xff, 0xff, 0xff, 0xff, 0xff, 0xff, 0xff, 0xff, 0xff, 
  0xff, 0xff, 0xff, 0xff, 0xfe, 0xfe, 0xfe, 0xfc, 0xff, 0xff, 0xff, 0xff, 0xff, 0xff, 0xff, 0xff, 0xe6, 0xe6, 0xe6, 0xd6, 0xa6, 0xa6, 0xa6, 0xca, 0x86, 0x86, 0x86, 0xf3, 
  0x80, 0x80, 0x80, 0xff, 0x80, 0x80, 0x80, 0xff, 0x80, 0x80, 0x80, 0xff, 0x82, 0x82, 0x82, 0xfb, 0x83, 0x83, 0x83, 0xf9, 0x82, 0x82, 0x82, 0xfa, 0x82, 0x82, 0x82, 0xfb, 
  0x82, 0x82, 0x82, 0xfb, 0x82, 0x82, 0x82, 0xfa, 0x83, 0x83, 0x83, 0xf9, 0x82, 0x82, 0x82, 0xfb, 0x80, 0x80, 0x80, 0xff, 0x80, 0x80, 0x80, 0xff, 0x80, 0x80, 0x80, 0xff, 
  0x86, 0x86, 0x86, 0xf3, 0xa7, 0xa7, 0xa7, 0xc9, 0xe6, 0xe6, 0xe6, 0xd7, 0xff, 0xff, 0xff, 0xff, 0xff, 0xff, 0xff, 0xff, 0xfe, 0xfe, 0xfe, 0xfc, 0xff, 0xff, 0xff, 0xff, 
  0xff, 0xff, 0xff, 0xff, 0xff, 0xff, 0xff, 0xff, 0xff, 0xff, 0xff, 0xff, 0xff, 0xff, 0xff, 0xff, 0xff, 0xff, 0xff, 0xff, 0xff, 0xff, 0xff, 0xff, 0xff, 0xff, 0xff, 0xff, 
  0xff, 0xff, 0xff, 0xff, 0xff, 0xff, 0xff, 0xff, 0xff, 0xff, 0xff, 0xff, 0xff, 0xff, 0xff, 0xff, 0xff, 0xff, 0xff, 0xff, 0xff, 0xff, 0xff, 0xff, 0xff, 0xff, 0xff, 0xff, 
  0xff, 0xff, 0xff, 0xff, 0xff, 0xff, 0xff, 0xff, 0xff, 0xff, 0xff, 0xff, 0xff, 0xff, 0xff, 0xff, 0xff, 0xff, 0xff, 0xff, 0xff, 0xff, 0xff, 0xff, 0xff, 0xff, 0xff, 0xff, 
  0xff, 0xff, 0xff, 0xff, 0xff, 0xff, 0xff, 0xff, 0xc3, 0xc3, 0xc3, 0xbf, 0x80, 0x80, 0x80, 0xff, 0x81, 0x81, 0x81, 0xfc, 0x80, 0x80, 0x80, 0xff, 0x80, 0x80, 0x80, 0xff, 
  0x80, 0x80, 0x80, 0xff, 0x80, 0x80, 0x80, 0xff, 0x80, 0x80, 0x80, 0xff, 0x80, 0x80, 0x80, 0xff, 0x80, 0x80, 0x80, 0xff, 0x80, 0x80, 0x80, 0xff, 0x80, 0x80, 0x80, 0xff, 
  0x80, 0x80, 0x80, 0xff, 0x80, 0x80, 0x80, 0xff, 0x80, 0x80, 0x80, 0xff, 0x80, 0x80, 0x80, 0xff, 0x80, 0x80, 0x80, 0xff, 0x80, 0x80, 0x80, 0xff, 0x80, 0x80, 0x80, 0xff, 
  0x80, 0x80, 0x80, 0xff, 0x80, 0x80, 0x80, 0xff, 0x80, 0x80, 0x80, 0xff, 0x80, 0x80, 0x80, 0xff, 0x80, 0x80, 0x80, 0xff, 0x80, 0x80, 0x80, 0xff, 0x80, 0x80, 0x80, 0xff, 
  0x80, 0x80, 0x80, 0xff, 0x80, 0x80, 0x80, 0xff, 0x80, 0x80, 0x80, 0xff, 0x80, 0x80, 0x80, 0xff, 0x80, 0x80, 0x80, 0xff, 0x80, 0x80, 0x80, 0xff, 0x80, 0x80, 0x80, 0xff, 
  0x80, 0x80, 0x80, 0xff, 0x80, 0x80, 0x80, 0xff, 0x81, 0x81, 0x81, 0xfc, 0x80, 0x80, 0x80, 0xff, 0xc3, 0xc3, 0xc3, 0xbf, 0xff, 0xff, 0xff, 0xff, 0xff, 0xff, 0xff, 0xff, 
  0xff, 0xff, 0xff, 0xff, 0xff, 0xff, 0xff, 0xff, 0xff, 0xff, 0xff, 0xff, 0xff, 0xff, 0xff, 0xff, 0xff, 0xff, 0xff, 0xff, 0xff, 0xff, 0xff, 0xff, 0xff, 0xff, 0xff, 0xff, 
  0xff, 0xff, 0xff, 0xff, 0xff, 0xff, 0xff, 0xff, 0xff, 0xff, 0xff, 0xff, 0xff, 0xff, 0xff, 0xff, 0xff, 0xff, 0xff, 0xff, 0xff, 0xff, 0xff, 0xff, 0xff, 0xff, 0xff, 0xff, 
  0xff, 0xff, 0xff, 0xff, 0xff, 0xff, 0xff, 0xff, 0xff, 0xff, 0xff, 0xff, 0xff, 0xff, 0xff, 0xff, 0xff, 0xff, 0xff, 0xff, 0xff, 0xff, 0xff, 0xff, 0xff, 0xff, 0xff, 0xff, 
  0xff, 0xff, 0xff, 0xff, 0xff, 0xff, 0xff, 0xff, 0xff, 0xff, 0xff, 0xfe, 0xff, 0xff, 0xff, 0xff, 0xff, 0xff, 0xff, 0xff, 0xff, 0xff, 0xff, 0xff, 0xe2, 0xe2, 0xe2, 0xd2, 
  0xb3, 0xb3, 0xb3, 0xc2, 0x98, 0x98, 0x98, 0xd7, 0x86, 0x86, 0x86, 0xf4, 0x80, 0x80, 0x80, 0xff, 0x80, 0x80, 0x80, 0xff, 0x80, 0x80, 0x80, 0xff, 0x80, 0x80, 0x80, 0xff, 
  0x80, 0x80, 0x80, 0xff, 0x80, 0x80, 0x80, 0xff, 0x80, 0x80, 0x80, 0xff, 0x80, 0x80, 0x80, 0xff, 0x86, 0x86, 0x86, 0xf3, 0x99, 0x99, 0x99, 0xd7, 0xb3, 0xb3, 0xb3, 0xc2, 
  0xe2, 0xe2, 0xe2, 0xd2, 0xff, 0xff, 0xff, 0xff, 0xff, 0xff, 0xff, 0xff, 0xff, 0xff, 0xff, 0xff, 0xff, 0xff, 0xff, 0xfe, 0xff, 0xff, 0xff, 0xff, 0xff, 0xff, 0xff, 0xff, 
  0xff, 0xff, 0xff, 0xff, 0xff, 0xff, 0xff, 0xff, 0xff, 0xff, 0xff, 0xff, 0xff, 0xff, 0xff, 0xff, 0xff, 0xff, 0xff, 0xff, 0xff, 0xff, 0xff, 0xff, 0xff, 0xff, 0xff, 0xff, 
  0xff, 0xff, 0xff, 0xff, 0xff, 0xff, 0xff, 0xff, 0xff, 0xff, 0xff, 0xff, 0xff, 0xff, 0xff, 0xff, 0xff, 0xff, 0xff, 0xff, 0xff, 0xff, 0xff, 0xff, 0xff, 0xff, 0xff, 0xff, 
  0xff, 0xff, 0xff, 0xff, 0xff, 0xff, 0xff, 0xff, 0xff, 0xff, 0xff, 0xff, 0xff, 0xff, 0xff, 0xff, 0xff, 0xff, 0xff, 0xff, 0xff, 0xff, 0xff, 0xff, 0xff, 0xff, 0xff, 0xff, 
  0xff, 0xff, 0xff, 0xff, 0xff, 0xff, 0xff, 0xff, 0xc3, 0xc3, 0xc3, 0xbf, 0x80, 0x80, 0x80, 0xff, 0x81, 0x81, 0x81, 0xfc, 0x80, 0x80, 0x80, 0xff, 0x80, 0x80, 0x80, 0xff, 
  0x80, 0x80, 0x80, 0xff, 0x80, 0x80, 0x80, 0xff, 0x80, 0x80, 0x80, 0xff, 0x80, 0x80, 0x80, 0xff, 0x80, 0x80, 0x80, 0xff, 0x80, 0x80, 0x80, 0xff, 0x80, 0x80, 0x80, 0xff, 
  0x80, 0x80, 0x80, 0xff, 0x80, 0x80, 0x80, 0xff, 0x80, 0x80, 0x80, 0xff, 0x80, 0x80, 0x80, 0xff, 0x80, 0x80, 0x80, 0xff, 0x80, 0x80, 0x80, 0xff, 0x80, 0x80, 0x80, 0xff, 
  0x80, 0x80, 0x80, 0xff, 0x80, 0x80, 0x80, 0xff, 0x80, 0x80, 0x80, 0xff, 0x80, 0x80, 0x80, 0xff, 0x80, 0x80, 0x80, 0xff, 0x80, 0x80, 0x80, 0xff, 0x80, 0x80, 0x80, 0xff, 
  0x80, 0x80, 0x80, 0xff, 0x80, 0x80, 0x80, 0xff, 0x80, 0x80, 0x80, 0xff, 0x80, 0x80, 0x80, 0xff, 0x80, 0x80, 0x80, 0xff, 0x80, 0x80, 0x80, 0xff, 0x80, 0x80, 0x80, 0xff, 
  0x80, 0x80, 0x80, 0xff, 0x80, 0x80, 0x80, 0xff, 0x81, 0x81, 0x81, 0xfc, 0x80, 0x80, 0x80, 0xff, 0xc3, 0xc3, 0xc3, 0xbf, 0xff, 0xff, 0xff, 0xff, 0xff, 0xff, 0xff, 0xff, 
  0xff, 0xff, 0xff, 0xff, 0xff, 0xff, 0xff, 0xff, 0xff, 0xff, 0xff, 0xff, 0xff, 0xff, 0xff, 0xff, 0xff, 0xff, 0xff, 0xff, 0xff, 0xff, 0xff, 0xff, 0xff, 0xff, 0xff, 0xff, 
  0xff, 0xff, 0xff, 0xff, 0xff, 0xff, 0xff, 0xff, 0xff, 0xff, 0xff, 0xff, 0xff, 0xff, 0xff, 0xff, 0xff, 0xff, 0xff, 0xff, 0xff, 0xff, 0xff, 0xff, 0xff, 0xff, 0xff, 0xff, 
  0xff, 0xff, 0xff, 0xff, 0xff, 0xff, 0xff, 0xff, 0xff, 0xff, 0xff, 0xff, 0xff, 0xff, 0xff, 0xff, 0xff, 0xff, 0xff, 0xff, 0xff, 0xff, 0xff, 0xff, 0xff, 0xff, 0xff, 0xff, 
  0xff, 0xff, 0xff, 0xff, 0xff, 0xff, 0xff, 0xff, 0xff, 0xff, 0xff, 0xff, 0xff, 0xff, 0xff, 0xff, 0xff, 0xff, 0xff, 0xfe, 0xfe, 0xfe, 0xfe, 0xfd, 0xff, 0xff, 0xff, 0xff, 
  0xff, 0xff, 0xff, 0xff, 0xf7, 0xf7, 0xf7, 0xef, 0xdc, 0xdc, 0xdc, 0xcc, 0xc8, 0xc8, 0xc8, 0xc0, 0xba, 0xba, 0xba, 0xc0, 0xaf, 0xaf, 0xaf, 0xc4, 0xa8, 0xa8, 0xa8, 0xc8, 
  0xa8, 0xa8, 0xa8, 0xc8, 0xaf, 0xaf, 0xaf, 0xc4, 0xba, 0xba, 0xba, 0xc0, 0xc8, 0xc8, 0xc8, 0xc0, 0xdc, 0xdc, 0xdc, 0xcc, 0xf7, 0xf7, 0xf7, 0xf0, 0xff, 0xff, 0xff, 0xff, 
  0xff, 0xff, 0xff, 0xff, 0xfe, 0xfe, 0xfe, 0xfd, 0xff, 0xff, 0xff, 0xfe, 0xff, 0xff, 0xff, 0xff, 0xff, 0xff, 0xff, 0xff, 0xff, 0xff, 0xff, 0xff, 0xff, 0xff, 0xff, 0xff, 
  0xff, 0xff, 0xff, 0xff, 0xff, 0xff, 0xff, 0xff, 0xff, 0xff, 0xff, 0xff, 0xff, 0xff, 0xff, 0xff, 0xff, 0xff, 0xff, 0xff, 0xff, 0xff, 0xff, 0xff, 0xff, 0xff, 0xff, 0xff, 
  0xff, 0xff, 0xff, 0xff, 0xff, 0xff, 0xff, 0xff, 0xff, 0xff, 0xff, 0xff, 0xff, 0xff, 0xff, 0xff, 0xff, 0xff, 0xff, 0xff, 0xff, 0xff, 0xff, 0xff, 0xff, 0xff, 0xff, 0xff, 
  0xff, 0xff, 0xff, 0xff, 0xff, 0xff, 0xff, 0xff, 0xff, 0xff, 0xff, 0xff, 0xff, 0xff, 0xff, 0xff, 0xff, 0xff, 0xff, 0xff, 0xff, 0xff, 0xff, 0xff, 0xff, 0xff, 0xff, 0xff, 
  0xff, 0xff, 0xff, 0xff, 0xff, 0xff, 0xff, 0xff, 0xc3, 0xc3, 0xc3, 0xbf, 0x80, 0x80, 0x80, 0xff, 0x81, 0x81, 0x81, 0xfc, 0x80, 0x80, 0x80, 0xff, 0x80, 0x80, 0x80, 0xff, 
  0x80, 0x80, 0x80, 0xff, 0x80, 0x80, 0x80, 0xff, 0x80, 0x80, 0x80, 0xff, 0x80, 0x80, 0x80, 0xff, 0x80, 0x80, 0x80, 0xff, 0x80, 0x80, 0x80, 0xff, 0x80, 0x80, 0x80, 0xff, 
  0x80, 0x80, 0x80, 0xff, 0x80, 0x80, 0x80, 0xff, 0x80, 0x80, 0x80, 0xff, 0x80, 0x80, 0x80, 0xff, 0x80, 0x80, 0x80, 0xff, 0x80, 0x80, 0x80, 0xff, 0x80, 0x80, 0x80, 0xff, 
  0x80, 0x80, 0x80, 0xff, 0x80, 0x80, 0x80, 0xff, 0x80, 0x80, 0x80, 0xff, 0x80, 0x80, 0x80, 0xff, 0x80, 0x80, 0x80, 0xff, 0x80, 0x80, 0x80, 0xff, 0x80, 0x80, 0x80, 0xff, 
  0x80, 0x80, 0x80, 0xff, 0x80, 0x80, 0x80, 0xff, 0x80, 0x80, 0x80, 0xff, 0x80, 0x80, 0x80, 0xff, 0x80, 0x80, 0x80, 0xff, 0x80, 0x80, 0x80, 0xff, 0x80, 0x80, 0x80, 0xff, 
  0x80, 0x80, 0x80, 0xff, 0x80, 0x80, 0x80, 0xff, 0x81, 0x81, 0x81, 0xfc, 0x80, 0x80, 0x80, 0xff, 0xc3, 0xc3, 0xc3, 0xbf, 0xff, 0xff, 0xff, 0xff, 0xff, 0xff, 0xff, 0xff, 
  0xff, 0xff, 0xff, 0xff, 0xff, 0xff, 0xff, 0xff, 0xff, 0xff, 0xff, 0xff, 0xff, 0xff, 0xff, 0xff, 0xff, 0xff, 0xff, 0xff, 0xff, 0xff, 0xff, 0xff, 0xff, 0xff, 0xff, 0xff, 
  0xff, 0xff, 0xff, 0xff, 0xff, 0xff, 0xff, 0xff, 0xff, 0xff, 0xff, 0xff, 0xff, 0xff, 0xff, 0xff, 0xff, 0xff, 0xff, 0xff, 0xff, 0xff, 0xff, 0xff, 0xff, 0xff, 0xff, 0xff, 
  0xff, 0xff, 0xff, 0xff, 0xff, 0xff, 0xff, 0xff, 0xff, 0xff, 0xff, 0xff, 0xff, 0xff, 0xff, 0xff, 0xff, 0xff, 0xff, 0xff, 0xff, 0xff, 0xff, 0xff, 0xff, 0xff, 0xff, 0xff, 
  0xff, 0xff, 0xff, 0xff, 0xff, 0xff, 0xff, 0xff, 0xff, 0xff, 0xff, 0xff, 0xff, 0xff, 0xff, 0xff, 0xff, 0xff, 0xff, 0xff, 0xff, 0xff, 0xff, 0xff, 0xfe, 0xfe, 0xfe, 0xfd, 
  0xfd, 0xfd, 0xfd, 0xfa, 0xff, 0xff, 0xff, 0xff, 0xff, 0xff, 0xff, 0xff, 0xff, 0xff, 0xff, 0xff, 0xff, 0xff, 0xff, 0xff, 0xff, 0xff, 0xff, 0xff, 0xfc, 0xfc, 0xfc, 0xf9, 
  0xfc, 0xfc, 0xfc, 0xf9, 0xff, 0xff, 0xff, 0xff, 0xff, 0xff, 0xff, 0xff, 0xff, 0xff, 0xff, 0xff, 0xff, 0xff, 0xff, 0xff, 0xff, 0xff, 0xff, 0xff, 0xfd, 0xfd, 0xfd, 0xfa, 
  0xfe, 0xfe, 0xfe, 0xfd, 0xff, 0xff, 0xff, 0xff, 0xff, 0xff, 0xff, 0xff, 0xff, 0xff, 0xff, 0xff, 0xff, 0xff, 0xff, 0xff, 0xff, 0xff, 0xff, 0xff, 0xff, 0xff, 0xff, 0xff, 
  0xff, 0xff, 0xff, 0xff, 0xff, 0xff, 0xff, 0xff, 0xff, 0xff, 0xff, 0xff, 0xff, 0xff, 0xff, 0xff, 0xff, 0xff, 0xff, 0xff, 0xff, 0xff, 0xff, 0xff, 0xff, 0xff, 0xff, 0xff, 
  0xff, 0xff, 0xff, 0xff, 0xff, 0xff, 0xff, 0xff, 0xff, 0xff, 0xff, 0xff, 0xff, 0xff, 0xff, 0xff, 0xff, 0xff, 0xff, 0xff, 0xff, 0xff, 0xff, 0xff, 0xff, 0xff, 0xff, 0xff, 
  0xff, 0xff, 0xff, 0xff, 0xff, 0xff, 0xff, 0xff, 0xff, 0xff, 0xff, 0xff, 0xff, 0xff, 0xff, 0xff, 0xff, 0xff, 0xff, 0xff, 0xff, 0xff, 0xff, 0xff, 0xff, 0xff, 0xff, 0xff, 
  0xff, 0xff, 0xff, 0xff, 0xff, 0xff, 0xff, 0xff, 0xc3, 0xc3, 0xc3, 0xbf, 0x80, 0x80, 0x80, 0xff, 0x81, 0x81, 0x81, 0xfc, 0x80, 0x80, 0x80, 0xff, 0x80, 0x80, 0x80, 0xff, 
  0x80, 0x80, 0x80, 0xff, 0x80, 0x80, 0x80, 0xff, 0x80, 0x80, 0x80, 0xff, 0x80, 0x80, 0x80, 0xff, 0x80, 0x80, 0x80, 0xff, 0x80, 0x80, 0x80, 0xff, 0x80, 0x80, 0x80, 0xff, 
  0x80, 0x80, 0x80, 0xff, 0x80, 0x80, 0x80, 0xff, 0x80, 0x80, 0x80, 0xff, 0x80, 0x80, 0x80, 0xff, 0x80, 0x80, 0x80, 0xff, 0x80, 0x80, 0x80, 0xff, 0x80, 0x80, 0x80, 0xff, 
  0x80, 0x80, 0x80, 0xff, 0x80, 0x80, 0x80, 0xff, 0x80, 0x80, 0x80, 0xff, 0x80, 0x80, 0x80, 0xff, 0x80, 0x80, 0x80, 0xff, 0x80, 0x80, 0x80, 0xff, 0x80, 0x80, 0x80, 0xff, 
  0x80, 0x80, 0x80, 0xff, 0x80, 0x80, 0x80, 0xff, 0x80, 0x80, 0x80, 0xff, 0x80, 0x80, 0x80, 0xff, 0x80, 0x80, 0x80, 0xff, 0x80, 0x80, 0x80, 0xff, 0x80, 0x80, 0x80, 0xff, 
  0x80, 0x80, 0x80, 0xff, 0x80, 0x80, 0x80, 0xff, 0x81, 0x81, 0x81, 0xfc, 0x80, 0x80, 0x80, 0xff, 0xc3, 0xc3, 0xc3, 0xbf, 0xff, 0xff, 0xff, 0xff, 0xff, 0xff, 0xff, 0xff, 
  0xff, 0xff, 0xff, 0xff, 0xff, 0xff, 0xff, 0xff, 0xff, 0xff, 0xff, 0xff, 0xff, 0xff, 0xff, 0xff, 0xff, 0xff, 0xff, 0xff, 0xff, 0xff, 0xff, 0xff, 0xff, 0xff, 0xff, 0xff, 
  0xff, 0xff, 0xff, 0xff, 0xff, 0xff, 0xff, 0xff, 0xff, 0xff, 0xff, 0xff, 0xff, 0xff, 0xff, 0xff, 0xff, 0xff, 0xff, 0xff, 0xff, 0xff, 0xff, 0xff, 0xff, 0xff, 0xff, 0xff, 
  0xff, 0xff, 0xff, 0xff, 0xff, 0xff, 0xff, 0xff, 0xff, 0xff, 0xff, 0xff, 0xff, 0xff, 0xff, 0xff, 0xff, 0xff, 0xff, 0xff, 0xff, 0xff, 0xff, 0xff, 0xff, 0xff, 0xff, 0xff, 
  0xff, 0xff, 0xff, 0xff, 0xff, 0xff, 0xff, 0xff, 0xff, 0xff, 0xff, 0xff, 0xff, 0xff, 0xff, 0xff, 0xff, 0xff, 0xff, 0xff, 0xff, 0xff, 0xff, 0xff, 0xff, 0xff, 0xff, 0xff, 
  0xff, 0xff, 0xff, 0xff, 0xfe, 0xfe, 0xfe, 0xfd, 0xfd, 0xfd, 0xfd, 0xfb, 0xfd, 0xfd, 0xfd, 0xfa, 0xfd, 0xfd, 0xfd, 0xfb, 0xff, 0xff, 0xff, 0xff, 0xff, 0xff, 0xff, 0xff, 
  0xff, 0xff, 0xff, 0xff, 0xff, 0xff, 0xff, 0xff, 0xfd, 0xfd, 0xfd, 0xfb, 0xfd, 0xfd, 0xfd, 0xfa, 0xfd, 0xfd, 0xfd, 0xfb, 0xfe, 0xfe, 0xfe, 0xfd, 0xff, 0xff, 0xff, 0xff, 
  0xff, 0xff, 0xff, 0xff, 0xff, 0xff, 0xff, 0xff, 0xff, 0xff, 0xff, 0xff, 0xff, 0xff, 0xff, 0xff, 0xff, 0xff, 0xff, 0xff, 0xff, 0xff, 0xff, 0xff, 0xff, 0xff, 0xff, 0xff, 
  0xff, 0xff, 0xff, 0xff, 0xff, 0xff, 0xff, 0xff, 0xff, 0xff, 0xff, 0xff, 0xff, 0xff, 0xff, 0xff, 0xff, 0xff, 0xff, 0xff, 0xff, 0xff, 0xff, 0xff, 0xff, 0xff, 0xff, 0xff, 
  0xff, 0xff, 0xff, 0xff, 0xff, 0xff, 0xff, 0xff, 0xff, 0xff, 0xff, 0xff, 0xff, 0xff, 0xff, 0xff, 0xff, 0xff, 0xff, 0xff, 0xff, 0xff, 0xff, 0xff, 0xff, 0xff, 0xff, 0xff, 
  0xff, 0xff, 0xff, 0xff, 0xff, 0xff, 0xff, 0xff, 0xff, 0xff, 0xff, 0xff, 0xff, 0xff, 0xff, 0xff, 0xff, 0xff, 0xff, 0xff, 0xff, 0xff, 0xff, 0xff, 0xff, 0xff, 0xff, 0xff, 
  0xff, 0xff, 0xff, 0xff, 0xff, 0xff, 0xff, 0xff, 0xc3, 0xc3, 0xc3, 0xbf, 0x80, 0x80, 0x80, 0xff, 0x81, 0x81, 0x81, 0xfc, 0x80, 0x80, 0x80, 0xff, 0x80, 0x80, 0x80, 0xff, 
  0x80, 0x80, 0x80, 0xff, 0x80, 0x80, 0x80, 0xff, 0x80, 0x80, 0x80, 0xff, 0x80, 0x80, 0x80, 0xff, 0x80, 0x80, 0x80, 0xff, 0x80, 0x80, 0x80, 0xff, 0x80, 0x80, 0x80, 0xff, 
  0x80, 0x80, 0x80, 0xff, 0x80, 0x80, 0x80, 0xff, 0x80, 0x80, 0x80, 0xff, 0x80, 0x80, 0x80, 0xff, 0x80, 0x80, 0x80, 0xff, 0x80, 0x80, 0x80, 0xff, 0x80, 0x80, 0x80, 0xff, 
  0x80, 0x80, 0x80, 0xff, 0x80, 0x80, 0x80, 0xff, 0x80, 0x80, 0x80, 0xff, 0x80, 0x80, 0x80, 0xff, 0x80, 0x80, 0x80, 0xff, 0x80, 0x80, 0x80, 0xff, 0x80, 0x80, 0x80, 0xff, 
  0x80, 0x80, 0x80, 0xff, 0x80, 0x80, 0x80, 0xff, 0x80, 0x80, 0x80, 0xff, 0x80, 0x80, 0x80, 0xff, 0x80, 0x80, 0x80, 0xff, 0x80, 0x80, 0x80, 0xff, 0x80, 0x80, 0x80, 0xff, 
  0x80, 0x80, 0x80, 0xff, 0x80, 0x80, 0x80, 0xff, 0x81, 0x81, 0x81, 0xfc, 0x80, 0x80, 0x80, 0xff, 0xc3, 0xc3, 0xc3, 0xbf, 0xff, 0xff, 0xff, 0xff, 0xff, 0xff, 0xff, 0xff, 
  0xff, 0xff, 0xff, 0xff, 0xff, 0xff, 0xff, 0xff, 0xff, 0xff, 0xff, 0xff, 0xff, 0xff, 0xff, 0xff, 0xff, 0xff, 0xff, 0xff, 0xff, 0xff, 0xff, 0xff, 0xff, 0xff, 0xff, 0xff, 
  0xff, 0xff, 0xff, 0xff, 0xff, 0xff, 0xff, 0xff, 0xff, 0xff, 0xff, 0xff, 0xff, 0xff, 0xff, 0xff, 0xff, 0xff, 0xff, 0xff, 0xff, 0xff, 0xff, 0xff, 0xff, 0xff, 0xff, 0xff, 
  0xff, 0xff, 0xff, 0xff, 0xff, 0xff, 0xff, 0xff, 0xff, 0xff, 0xff, 0xff, 0xff, 0xff, 0xff, 0xff, 0xff, 0xff, 0xff, 0xff, 0xff, 0xff, 0xff, 0xff, 0xff, 0xff, 0xff, 0xff, 
  0xff, 0xff, 0xff, 0xff, 0xff, 0xff, 0xff, 0xff, 0xff, 0xff, 0xff, 0xff, 0xff, 0xff, 0xff, 0xff, 0xff, 0xff, 0xff, 0xff, 0xff, 0xff, 0xff, 0xff, 0xff, 0xff, 0xff, 0xff, 
  0xff, 0xff, 0xff, 0xff, 0xff, 0xff, 0xff, 0xff, 0xff, 0xff, 0xff, 0xff, 0xff, 0xff, 0xff, 0xff, 0xff, 0xff, 0xff, 0xff, 0xff, 0xff, 0xff, 0xfe, 0xff, 0xff, 0xff, 0xfe, 
  0xff, 0xff, 0xff, 0xfe, 0xff, 0xff, 0xff, 0xfe, 0xff, 0xff, 0xff, 0xff, 0xff, 0xff, 0xff, 0xff, 0xff, 0xff, 0xff, 0xff, 0xff, 0xff, 0xff, 0xff, 0xff, 0xff, 0xff, 0xff, 
  0xff, 0xff, 0xff, 0xff, 0xff, 0xff, 0xff, 0xff, 0xff, 0xff, 0xff, 0xff, 0xff, 0xff, 0xff, 0xff, 0xff, 0xff, 0xff, 0xff, 0xff, 0xff, 0xff, 0xff, 0xff, 0xff, 0xff, 0xff, 
  0xff, 0xff, 0xff, 0xff, 0xff, 0xff, 0xff, 0xff, 0xff, 0xff, 0xff, 0xff, 0xff, 0xff, 0xff, 0xff, 0xff, 0xff, 0xff, 0xff, 0xff, 0xff, 0xff, 0xff, 0xff, 0xff, 0xff, 0xff, 
  0xff, 0xff, 0xff, 0xff, 0xff, 0xff, 0xff, 0xff, 0xff, 0xff, 0xff, 0xff, 0xff, 0xff, 0xff, 0xff, 0xff, 0xff, 0xff, 0xff, 0xff, 0xff, 0xff, 0xff, 0xff, 0xff, 0xff, 0xff, 
  0xff, 0xff, 0xff, 0xff, 0xff, 0xff, 0xff, 0xff, 0xff, 0xff, 0xff, 0xff, 0xff, 0xff, 0xff, 0xff, 0xff, 0xff, 0xff, 0xff, 0xff, 0xff, 0xff, 0xff, 0xff, 0xff, 0xff, 0xff, 
  0xff, 0xff, 0xff, 0xff, 0xff, 0xff, 0xff, 0xff, 0xc3, 0xc3, 0xc3, 0xbf, 0x80, 0x80, 0x80, 0xff, 0x81, 0x81, 0x81, 0xfc, 0x80, 0x80, 0x80, 0xff, 0x80, 0x80, 0x80, 0xff, 
  0x80, 0x80, 0x80, 0xff, 0x80, 0x80, 0x80, 0xff, 0x80, 0x80, 0x80, 0xff, 0x80, 0x80, 0x80, 0xff, 0x80, 0x80, 0x80, 0xff, 0x80, 0x80, 0x80, 0xff, 0x80, 0x80, 0x80, 0xff, 
  0x80, 0x80, 0x80, 0xff, 0x80, 0x80, 0x80, 0xff, 0x80, 0x80, 0x80, 0xff, 0x80, 0x80, 0x80, 0xff, 0x80, 0x80, 0x80, 0xff, 0x80, 0x80, 0x80, 0xff, 0x80, 0x80, 0x80, 0xff, 
  0x80, 0x80, 0x80, 0xff, 0x80, 0x80, 0x80, 0xff, 0x80, 0x80, 0x80, 0xff, 0x80, 0x80, 0x80, 0xff, 0x80, 0x80, 0x80, 0xff, 0x80, 0x80, 0x80, 0xff, 0x80, 0x80, 0x80, 0xff, 
  0x80, 0x80, 0x80, 0xff, 0x80, 0x80, 0x80, 0xff, 0x80, 0x80, 0x80, 0xff, 0x80, 0x80, 0x80, 0xff, 0x80, 0x80, 0x80, 0xff, 0x80, 0x80, 0x80, 0xff, 0x80, 0x80, 0x80, 0xff, 
  0x80, 0x80, 0x80, 0xff, 0x80, 0x80, 0x80, 0xff, 0x81, 0x81, 0x81, 0xfc, 0x80, 0x80, 0x80, 0xff, 0xc3, 0xc3, 0xc3, 0xbf, 0xff, 0xff, 0xff, 0xff, 0xff, 0xff, 0xff, 0xff, 
  0xff, 0xff, 0xff, 0xff, 0xff, 0xff, 0xff, 0xff, 0xff, 0xff, 0xff, 0xff, 0xff, 0xff, 0xff, 0xff, 0xff, 0xff, 0xff, 0xff, 0xff, 0xff, 0xff, 0xff, 0xff, 0xff, 0xff, 0xff, 
  0xff, 0xff, 0xff, 0xff, 0xff, 0xff, 0xff, 0xff, 0xff, 0xff, 0xff, 0xff, 0xff, 0xff, 0xff, 0xff, 0xff, 0xff, 0xff, 0xff, 0xff, 0xff, 0xff, 0xff, 0xff, 0xff, 0xff, 0xff, 
  0xff, 0xff, 0xff, 0xff, 0xff, 0xff, 0xff, 0xff, 0xff, 0xff, 0xff, 0xff, 0xff, 0xff, 0xff, 0xff, 0xff, 0xff, 0xff, 0xff, 0xff, 0xff, 0xff, 0xff, 0xff, 0xff, 0xff, 0xff, 
  0xff, 0xff, 0xff, 0xff, 0xff, 0xff, 0xff, 0xff, 0xff, 0xff, 0xff, 0xff, 0xff, 0xff, 0xff, 0xff, 0xff, 0xff, 0xff, 0xff, 0xff, 0xff, 0xff, 0xff, 0xff, 0xff, 0xff, 0xff, 
  0xff, 0xff, 0xff, 0xff, 0xff, 0xff, 0xff, 0xff, 0xff, 0xff, 0xff, 0xff, 0xff, 0xff, 0xff, 0xff, 0xff, 0xff, 0xff, 0xff, 0xff, 0xff, 0xff, 0xff, 0xff, 0xff, 0xff, 0xff, 
  0xff, 0xff, 0xff, 0xff, 0xff, 0xff, 0xff, 0xff, 0xff, 0xff, 0xff, 0xff, 0xff, 0xff, 0xff, 0xff, 0xff, 0xff, 0xff, 0xff, 0xff, 0xff, 0xff, 0xff, 0xff, 0xff, 0xff, 0xff, 
  0xff, 0xff, 0xff, 0xff, 0xff, 0xff, 0xff, 0xff, 0xff, 0xff, 0xff, 0xff, 0xff, 0xff, 0xff, 0xff, 0xff, 0xff, 0xff, 0xff, 0xff, 0xff, 0xff, 0xff, 0xff, 0xff, 0xff, 0xff, 
  0xff, 0xff, 0xff, 0xff, 0xff, 0xff, 0xff, 0xff, 0xff, 0xff, 0xff, 0xff, 0xff, 0xff, 0xff, 0xff, 0xff, 0xff, 0xff, 0xff, 0xff, 0xff, 0xff, 0xff, 0xff, 0xff, 0xff, 0xff, 
  0xff, 0xff, 0xff, 0xff, 0xff, 0xff, 0xff, 0xff, 0xff, 0xff, 0xff, 0xff, 0xff, 0xff, 0xff, 0xff, 0xff, 0xff, 0xff, 0xff, 0xff, 0xff, 0xff, 0xff, 0xff, 0xff, 0xff, 0xff, 
  0xff, 0xff, 0xff, 0xff, 0xff, 0xff, 0xff, 0xff, 0xff, 0xff, 0xff, 0xff, 0xff, 0xff, 0xff, 0xff, 0xff, 0xff, 0xff, 0xff, 0xff, 0xff, 0xff, 0xff, 0xff, 0xff, 0xff, 0xff, 
  0xff, 0xff, 0xff, 0xff, 0xff, 0xff, 0xff, 0xff, 0xc3, 0xc3, 0xc3, 0xbf, 0x80, 0x80, 0x80, 0xff, 0x81, 0x81, 0x81, 0xfc, 0x80, 0x80, 0x80, 0xff, 0x80, 0x80, 0x80, 0xff, 
  0x80, 0x80, 0x80, 0xff, 0x80, 0x80, 0x80, 0xff, 0x80, 0x80, 0x80, 0xff, 0x80, 0x80, 0x80, 0xff, 0x80, 0x80, 0x80, 0xff, 0x80, 0x80, 0x80, 0xff, 0x80, 0x80, 0x80, 0xff, 
  0x80, 0x80, 0x80, 0xff, 0x80, 0x80, 0x80, 0xff, 0x80, 0x80, 0x80, 0xff, 0x80, 0x80, 0x80, 0xff, 0x80, 0x80, 0x80, 0xff, 0x80, 0x80, 0x80, 0xff, 0x80, 0x80, 0x80, 0xff, 
  0x80, 0x80, 0x80, 0xff, 0x80, 0x80, 0x80, 0xff, 0x80, 0x80, 0x80, 0xff, 0x80, 0x80, 0x80, 0xff, 0x80, 0x80, 0x80, 0xff, 0x80, 0x80, 0x80, 0xff, 0x80, 0x80, 0x80, 0xff, 
  0x80, 0x80, 0x80, 0xff, 0x80, 0x80, 0x80, 0xff, 0x80, 0x80, 0x80, 0xff, 0x80, 0x80, 0x80, 0xff, 0x80, 0x80, 0x80, 0xff, 0x80, 0x80, 0x80, 0xff, 0x80, 0x80, 0x80, 0xff, 
  0x80, 0x80, 0x80, 0xff, 0x80, 0x80, 0x80, 0xff, 0x81, 0x81, 0x81, 0xfc, 0x80, 0x80, 0x80, 0xff, 0xbb, 0xbb, 0xbb, 0xc0, 0xff, 0xff, 0xff, 0xfe, 0xff, 0xff, 0xff, 0xff, 
  0xff, 0xff, 0xff, 0xff, 0xff, 0xff, 0xff, 0xff, 0xff, 0xff, 0xff, 0xff, 0xff, 0xff, 0xff, 0xff, 0xff, 0xff, 0xff, 0xff, 0xff, 0xff, 0xff, 0xff, 0xff, 0xff, 0xff, 0xff, 
  0xff, 0xff, 0xff, 0xff, 0xff, 0xff, 0xff, 0xff, 0xff, 0xff, 0xff, 0xff, 0xff, 0xff, 0xff, 0xff, 0xff, 0xff, 0xff, 0xff, 0xff, 0xff, 0xff, 0xff, 0xff, 0xff, 0xff, 0xff, 
  0xff, 0xff, 0xff, 0xff, 0xff, 0xff, 0xff, 0xff, 0xff, 0xff, 0xff, 0xff, 0xff, 0xff, 0xff, 0xff, 0xff, 0xff, 0xff, 0xff, 0xff, 0xff, 0xff, 0xff, 0xff, 0xff, 0xff, 0xff, 
  0xff, 0xff, 0xff, 0xff, 0xff, 0xff, 0xff, 0xff, 0xff, 0xff, 0xff, 0xff, 0xff, 0xff, 0xff, 0xff, 0xff, 0xff, 0xff, 0xff, 0xff, 0xff, 0xff, 0xff, 0xff, 0xff, 0xff, 0xff, 
  0xff, 0xff, 0xff, 0xff, 0xff, 0xff, 0xff, 0xff, 0xff, 0xff, 0xff, 0xff, 0xff, 0xff, 0xff, 0xff, 0xff, 0xff, 0xff, 0xff, 0xff, 0xff, 0xff, 0xff, 0xff, 0xff, 0xff, 0xff, 
  0xff, 0xff, 0xff, 0xff, 0xff, 0xff, 0xff, 0xff, 0xff, 0xff, 0xff, 0xff, 0xff, 0xff, 0xff, 0xff, 0xff, 0xff, 0xff, 0xff, 0xff, 0xff, 0xff, 0xff, 0xff, 0xff, 0xff, 0xff, 
  0xff, 0xff, 0xff, 0xff, 0xff, 0xff, 0xff, 0xff, 0xff, 0xff, 0xff, 0xff, 0xff, 0xff, 0xff, 0xff, 0xff, 0xff, 0xff, 0xff, 0xff, 0xff, 0xff, 0xff, 0xff, 0xff, 0xff, 0xff, 
  0xff, 0xff, 0xff, 0xff, 0xff, 0xff, 0xff, 0xff, 0xff, 0xff, 0xff, 0xff, 0xff, 0xff, 0xff, 0xff, 0xff, 0xff, 0xff, 0xff, 0xff, 0xff, 0xff, 0xff, 0xff, 0xff, 0xff, 0xff, 
  0xff, 0xff, 0xff, 0xff, 0xff, 0xff, 0xff, 0xff, 0xff, 0xff, 0xff, 0xff, 0xff, 0xff, 0xff, 0xff, 0xff, 0xff, 0xff, 0xff, 0xff, 0xff, 0xff, 0xff, 0xff, 0xff, 0xff, 0xff, 
  0xff, 0xff, 0xff, 0xff, 0xff, 0xff, 0xff, 0xff, 0xff, 0xff, 0xff, 0xff, 0xff, 0xff, 0xff, 0xff, 0xff, 0xff, 0xff, 0xff, 0xff, 0xff, 0xff, 0xff, 0xff, 0xff, 0xff, 0xff, 
  0xff, 0xff, 0xff, 0xff, 0xff, 0xff, 0xff, 0xfe, 0xba, 0xba, 0xba, 0xc0, 0x80, 0x80, 0x80, 0xff, 0x81, 0x81, 0x81, 0xfd, 0x80, 0x80, 0x80, 0xff, 0x80, 0x80, 0x80, 0xff, 
  0x80, 0x80, 0x80, 0xff, 0x80, 0x80, 0x80, 0xff, 0x80, 0x80, 0x80, 0xff, 0x80, 0x80, 0x80, 0xff, 0x80, 0x80, 0x80, 0xff, 0x80, 0x80, 0x80, 0xff, 0x80, 0x80, 0x80, 0xff, 
  0x80, 0x80, 0x80, 0xff, 0x80, 0x80, 0x80, 0xff, 0x80, 0x80, 0x80, 0xff, 0x80, 0x80, 0x80, 0xff, 0x80, 0x80, 0x80, 0xff, 0x80, 0x80, 0x80, 0xff, 0x80, 0x80, 0x80, 0xff, 
  0x80, 0x80, 0x80, 0xff, 0x80, 0x80, 0x80, 0xff, 0x80, 0x80, 0x80, 0xff, 0x80, 0x80, 0x80, 0xff, 0x80, 0x80, 0x80, 0xff, 0x80, 0x80, 0x80, 0xff, 0x80, 0x80, 0x80, 0xff, 
  0x80, 0x80, 0x80, 0xff, 0x80, 0x80, 0x80, 0xff, 0x80, 0x80, 0x80, 0xff, 0x80, 0x80, 0x80, 0xff, 0x80, 0x80, 0x80, 0xff, 0x80, 0x80, 0x80, 0xff, 0x80, 0x80, 0x80, 0xff, 
  0x80, 0x80, 0x80, 0xff, 0x80, 0x80, 0x80, 0xff, 0x81, 0x81, 0x81, 0xfd, 0x80, 0x80, 0x80, 0xff, 0xa1, 0xa1, 0xa1, 0xce, 0xfe, 0xfe, 0xfe, 0xfd, 0xff, 0xff, 0xff, 0xff, 
  0xff, 0xff, 0xff, 0xff, 0xff, 0xff, 0xff, 0xff, 0xff, 0xff, 0xff, 0xff, 0xff, 0xff, 0xff, 0xff, 0xff, 0xff, 0xff, 0xff, 0xff, 0xff, 0xff, 0xff, 0xff, 0xff, 0xff, 0xff, 
  0xff, 0xff, 0xff, 0xff, 0xff, 0xff, 0xff, 0xff, 0xff, 0xff, 0xff, 0xff, 0xff, 0xff, 0xff, 0xff, 0xff, 0xff, 0xff, 0xff, 0xff, 0xff, 0xff, 0xff, 0xff, 0xff, 0xff, 0xff, 
  0xff, 0xff, 0xff, 0xff, 0xff, 0xff, 0xff, 0xff, 0xff, 0xff, 0xff, 0xff, 0xff, 0xff, 0xff, 0xff, 0xff, 0xff, 0xff, 0xff, 0xff, 0xff, 0xff, 0xff, 0xff, 0xff, 0xff, 0xff, 
  0xff, 0xff, 0xff, 0xff, 0xff, 0xff, 0xff, 0xff, 0xff, 0xff, 0xff, 0xff, 0xff, 0xff, 0xff, 0xff, 0xff, 0xff, 0xff, 0xff, 0xff, 0xff, 0xff, 0xff, 0xff, 0xff, 0xff, 0xff, 
  0xff, 0xff, 0xff, 0xff, 0xff, 0xff, 0xff, 0xff, 0xff, 0xff, 0xff, 0xff, 0xff, 0xff, 0xff, 0xff, 0xff, 0xff, 0xff, 0xff, 0xff, 0xff, 0xff, 0xff, 0xff, 0xff, 0xff, 0xff, 
  0xff, 0xff, 0xff, 0xff, 0xff, 0xff, 0xff, 0xff, 0xff, 0xff, 0xff, 0xff, 0xff, 0xff, 0xff, 0xff, 0xff, 0xff, 0xff, 0xff, 0xff, 0xff, 0xff, 0xff, 0xff, 0xff, 0xff, 0xff, 
  0xff, 0xff, 0xff, 0xff, 0xff, 0xff, 0xff, 0xff, 0xff, 0xff, 0xff, 0xff, 0xff, 0xff, 0xff, 0xff, 0xff, 0xff, 0xff, 0xff, 0xff, 0xff, 0xff, 0xff, 0xff, 0xff, 0xff, 0xff, 
  0xff, 0xff, 0xff, 0xff, 0xff, 0xff, 0xff, 0xff, 0xff, 0xff, 0xff, 0xff, 0xff, 0xff, 0xff, 0xff, 0xff, 0xff, 0xff, 0xff, 0xff, 0xff, 0xff, 0xff, 0xff, 0xff, 0xff, 0xff, 
  0xff, 0xff, 0xff, 0xff, 0xff, 0xff, 0xff, 0xff, 0xff, 0xff, 0xff, 0xff, 0xff, 0xff, 0xff, 0xff, 0xff, 0xff, 0xff, 0xff, 0xff, 0xff, 0xff, 0xff, 0xff, 0xff, 0xff, 0xff, 
  0xff, 0xff, 0xff, 0xff, 0xff, 0xff, 0xff, 0xff, 0xff, 0xff, 0xff, 0xff, 0xff, 0xff, 0xff, 0xff, 0xff, 0xff, 0xff, 0xff, 0xff, 0xff, 0xff, 0xff, 0xff, 0xff, 0xff, 0xff, 
  0xff, 0xff, 0xff, 0xff, 0xfe, 0xfe, 0xfe, 0xfc, 0x9f, 0x9f, 0x9f, 0xd0, 0x80, 0x80, 0x80, 0xff, 0x80, 0x80, 0x80, 0xfe, 0x80, 0x80, 0x80, 0xff, 0x80, 0x80, 0x80, 0xff, 
  0x80, 0x80, 0x80, 0xff, 0x80, 0x80, 0x80, 0xff, 0x80, 0x80, 0x80, 0xff, 0x80, 0x80, 0x80, 0xff, 0x80, 0x80, 0x80, 0xff, 0x80, 0x80, 0x80, 0xff, 0x80, 0x80, 0x80, 0xff, 
  0x80, 0x80, 0x80, 0xff, 0x80, 0x80, 0x80, 0xff, 0x80, 0x80, 0x80, 0xff, 0x80, 0x80, 0x80, 0xff, 0x80, 0x80, 0x80, 0xff, 0x80, 0x80, 0x80, 0xff, 0x80, 0x80, 0x80, 0xff, 
  0x80, 0x80, 0x80, 0xff, 0x80, 0x80, 0x80, 0xff, 0x80, 0x80, 0x80, 0xff, 0x80, 0x80, 0x80, 0xff, 0x80, 0x80, 0x80, 0xff, 0x80, 0x80, 0x80, 0xff, 0x80, 0x80, 0x80, 0xff, 
  0x80, 0x80, 0x80, 0xff, 0x80, 0x80, 0x80, 0xff, 0x80, 0x80, 0x80, 0xff, 0x80, 0x80, 0x80, 0xff, 0x80, 0x80, 0x80, 0xff, 0x80, 0x80, 0x80, 0xff, 0x80, 0x80, 0x80, 0xff, 
  0x80, 0x80, 0x80, 0xff, 0x80, 0x80, 0x80, 0xff, 0x80, 0x80, 0x80, 0xff, 0x80, 0x80, 0x80, 0xff, 0x82, 0x82, 0x82, 0xfa, 0xec, 0xec, 0xec, 0xde, 0xfe, 0xfe, 0xfe, 0xfd, 
  0xff, 0xff, 0xff, 0xfe, 0xff, 0xff, 0xff, 0xff, 0xff, 0xff, 0xff, 0xff, 0xff, 0xff, 0xff, 0xff, 0xff, 0xff, 0xff, 0xff, 0xff, 0xff, 0xff, 0xff, 0xff, 0xff, 0xff, 0xff, 
  0xff, 0xff, 0xff, 0xff, 0xff, 0xff, 0xff, 0xff, 0xff, 0xff, 0xff, 0xff, 0xff, 0xff, 0xff, 0xff, 0xff, 0xff, 0xff, 0xff, 0xff, 0xff, 0xff, 0xff, 0xff, 0xff, 0xff, 0xff, 
  0xff, 0xff, 0xff, 0xff, 0xff, 0xff, 0xff, 0xff, 0xff, 0xff, 0xff, 0xff, 0xff, 0xff, 0xff, 0xff, 0xff, 0xff, 0xff, 0xff, 0xff, 0xff, 0xff, 0xff, 0xff, 0xff, 0xff, 0xff, 
  0xff, 0xff, 0xff, 0xff, 0xff, 0xff, 0xff, 0xff, 0xff, 0xff, 0xff, 0xff, 0xff, 0xff, 0xff, 0xff, 0xff, 0xff, 0xff, 0xff, 0xff, 0xff, 0xff, 0xff, 0xff, 0xff, 0xff, 0xff, 
  0xff, 0xff, 0xff, 0xff, 0xff, 0xff, 0xff, 0xff, 0xff, 0xff, 0xff, 0xff, 0xff, 0xff, 0xff, 0xff, 0xff, 0xff, 0xff, 0xff, 0xff, 0xff, 0xff, 0xff, 0xff, 0xff, 0xff, 0xff, 
  0xff, 0xff, 0xff, 0xff, 0xff, 0xff, 0xff, 0xff, 0xff, 0xff, 0xff, 0xff, 0xff, 0xff, 0xff, 0xff, 0xff, 0xff, 0xff, 0xff, 0xff, 0xff, 0xff, 0xff, 0xff, 0xff, 0xff, 0xff, 
  0xff, 0xff, 0xff, 0xff, 0xff, 0xff, 0xff, 0xff, 0xff, 0xff, 0xff, 0xff, 0xff, 0xff, 0xff, 0xff, 0xff, 0xff, 0xff, 0xff, 0xff, 0xff, 0xff, 0xff, 0xff, 0xff, 0xff, 0xff, 
  0xff, 0xff, 0xff, 0xff, 0xff, 0xff, 0xff, 0xff, 0xff, 0xff, 0xff, 0xff, 0xff, 0xff, 0xff, 0xff, 0xff, 0xff, 0xff, 0xff, 0xff, 0xff, 0xff, 0xff, 0xff, 0xff, 0xff, 0xff, 
  0xff, 0xff, 0xff, 0xff, 0xff, 0xff, 0xff, 0xff, 0xff, 0xff, 0xff, 0xff, 0xff, 0xff, 0xff, 0xff, 0xff, 0xff, 0xff, 0xff, 0xff, 0xff, 0xff, 0xff, 0xff, 0xff, 0xff, 0xff, 
  0xff, 0xff, 0xff, 0xff, 0xff, 0xff, 0xff, 0xff, 0xff, 0xff, 0xff, 0xff, 0xff, 0xff, 0xff, 0xff, 0xff, 0xff, 0xff, 0xff, 0xff, 0xff, 0xff, 0xff, 0xff, 0xff, 0xff, 0xfe, 
  0xfe, 0xfe, 0xfe, 0xfd, 0xeb, 0xeb, 0xeb, 0xdd, 0x82, 0x82, 0x82, 0xfb, 0x80, 0x80, 0x80, 0xff, 0x80, 0x80, 0x80, 0xff, 0x80, 0x80, 0x80, 0xff, 0x80, 0x80, 0x80, 0xff, 
  0x80, 0x80, 0x80, 0xff, 0x80, 0x80, 0x80, 0xff, 0x80, 0x80, 0x80, 0xff, 0x80, 0x80, 0x80, 0xff, 0x80, 0x80, 0x80, 0xff, 0x80, 0x80, 0x80, 0xff, 0x80, 0x80, 0x80, 0xff, 
  0x80, 0x80, 0x80, 0xff, 0x80, 0x80, 0x80, 0xff, 0x80, 0x80, 0x80, 0xff, 0x80, 0x80, 0x80, 0xff, 0x80, 0x80, 0x80, 0xff, 0x80, 0x80, 0x80, 0xff, 0x80, 0x80, 0x80, 0xff, 
  0x80, 0x80, 0x80, 0xff, 0x80, 0x80, 0x80, 0xff, 0x80, 0x80, 0x80, 0xff, 0x80, 0x80, 0x80, 0xff, 0x80, 0x80, 0x80, 0xff, 0x80, 0x80, 0x80, 0xff, 0x80, 0x80, 0x80, 0xff, 
  0x80, 0x80, 0x80, 0xff, 0x80, 0x80, 0x80, 0xff, 0x80, 0x80, 0x80, 0xff, 0x80, 0x80, 0x80, 0xff, 0x80, 0x80, 0x80, 0xff, 0x80, 0x80, 0x80, 0xff, 0x80, 0x80, 0x80, 0xff, 
  0x80, 0x80, 0x80, 0xff, 0x80, 0x80, 0x80, 0xff, 0x80, 0x80, 0x80, 0xff, 0x80, 0x80, 0x80, 0xfe, 0x80, 0x80, 0x80, 0xff, 0xab, 0xab, 0xab, 0xc6, 0xff, 0xff, 0xff, 0xff, 
  0xfe, 0xfe, 0xfe, 0xfd, 0xff, 0xff, 0xff, 0xfe, 0xff, 0xff, 0xff, 0xff, 0xff, 0xff, 0xff, 0xff, 0xff, 0xff, 0xff, 0xff, 0xff, 0xff, 0xff, 0xff, 0xff, 0xff, 0xff, 0xff, 
  0xff, 0xff, 0xff, 0xff, 0xff, 0xff, 0xff, 0xff, 0xff, 0xff, 0xff, 0xff, 0xff, 0xff, 0xff, 0xff, 0xff, 0xff, 0xff, 0xff, 0xff, 0xff, 0xff, 0xff, 0xff, 0xff, 0xff, 0xff, 
  0xff, 0xff, 0xff, 0xff, 0xff, 0xff, 0xff, 0xff, 0xff, 0xff, 0xff, 0xff, 0xff, 0xff, 0xff, 0xff, 0xff, 0xff, 0xff, 0xff, 0xff, 0xff, 0xff, 0xff, 0xff, 0xff, 0xff, 0xff, 
  0xff, 0xff, 0xff, 0xff, 0xff, 0xff, 0xff, 0xff, 0xff, 0xff, 0xff, 0xff, 0xff, 0xff, 0xff, 0xff, 0xff, 0xff, 0xff, 0xff, 0xff, 0xff, 0xff, 0xff, 0xff, 0xff, 0xff, 0xff, 
  0xff, 0xff, 0xff, 0xff, 0xff, 0xff, 0xff, 0xff, 0xff, 0xff, 0xff, 0xff, 0xff, 0xff, 0xff, 0xff, 0xff, 0xff, 0xff, 0xff, 0xff, 0xff, 0xff, 0xff, 0xff, 0xff, 0xff, 0xff, 
  0xff, 0xff, 0xff, 0xff, 0xff, 0xff, 0xff, 0xff, 0xff, 0xff, 0xff, 0xff, 0xff, 0xff, 0xff, 0xff, 0xff, 0xff, 0xff, 0xff, 0xff, 0xff, 0xff, 0xff, 0xff, 0xff, 0xff, 0xff, 
  0xff, 0xff, 0xff, 0xff, 0xff, 0xff, 0xff, 0xff, 0xff, 0xff, 0xff, 0xff, 0xff, 0xff, 0xff, 0xff, 0xff, 0xff, 0xff, 0xff, 0xff, 0xff, 0xff, 0xff, 0xff, 0xff, 0xff, 0xff, 
  0xff, 0xff, 0xff, 0xff, 0xff, 0xff, 0xff, 0xff, 0xff, 0xff, 0xff, 0xff, 0xff, 0xff, 0xff, 0xff, 0xff, 0xff, 0xff, 0xff, 0xff, 0xff, 0xff, 0xff, 0xff, 0xff, 0xff, 0xff, 
  0xff, 0xff, 0xff, 0xff, 0xff, 0xff, 0xff, 0xff, 0xff, 0xff, 0xff, 0xff, 0xff, 0xff, 0xff, 0xff, 0xff, 0xff, 0xff, 0xff, 0xff, 0xff, 0xff, 0xff, 0xff, 0xff, 0xff, 0xff, 
  0xff, 0xff, 0xff, 0xff, 0xff, 0xff, 0xff, 0xff, 0xff, 0xff, 0xff, 0xff, 0xff, 0xff, 0xff, 0xff, 0xff, 0xff, 0xff, 0xff, 0xff, 0xff, 0xff, 0xfe, 0xfe, 0xfe, 0xfe, 0xfd, 
  0xff, 0xff, 0xff, 0xff, 0xaa, 0xaa, 0xaa, 0xc7, 0x80, 0x80, 0x80, 0xff, 0x80, 0x80, 0x80, 0xfe, 0x80, 0x80, 0x80, 0xff, 0x80, 0x80, 0x80, 0xff, 0x80, 0x80, 0x80, 0xff, 
  0x80, 0x80, 0x80, 0xff, 0x80, 0x80, 0x80, 0xff, 0x80, 0x80, 0x80, 0xff, 0x80, 0x80, 0x80, 0xff, 0x80, 0x80, 0x80, 0xff, 0x80, 0x80, 0x80, 0xff, 0x80, 0x80, 0x80, 0xff, 
  0x80, 0x80, 0x80, 0xff, 0x80, 0x80, 0x80, 0xff, 0x80, 0x80, 0x80, 0xff, 0x80, 0x80, 0x80, 0xff, 0x80, 0x80, 0x80, 0xff, 0x80, 0x80, 0x80, 0xff, 0x80, 0x80, 0x80, 0xff, 
  0x80, 0x80, 0x80, 0xff, 0x80, 0x80, 0x80, 0xff, 0x80, 0x80, 0x80, 0xff, 0x80, 0x80, 0x80, 0xff, 0x80, 0x80, 0x80, 0xff, 0x80, 0x80, 0x80, 0xff, 0x80, 0x80, 0x80, 0xff, 
  0x80, 0x80, 0x80, 0xff, 0x80, 0x80, 0x80, 0xff, 0x80, 0x80, 0x80, 0xff, 0x80, 0x80, 0x80, 0xff, 0x80, 0x80, 0x80, 0xff, 0x80, 0x80, 0x80, 0xff, 0x80, 0x80, 0x80, 0xff, 
  0x80, 0x80, 0x80, 0xff, 0x80, 0x80, 0x80, 0xff, 0x80, 0x80, 0x80, 0xff, 0x80, 0x80, 0x80, 0xff, 0x81, 0x81, 0x81, 0xfd, 0x81, 0x81, 0x81, 0xfc, 0xc8, 0xc8, 0xc8, 0xc0, 
  0xff, 0xff, 0xff, 0xff, 0xff, 0xff, 0xff, 0xff, 0xfe, 0xfe, 0xfe, 0xfd, 0xfe, 0xfe, 0xfe, 0xfc, 0xfe, 0xfe, 0xfe, 0xfd, 0xfe, 0xfe, 0xfe, 0xfd, 0xfe, 0xfe, 0xfe, 0xfd, 
  0xfe, 0xfe, 0xfe, 0xfd, 0xfe, 0xfe, 0xfe, 0xfd, 0xfe, 0xfe, 0xfe, 0xfd, 0xfe, 0xfe, 0xfe, 0xfd, 0xfe, 0xfe, 0xfe, 0xfd, 0xfe, 0xfe, 0xfe, 0xfd, 0xfe, 0xfe, 0xfe, 0xfd, 
  0xfe, 0xfe, 0xfe, 0xfd, 0xfe, 0xfe, 0xfe, 0xfd, 0xfe, 0xfe, 0xfe, 0xfd, 0xfe, 0xfe, 0xfe, 0xfd, 0xfe, 0xfe, 0xfe, 0xfd, 0xfe, 0xfe, 0xfe, 0xfd, 0xfe, 0xfe, 0xfe, 0xfd, 
  0xfe, 0xfe, 0xfe, 0xfd, 0xfe, 0xfe, 0xfe, 0xfd, 0xfe, 0xfe, 0xfe, 0xfd, 0xfe, 0xfe, 0xfe, 0xfd, 0xfe, 0xfe, 0xfe, 0xfd, 0xfe, 0xfe, 0xfe, 0xfd, 0xfe, 0xfe, 0xfe, 0xfd, 
  0xfe, 0xfe, 0xfe, 0xfd, 0xfe, 0xfe, 0xfe, 0xfd, 0xfe, 0xfe, 0xfe, 0xfd, 0xfe, 0xfe, 0xfe, 0xfd, 0xfe, 0xfe, 0xfe, 0xfd, 0xfe, 0xfe, 0xfe, 0xfd, 0xfe, 0xfe, 0xfe, 0xfd, 
  0xfe, 0xfe, 0xfe, 0xfd, 0xfe, 0xfe, 0xfe, 0xfd, 0xfe, 0xfe, 0xfe, 0xfd, 0xfe, 0xfe, 0xfe, 0xfd, 0xfe, 0xfe, 0xfe, 0xfd, 0xfe, 0xfe, 0xfe, 0xfd, 0xfe, 0xfe, 0xfe, 0xfd, 
  0xfe, 0xfe, 0xfe, 0xfd, 0xfe, 0xfe, 0xfe, 0xfd, 0xfe, 0xfe, 0xfe, 0xfd, 0xfe, 0xfe, 0xfe, 0xfd, 0xfe, 0xfe, 0xfe, 0xfd, 0xfe, 0xfe, 0xfe, 0xfd, 0xfe, 0xfe, 0xfe, 0xfd, 
  0xfe, 0xfe, 0xfe, 0xfd, 0xfe, 0xfe, 0xfe, 0xfd, 0xfe, 0xfe, 0xfe, 0xfd, 0xfe, 0xfe, 0xfe, 0xfd, 0xfe, 0xfe, 0xfe, 0xfd, 0xfe, 0xfe, 0xfe, 0xfd, 0xfe, 0xfe, 0xfe, 0xfd, 
  0xfe, 0xfe, 0xfe, 0xfd, 0xfe, 0xfe, 0xfe, 0xfd, 0xfe, 0xfe, 0xfe, 0xfd, 0xfe, 0xfe, 0xfe, 0xfd, 0xfe, 0xfe, 0xfe, 0xfd, 0xfe, 0xfe, 0xfe, 0xfd, 0xfe, 0xfe, 0xfe, 0xfd, 
  0xfe, 0xfe, 0xfe, 0xfd, 0xfe, 0xfe, 0xfe, 0xfd, 0xfe, 0xfe, 0xfe, 0xfd, 0xfe, 0xfe, 0xfe, 0xfc, 0xfe, 0xfe, 0xfe, 0xfd, 0xff, 0xff, 0xff, 0xff, 0xff, 0xff, 0xff, 0xff, 
  0xc7, 0xc7, 0xc7, 0xc0, 0x81, 0x81, 0x81, 0xfd, 0x81, 0x81, 0x81, 0xfd, 0x80, 0x80, 0x80, 0xff, 0x80, 0x80, 0x80, 0xff, 0x80, 0x80, 0x80, 0xff, 0x80, 0x80, 0x80, 0xff, 
  0x80, 0x80, 0x80, 0xff, 0x80, 0x80, 0x80, 0xff, 0x80, 0x80, 0x80, 0xff, 0x80, 0x80, 0x80, 0xff, 0x80, 0x80, 0x80, 0xff, 0x80, 0x80, 0x80, 0xff, 0x80, 0x80, 0x80, 0xff, 
  0x80, 0x80, 0x80, 0xff, 0x80, 0x80, 0x80, 0xff, 0x80, 0x80, 0x80, 0xff, 0x80, 0x80, 0x80, 0xff, 0x80, 0x80, 0x80, 0xff, 0x80, 0x80, 0x80, 0xff, 0x80, 0x80, 0x80, 0xff, 
  0x80, 0x80, 0x80, 0xff, 0x80, 0x80, 0x80, 0xff, 0x80, 0x80, 0x80, 0xff, 0x80, 0x80, 0x80, 0xff, 0x80, 0x80, 0x80, 0xff, 0x80, 0x80, 0x80, 0xff, 0x80, 0x80, 0x80, 0xff, 
  0x80, 0x80, 0x80, 0xff, 0x80, 0x80, 0x80, 0xff, 0x80, 0x80, 0x80, 0xff, 0x80, 0x80, 0x80, 0xff, 0x80, 0x80, 0x80, 0xff, 0x80, 0x80, 0x80, 0xff, 0x80, 0x80, 0x80, 0xff, 
  0x80, 0x80, 0x80, 0xff, 0x80, 0x80, 0x80, 0xff, 0x80, 0x80, 0x80, 0xff, 0x80, 0x80, 0x80, 0xff, 0x80, 0x80, 0x80, 0xff, 0x81, 0x81, 0x81, 0xfd, 0x81, 0x81, 0x81, 0xfc, 
  0xbe, 0xbe, 0xbe, 0xbf, 0xfa, 0xfa, 0xfa, 0xf4, 0xff, 0xff, 0xff, 0xff, 0xff, 0xff, 0xff, 0xff, 0xff, 0xff, 0xff, 0xff, 0xff, 0xff, 0xff, 0xff, 0xff, 0xff, 0xff, 0xff, 
  0xff, 0xff, 0xff, 0xff, 0xff, 0xff, 0xff, 0xff, 0xff, 0xff, 0xff, 0xff, 0xff, 0xff, 0xff, 0xff, 0xff, 0xff, 0xff, 0xff, 0xff, 0xff, 0xff, 0xff, 0xff, 0xff, 0xff, 0xff, 
  0xff, 0xff, 0xff, 0xff, 0xff, 0xff, 0xff, 0xff, 0xff, 0xff, 0xff, 0xff, 0xff, 0xff, 0xff, 0xff, 0xff, 0xff, 0xff, 0xff, 0xff, 0xff, 0xff, 0xff, 0xff, 0xff, 0xff, 0xff, 
  0xff, 0xff, 0xff, 0xff, 0xff, 0xff, 0xff, 0xff, 0xff, 0xff, 0xff, 0xff, 0xff, 0xff, 0xff, 0xff, 0xff, 0xff, 0xff, 0xff, 0xff, 0xff, 0xff, 0xff, 0xff, 0xff, 0xff, 0xff, 
  0xff, 0xff, 0xff, 0xff, 0xff, 0xff, 0xff, 0xff, 0xff, 0xff, 0xff, 0xff, 0xff, 0xff, 0xff, 0xff, 0xff, 0xff, 0xff, 0xff, 0xff, 0xff, 0xff, 0xff, 0xff, 0xff, 0xff, 0xff, 
  0xff, 0xff, 0xff, 0xff, 0xff, 0xff, 0xff, 0xff, 0xff, 0xff, 0xff, 0xff, 0xff, 0xff, 0xff, 0xff, 0xff, 0xff, 0xff, 0xff, 0xff, 0xff, 0xff, 0xff, 0xff, 0xff, 0xff, 0xff, 
  0xff, 0xff, 0xff, 0xff, 0xff, 0xff, 0xff, 0xff, 0xff, 0xff, 0xff, 0xff, 0xff, 0xff, 0xff, 0xff, 0xff, 0xff, 0xff, 0xff, 0xff, 0xff, 0xff, 0xff, 0xff, 0xff, 0xff, 0xff, 
  0xff, 0xff, 0xff, 0xff, 0xff, 0xff, 0xff, 0xff, 0xff, 0xff, 0xff, 0xff, 0xff, 0xff, 0xff, 0xff, 0xff, 0xff, 0xff, 0xff, 0xff, 0xff, 0xff, 0xff, 0xff, 0xff, 0xff, 0xff, 
  0xff, 0xff, 0xff, 0xff, 0xff, 0xff, 0xff, 0xff, 0xff, 0xff, 0xff, 0xff, 0xff, 0xff, 0xff, 0xff, 0xff, 0xff, 0xff, 0xff, 0xff, 0xff, 0xff, 0xff, 0xff, 0xff, 0xff, 0xff, 
  0xff, 0xff, 0xff, 0xff, 0xff, 0xff, 0xff, 0xff, 0xff, 0xff, 0xff, 0xff, 0xff, 0xff, 0xff, 0xff, 0xff, 0xff, 0xff, 0xff, 0xfa, 0xfa, 0xfa, 0xf4, 0xbe, 0xbe, 0xbe, 0xbf, 
  0x81, 0x81, 0x81, 0xfd, 0x81, 0x81, 0x81, 0xfd, 0x80, 0x80, 0x80, 0xff, 0x80, 0x80, 0x80, 0xff, 0x80, 0x80, 0x80, 0xff, 0x80, 0x80, 0x80, 0xff, 0x80, 0x80, 0x80, 0xff, 
  0x80, 0x80, 0x80, 0xff, 0x80, 0x80, 0x80, 0xff, 0x80, 0x80, 0x80, 0xff, 0x80, 0x80, 0x80, 0xff, 0x80, 0x80, 0x80, 0xff, 0x80, 0x80, 0x80, 0xff, 0x80, 0x80, 0x80, 0xff, 
  0x80, 0x80, 0x80, 0xff, 0x80, 0x80, 0x80, 0xff, 0x80, 0x80, 0x80, 0xff, 0x80, 0x80, 0x80, 0xff, 0x80, 0x80, 0x80, 0xff, 0x80, 0x80, 0x80, 0xff, 0x80, 0x80, 0x80, 0xff, 
  0x80, 0x80, 0x80, 0xff, 0x80, 0x80, 0x80, 0xff, 0x80, 0x80, 0x80, 0xff, 0x80, 0x80, 0x80, 0xff, 0x80, 0x80, 0x80, 0xff, 0x80, 0x80, 0x80, 0xff, 0x80, 0x80, 0x80, 0xff, 
  0x80, 0x80, 0x80, 0xff, 0x80, 0x80, 0x80, 0xff, 0x80, 0x80, 0x80, 0xff, 0x80, 0x80, 0x80, 0xff, 0x80, 0x80, 0x80, 0xff, 0x80, 0x80, 0x80, 0xff, 0x80, 0x80, 0x80, 0xff, 
  0x80, 0x80, 0x80, 0xff, 0x80, 0x80, 0x80, 0xff, 0x80, 0x80, 0x80, 0xff, 0x80, 0x80, 0x80, 0xff, 0x80, 0x80, 0x80, 0xff, 0x80, 0x80, 0x80, 0xfe, 0x80, 0x80, 0x80, 0xff, 
  0x80, 0x80, 0x80, 0xff, 0x97, 0x97, 0x97, 0xd9, 0xcb, 0xcb, 0xcb, 0xc1, 0xe5, 0xe5, 0xe5, 0xd5, 0xec, 0xec, 0xec, 0xdf, 0xee, 0xee, 0xee, 0xe2, 0xee, 0xee, 0xee, 0xe1, 
  0xee, 0xee, 0xee, 0xe1, 0xee, 0xee, 0xee, 0xe1, 0xee, 0xee, 0xee, 0xe1, 0xee, 0xee, 0xee, 0xe1, 0xee, 0xee, 0xee, 0xe1, 0xee, 0xee, 0xee, 0xe1, 0xee, 0xee, 0xee, 0xe1, 
  0xee, 0xee, 0xee, 0xe1, 0xee, 0xee, 0xee, 0xe1, 0xee, 0xee, 0xee, 0xe1, 0xee, 0xee, 0xee, 0xe1, 0xee, 0xee, 0xee, 0xe1, 0xee, 0xee, 0xee, 0xe1, 0xee, 0xee, 0xee, 0xe1, 
  0xee, 0xee, 0xee, 0xe1, 0xee, 0xee, 0xee, 0xe1, 0xee, 0xee, 0xee, 0xe1, 0xee, 0xee, 0xee, 0xe1, 0xee, 0xee, 0xee, 0xe1, 0xee, 0xee, 0xee, 0xe1, 0xee, 0xee, 0xee, 0xe1, 
  0xee, 0xee, 0xee, 0xe1, 0xee, 0xee, 0xee, 0xe1, 0xee, 0xee, 0xee, 0xe1, 0xee, 0xee, 0xee, 0xe1, 0xee, 0xee, 0xee, 0xe1, 0xee, 0xee, 0xee, 0xe1, 0xee, 0xee, 0xee, 0xe1, 
  0xee, 0xee, 0xee, 0xe1, 0xee, 0xee, 0xee, 0xe1, 0xee, 0xee, 0xee, 0xe1, 0xee, 0xee, 0xee, 0xe1, 0xee, 0xee, 0xee, 0xe1, 0xee, 0xee, 0xee, 0xe1, 0xee, 0xee, 0xee, 0xe1, 
  0xee, 0xee, 0xee, 0xe1, 0xee, 0xee, 0xee, 0xe1, 0xee, 0xee, 0xee, 0xe1, 0xee, 0xee, 0xee, 0xe1, 0xee, 0xee, 0xee, 0xe1, 0xee, 0xee, 0xee, 0xe1, 0xee, 0xee, 0xee, 0xe1, 
  0xee, 0xee, 0xee, 0xe1, 0xee, 0xee, 0xee, 0xe1, 0xee, 0xee, 0xee, 0xe1, 0xee, 0xee, 0xee, 0xe1, 0xee, 0xee, 0xee, 0xe1, 0xee, 0xee, 0xee, 0xe1, 0xee, 0xee, 0xee, 0xe1, 
  0xee, 0xee, 0xee, 0xe1, 0xee, 0xee, 0xee, 0xe1, 0xee, 0xee, 0xee, 0xe1, 0xee, 0xee, 0xee, 0xe1, 0xee, 0xee, 0xee, 0xe1, 0xee, 0xee, 0xee, 0xe1, 0xee, 0xee, 0xee, 0xe1, 
  0xee, 0xee, 0xee, 0xe1, 0xee, 0xee, 0xee, 0xe2, 0xec, 0xec, 0xec, 0xdf, 0xe5, 0xe5, 0xe5, 0xd5, 0xca, 0xca, 0xca, 0xc1, 0x96, 0x96, 0x96, 0xda, 0x80, 0x80, 0x80, 0xff, 
  0x80, 0x80, 0x80, 0xff, 0x80, 0x80, 0x80, 0xfe, 0x80, 0x80, 0x80, 0xff, 0x80, 0x80, 0x80, 0xff, 0x80, 0x80, 0x80, 0xff, 0x80, 0x80, 0x80, 0xff, 0x80, 0x80, 0x80, 0xff, 
  0x80, 0x80, 0x80, 0xff, 0x80, 0x80, 0x80, 0xff, 0x80, 0x80, 0x80, 0xff, 0x80, 0x80, 0x80, 0xff, 0x80, 0x80, 0x80, 0xff, 0x80, 0x80, 0x80, 0xff, 0x80, 0x80, 0x80, 0xff, 
  0x80, 0x80, 0x80, 0xff, 0x80, 0x80, 0x80, 0xff, 0x80, 0x80, 0x80, 0xff, 0x80, 0x80, 0x80, 0xff, 0x80, 0x80, 0x80, 0xff, 0x80, 0x80, 0x80, 0xff, 0x80, 0x80, 0x80, 0xff, 
  0x80, 0x80, 0x80, 0xff, 0x80, 0x80, 0x80, 0xff, 0x80, 0x80, 0x80, 0xff, 0x80, 0x80, 0x80, 0xff, 0x80, 0x80, 0x80, 0xff, 0x80, 0x80, 0x80, 0xff, 0x80, 0x80, 0x80, 0xff, 
  0x80, 0x80, 0x80, 0xff, 0x80, 0x80, 0x80, 0xff, 0x80, 0x80, 0x80, 0xff, 0x80, 0x80, 0x80, 0xff, 0x80, 0x80, 0x80, 0xff, 0x80, 0x80, 0x80, 0xff, 0x80, 0x80, 0x80, 0xff, 
  0x80, 0x80, 0x80, 0xff, 0x80, 0x80, 0x80, 0xff, 0x80, 0x80, 0x80, 0xff, 0x80, 0x80, 0x80, 0xff, 0x80, 0x80, 0x80, 0xff, 0x80, 0x80, 0x80, 0xff, 0x80, 0x80, 0x80, 0xff, 
  0x80, 0x80, 0x80, 0xfe, 0x80, 0x80, 0x80, 0xff, 0x80, 0x80, 0x80, 0xff, 0x80, 0x80, 0x80, 0xff, 0x8e, 0x8e, 0x8e, 0xe6, 0x90, 0x90, 0x90, 0xe3, 0x8f, 0x8f, 0x8f, 0xe4, 
  0x8f, 0x8f, 0x8f, 0xe4, 0x8f, 0x8f, 0x8f, 0xe4, 0x8f, 0x8f, 0x8f, 0xe4, 0x8f, 0x8f, 0x8f, 0xe4, 0x8f, 0x8f, 0x8f, 0xe4, 0x8f, 0x8f, 0x8f, 0xe4, 0x8f, 0x8f, 0x8f, 0xe4, 
  0x8f, 0x8f, 0x8f, 0xe4, 0x8f, 0x8f, 0x8f, 0xe4, 0x8f, 0x8f, 0x8f, 0xe4, 0x8f, 0x8f, 0x8f, 0xe4, 0x8f, 0x8f, 0x8f, 0xe4, 0x8f, 0x8f, 0x8f, 0xe4, 0x8f, 0x8f, 0x8f, 0xe4, 
  0x8f, 0x8f, 0x8f, 0xe4, 0x8f, 0x8f, 0x8f, 0xe4, 0x8f, 0x8f, 0x8f, 0xe4, 0x8f, 0x8f, 0x8f, 0xe4, 0x8f, 0x8f, 0x8f, 0xe4, 0x8f, 0x8f, 0x8f, 0xe4, 0x8f, 0x8f, 0x8f, 0xe4, 
  0x8f, 0x8f, 0x8f, 0xe4, 0x8f, 0x8f, 0x8f, 0xe4, 0x8f, 0x8f, 0x8f, 0xe4, 0x8f, 0x8f, 0x8f, 0xe4, 0x8f, 0x8f, 0x8f, 0xe4, 0x8f, 0x8f, 0x8f, 0xe4, 0x8f, 0x8f, 0x8f, 0xe4, 
  0x8f, 0x8f, 0x8f, 0xe4, 0x8f, 0x8f, 0x8f, 0xe4, 0x8f, 0x8f, 0x8f, 0xe4, 0x8f, 0x8f, 0x8f, 0xe4, 0x8f, 0x8f, 0x8f, 0xe4, 0x8f, 0x8f, 0x8f, 0xe4, 0x8f, 0x8f, 0x8f, 0xe4, 
  0x8f, 0x8f, 0x8f, 0xe4, 0x8f, 0x8f, 0x8f, 0xe4, 0x8f, 0x8f, 0x8f, 0xe4, 0x8f, 0x8f, 0x8f, 0xe4, 0x8f, 0x8f, 0x8f, 0xe4, 0x8f, 0x8f, 0x8f, 0xe4, 0x8f, 0x8f, 0x8f, 0xe4, 
  0x8f, 0x8f, 0x8f, 0xe4, 0x8f, 0x8f, 0x8f, 0xe4, 0x8f, 0x8f, 0x8f, 0xe4, 0x8f, 0x8f, 0x8f, 0xe4, 0x8f, 0x8f, 0x8f, 0xe4, 0x8f, 0x8f, 0x8f, 0xe4, 0x8f, 0x8f, 0x8f, 0xe4, 
  0x8f, 0x8f, 0x8f, 0xe4, 0x8f, 0x8f, 0x8f, 0xe4, 0x8f, 0x8f, 0x8f, 0xe4, 0x8f, 0x8f, 0x8f, 0xe4, 0x8f, 0x8f, 0x8f, 0xe4, 0x8f, 0x8f, 0x8f, 0xe4, 0x8f, 0x8f, 0x8f, 0xe4, 
  0x8f, 0x8f, 0x8f, 0xe4, 0x90, 0x90, 0x90, 0xe3, 0x8d, 0x8d, 0x8d, 0xe7, 0x80, 0x80, 0x80, 0xff, 0x80, 0x80, 0x80, 0xff, 0x80, 0x80, 0x80, 0xff, 0x80, 0x80, 0x80, 0xfe, 
  0x80, 0x80, 0x80, 0xff, 0x80, 0x80, 0x80, 0xff, 0x80, 0x80, 0x80, 0xff, 0x80, 0x80, 0x80, 0xff, 0x80, 0x80, 0x80, 0xff, 0x80, 0x80, 0x80, 0xff, 0x80, 0x80, 0x80, 0xff, 
  0x80, 0x80, 0x80, 0xff, 0x80, 0x80, 0x80, 0xff, 0x80, 0x80, 0x80, 0xff, 0x80, 0x80, 0x80, 0xff, 0x80, 0x80, 0x80, 0xff, 0x80, 0x80, 0x80, 0xff, 0x80, 0x80, 0x80, 0xff, 
  0x80, 0x80, 0x80, 0xff, 0x80, 0x80, 0x80, 0xff, 0x80, 0x80, 0x80, 0xff, 0x80, 0x80, 0x80, 0xff, 0x80, 0x80, 0x80, 0xff, 0x80, 0x80, 0x80, 0xff, 0x80, 0x80, 0x80, 0xff, 
  0x80, 0x80, 0x80, 0xff, 0x80, 0x80, 0x80, 0xff, 0x80, 0x80, 0x80, 0xff, 0x80, 0x80, 0x80, 0xff, 0x80, 0x80, 0x80, 0xff, 0x80, 0x80, 0x80, 0xff, 0x80, 0x80, 0x80, 0xff, 
  0x80, 0x80, 0x80, 0xff, 0x80, 0x80, 0x80, 0xff, 0x80, 0x80, 0x80, 0xff, 0x80, 0x80, 0x80, 0xff, 0x80, 0x80, 0x80, 0xff, 0x80, 0x80, 0x80, 0xff, 0x80, 0x80, 0x80, 0xff, 
  0x80, 0x80, 0x80, 0xff, 0x80, 0x80, 0x80, 0xff, 0x80, 0x80, 0x80, 0xff, 0x80, 0x80, 0x80, 0xff, 0x80, 0x80, 0x80, 0xff, 0x80, 0x80, 0x80, 0xff, 0x80, 0x80, 0x80, 0xff, 
  0x80, 0x80, 0x80, 0xff, 0x80, 0x80, 0x80, 0xfe, 0x82, 0x82, 0x82, 0xfb, 0x80, 0x80, 0x80, 0xfe, 0x80, 0x80, 0x80, 0xff, 0x80, 0x80, 0x80, 0xff, 0x80, 0x80, 0x80, 0xff, 
  0x80, 0x80, 0x80, 0xff, 0x80, 0x80, 0x80, 0xff, 0x80, 0x80, 0x80, 0xff, 0x80, 0x80, 0x80, 0xff, 0x80, 0x80, 0x80, 0xff, 0x80, 0x80, 0x80, 0xff, 0x80, 0x80, 0x80, 0xff, 
  0x80, 0x80, 0x80, 0xff, 0x80, 0x80, 0x80, 0xff, 0x80, 0x80, 0x80, 0xff, 0x80, 0x80, 0x80, 0xff, 0x80, 0x80, 0x80, 0xff, 0x80, 0x80, 0x80, 0xff, 0x80, 0x80, 0x80, 0xff, 
  0x80, 0x80, 0x80, 0xff, 0x80, 0x80, 0x80, 0xff, 0x80, 0x80, 0x80, 0xff, 0x80, 0x80, 0x80, 0xff, 0x80, 0x80, 0x80, 0xff, 0x80, 0x80, 0x80, 0xff, 0x80, 0x80, 0x80, 0xff, 
  0x80, 0x80, 0x80, 0xff, 0x80, 0x80, 0x80, 0xff, 0x80, 0x80, 0x80, 0xff, 0x80, 0x80, 0x80, 0xff, 0x80, 0x80, 0x80, 0xff, 0x80, 0x80, 0x80, 0xff, 0x80, 0x80, 0x80, 0xff, 
  0x80, 0x80, 0x80, 0xff, 0x80, 0x80, 0x80, 0xff, 0x80, 0x80, 0x80, 0xff, 0x80, 0x80, 0x80, 0xff, 0x80, 0x80, 0x80, 0xff, 0x80, 0x80, 0x80, 0xff, 0x80, 0x80, 0x80, 0xff, 
  0x80, 0x80, 0x80, 0xff, 0x80, 0x80, 0x80, 0xff, 0x80, 0x80, 0x80, 0xff, 0x80, 0x80, 0x80, 0xff, 0x80, 0x80, 0x80, 0xff, 0x80, 0x80, 0x80, 0xff, 0x80, 0x80, 0x80, 0xff, 
  0x80, 0x80, 0x80, 0xff, 0x80, 0x80, 0x80, 0xff, 0x80, 0x80, 0x80, 0xff, 0x80, 0x80, 0x80, 0xff, 0x80, 0x80, 0x80, 0xff, 0x80, 0x80, 0x80, 0xff, 0x80, 0x80, 0x80, 0xff, 
  0x80, 0x80, 0x80, 0xff, 0x80, 0x80, 0x80, 0xff, 0x80, 0x80, 0x80, 0xff, 0x80, 0x80, 0x80, 0xff, 0x80, 0x80, 0x80, 0xff, 0x80, 0x80, 0x80, 0xff, 0x80, 0x80, 0x80, 0xff, 
  0x80, 0x80, 0x80, 0xff, 0x80, 0x80, 0x80, 0xff, 0x80, 0x80, 0x80, 0xff, 0x80, 0x80, 0x80, 0xfe, 0x82, 0x82, 0x82, 0xfb, 0x80, 0x80, 0x80, 0xfe, 0x80, 0x80, 0x80, 0xff, 
  0x80, 0x80, 0x80, 0xff, 0x80, 0x80, 0x80, 0xff, 0x80, 0x80, 0x80, 0xff, 0x80, 0x80, 0x80, 0xff, 0x80, 0x80, 0x80, 0xff, 0x80, 0x80, 0x80, 0xff, 0x80, 0x80, 0x80, 0xff, 
  0x80, 0x80, 0x80, 0xff, 0x80, 0x80, 0x80, 0xff, 0x80, 0x80, 0x80, 0xff, 0x80, 0x80, 0x80, 0xff, 0x80, 0x80, 0x80, 0xff, 0x80, 0x80, 0x80, 0xff, 0x80, 0x80, 0x80, 0xff, 
  0x80, 0x80, 0x80, 0xff, 0x80, 0x80, 0x80, 0xff, 0x80, 0x80, 0x80, 0xff, 0x80, 0x80, 0x80, 0xff, 0x80, 0x80, 0x80, 0xff, 0x80, 0x80, 0x80, 0xff, 0x80, 0x80, 0x80, 0xff, 
  0x80, 0x80, 0x80, 0xff, 0x80, 0x80, 0x80, 0xff, 0x80, 0x80, 0x80, 0xff, 0x80, 0x80, 0x80, 0xff, 0x80, 0x80, 0x80, 0xff, 0x80, 0x80, 0x80, 0xff, 0x80, 0x80, 0x80, 0xff, 
  0x80, 0x80, 0x80, 0xff, 0x80, 0x80, 0x80, 0xff, 0x80, 0x80, 0x80, 0xff, 0x80, 0x80, 0x80, 0xff, 0x80, 0x80, 0x80, 0xff, 0x80, 0x80, 0x80, 0xff, 0x80, 0x80, 0x80, 0xff, 
  0x80, 0x80, 0x80, 0xff, 0x80, 0x80, 0x80, 0xff, 0x80, 0x80, 0x80, 0xff, 0x80, 0x80, 0x80, 0xff, 0x80, 0x80, 0x80, 0xff, 0x80, 0x80, 0x80, 0xff, 0x80, 0x80, 0x80, 0xff, 
  0x80, 0x80, 0x80, 0xff, 0x80, 0x80, 0x80, 0xff, 0x80, 0x80, 0x80, 0xff, 0x80, 0x80, 0x80, 0xfe, 0x81, 0x81, 0x81, 0xfd, 0x81, 0x81, 0x81, 0xfd, 0x81, 0x81, 0x81, 0xfd, 
  0x81, 0x81, 0x81, 0xfd, 0x81, 0x81, 0x81, 0xfd, 0x81, 0x81, 0x81, 0xfd, 0x81, 0x81, 0x81, 0xfd, 0x81, 0x81, 0x81, 0xfd, 0x81, 0x81, 0x81, 0xfd, 0x81, 0x81, 0x81, 0xfd, 
  0x81, 0x81, 0x81, 0xfd, 0x81, 0x81, 0x81, 0xfd, 0x81, 0x81, 0x81, 0xfd, 0x81, 0x81, 0x81, 0xfd, 0x81, 0x81, 0x81, 0xfd, 0x81, 0x81, 0x81, 0xfd, 0x81, 0x81, 0x81, 0xfd, 
  0x81, 0x81, 0x81, 0xfd, 0x81, 0x81, 0x81, 0xfd, 0x81, 0x81, 0x81, 0xfd, 0x81, 0x81, 0x81, 0xfd, 0x81, 0x81, 0x81, 0xfd, 0x81, 0x81, 0x81, 0xfd, 0x81, 0x81, 0x81, 0xfd, 
  0x81, 0x81, 0x81, 0xfd, 0x81, 0x81, 0x81, 0xfd, 0x81, 0x81, 0x81, 0xfd, 0x81, 0x81, 0x81, 0xfd, 0x81, 0x81, 0x81, 0xfd, 0x81, 0x81, 0x81, 0xfd, 0x81, 0x81, 0x81, 0xfd, 
  0x81, 0x81, 0x81, 0xfd, 0x81, 0x81, 0x81, 0xfd, 0x81, 0x81, 0x81, 0xfd, 0x81, 0x81, 0x81, 0xfd, 0x81, 0x81, 0x81, 0xfd, 0x81, 0x81, 0x81, 0xfd, 0x81, 0x81, 0x81, 0xfd, 
  0x81, 0x81, 0x81, 0xfd, 0x81, 0x81, 0x81, 0xfd, 0x81, 0x81, 0x81, 0xfd, 0x81, 0x81, 0x81, 0xfd, 0x81, 0x81, 0x81, 0xfd, 0x81, 0x81, 0x81, 0xfd, 0x81, 0x81, 0x81, 0xfd, 
  0x81, 0x81, 0x81, 0xfd, 0x81, 0x81, 0x81, 0xfd, 0x81, 0x81, 0x81, 0xfd, 0x81, 0x81, 0x81, 0xfd, 0x81, 0x81, 0x81, 0xfd, 0x81, 0x81, 0x81, 0xfd, 0x81, 0x81, 0x81, 0xfd, 
  0x81, 0x81, 0x81, 0xfd, 0x81, 0x81, 0x81, 0xfd, 0x81, 0x81, 0x81, 0xfd, 0x81, 0x81, 0x81, 0xfd, 0x81, 0x81, 0x81, 0xfd, 0x81, 0x81, 0x81, 0xfd, 0x81, 0x81, 0x81, 0xfd, 
  0x81, 0x81, 0x81, 0xfd, 0x81, 0x81, 0x81, 0xfd, 0x81, 0x81, 0x81, 0xfd, 0x80, 0x80, 0x80, 0xfe, 0x80, 0x80, 0x80, 0xff, 0x80, 0x80, 0x80, 0xff, 0x80, 0x80, 0x80, 0xff, 
  0x80, 0x80, 0x80, 0xff, 0x80, 0x80, 0x80, 0xff, 0x80, 0x80, 0x80, 0xff, 0x80, 0x80, 0x80, 0xff, 0x80, 0x80, 0x80, 0xff, 0x80, 0x80, 0x80, 0xff, 0x80, 0x80, 0x80, 0xff, 
  0x80, 0x80, 0x80, 0xff, 0x80, 0x80, 0x80, 0xff, 0x80, 0x80, 0x80, 0xff, 0x80, 0x80, 0x80, 0xff, 0x80, 0x80, 0x80, 0xff, 0x80, 0x80, 0x80, 0xff, 0x80, 0x80, 0x80, 0xff, 
  0x80, 0x80, 0x80, 0xff, 0x80, 0x80, 0x80, 0xff, 0x80, 0x80, 0x80, 0xff, 0x80, 0x80, 0x80, 0xff, 0x80, 0x80, 0x80, 0xff, 0x80, 0x80, 0x80, 0xff, 0x80, 0x80, 0x80, 0xff, 
  0x80, 0x80, 0x80, 0xff, 0x80, 0x80, 0x80, 0xff, 0x80, 0x80, 0x80, 0xff, 0x80, 0x80, 0x80, 0xff, 0x80, 0x80, 0x80, 0xff, 0x80, 0x80, 0x80, 0xff, 0x80, 0x80, 0x80, 0xff, 
  0x80, 0x80, 0x80, 0xff, 0x80, 0x80, 0x80, 0xff, 0x80, 0x80, 0x80, 0xff, 0x80, 0x80, 0x80, 0xff, 0x80, 0x80, 0x80, 0xff, 0x80, 0x80, 0x80, 0xff, 0x80, 0x80, 0x80, 0xff, 
  0x80, 0x80, 0x80, 0xff, 0x80, 0x80, 0x80, 0xff, 0x80, 0x80, 0x80, 0xff, 0x80, 0x80, 0x80, 0xff, 0x80, 0x80, 0x80, 0xff, 0x80, 0x80, 0x80, 0xff, 0x80, 0x80, 0x80, 0xff, 
  0x80, 0x80, 0x80, 0xff, 0x80, 0x80, 0x80, 0xff, 0x80, 0x80, 0x80, 0xff, 0x80, 0x80, 0x80, 0xff, 0x80, 0x80, 0x80, 0xff, 0x80, 0x80, 0x80, 0xff, 0x80, 0x80, 0x80, 0xff, 
  0x80, 0x80, 0x80, 0xff, 0x80, 0x80, 0x80, 0xff, 0x80, 0x80, 0x80, 0xff, 0x80, 0x80, 0x80, 0xff, 0x80, 0x80, 0x80, 0xff, 0x80, 0x80, 0x80, 0xff, 0x80, 0x80, 0x80, 0xff, 
  0x80, 0x80, 0x80, 0xff, 0x80, 0x80, 0x80, 0xff, 0x80, 0x80, 0x80, 0xff, 0x80, 0x80, 0x80, 0xff, 0x80, 0x80, 0x80, 0xff, 0x80, 0x80, 0x80, 0xff, 0x80, 0x80, 0x80, 0xff, 
  0x80, 0x80, 0x80, 0xff, 0x80, 0x80, 0x80, 0xff, 0x80, 0x80, 0x80, 0xff, 0x80, 0x80, 0x80, 0xff, 0x80, 0x80, 0x80, 0xff, 0x80, 0x80, 0x80, 0xff, 0x80, 0x80, 0x80, 0xff, 
  0x80, 0x80, 0x80, 0xff, 0x80, 0x80, 0x80, 0xff, 0x80, 0x80, 0x80, 0xff, 0x80, 0x80, 0x80, 0xff, 0x80, 0x80, 0x80, 0xff, 0x80, 0x80, 0x80, 0xff, 0x80, 0x80, 0x80, 0xff, 
  0x80, 0x80, 0x80, 0xff, 0x80, 0x80, 0x80, 0xff, 0x80, 0x80, 0x80, 0xff, 0x80, 0x80, 0x80, 0xff, 0x80, 0x80, 0x80, 0xff, 0x80, 0x80, 0x80, 0xff, 0x80, 0x80, 0x80, 0xff, 
  0x80, 0x80, 0x80, 0xff, 0x80, 0x80, 0x80, 0xff, 0x80, 0x80, 0x80, 0xff, 0x80, 0x80, 0x80, 0xff, 0x80, 0x80, 0x80, 0xff, 0x80, 0x80, 0x80, 0xff, 0x80, 0x80, 0x80, 0xff, 
  0x80, 0x80, 0x80, 0xff, 0x80, 0x80, 0x80, 0xff, 0x80, 0x80, 0x80, 0xff, 0x80, 0x80, 0x80, 0xff, 0x80, 0x80, 0x80, 0xff, 0x80, 0x80, 0x80, 0xff, 0x80, 0x80, 0x80, 0xff, 
  0x80, 0x80, 0x80, 0xff, 0x80, 0x80, 0x80, 0xff, 0x80, 0x80, 0x80, 0xff, 0x80, 0x80, 0x80, 0xff, 0x80, 0x80, 0x80, 0xff, 0x80, 0x80, 0x80, 0xff, 0x80, 0x80, 0x80, 0xff, 
  0x80, 0x80, 0x80, 0xff, 0x80, 0x80, 0x80, 0xff, 0x80, 0x80, 0x80, 0xff, 0x80, 0x80, 0x80, 0xff, 0x80, 0x80, 0x80, 0xff, 0x80, 0x80, 0x80, 0xff, 0x80, 0x80, 0x80, 0xff, 
  0x80, 0x80, 0x80, 0xff, 0x80, 0x80, 0x80, 0xff, 0x80, 0x80, 0x80, 0xff, 0x80, 0x80, 0x80, 0xff, 0x80, 0x80, 0x80, 0xff, 0x80, 0x80, 0x80, 0xff, 0x80, 0x80, 0x80, 0xff, 
  0x80, 0x80, 0x80, 0xff, 0x80, 0x80, 0x80, 0xff, 0x80, 0x80, 0x80, 0xff, 0x80, 0x80, 0x80, 0xff, 0x80, 0x80, 0x80, 0xff, 0x80, 0x80, 0x80, 0xff, 0x80, 0x80, 0x80, 0xff, 
  0x80, 0x80, 0x80, 0xff, 0x80, 0x80, 0x80, 0xff, 0x80, 0x80, 0x80, 0xff, 0x80, 0x80, 0x80, 0xff, 0x80, 0x80, 0x80, 0xff, 0x80, 0x80, 0x80, 0xff, 0x80, 0x80, 0x80, 0xff, 
  0x80, 0x80, 0x80, 0xff, 0x80, 0x80, 0x80, 0xff, 0x80, 0x80, 0x80, 0xff, 0x80, 0x80, 0x80, 0xff, 0x80, 0x80, 0x80, 0xff, 0x80, 0x80, 0x80, 0xff, 0x80, 0x80, 0x80, 0xff, 
  0x80, 0x80, 0x80, 0xff, 0x80, 0x80, 0x80, 0xff, 0x80, 0x80, 0x80, 0xff, 0x80, 0x80, 0x80, 0xff, 0x80, 0x80, 0x80, 0xff, 0x80, 0x80, 0x80, 0xff, 0x80, 0x80, 0x80, 0xff, 
  0x80, 0x80, 0x80, 0xff, 0x80, 0x80, 0x80, 0xff, 0x80, 0x80, 0x80, 0xff, 0x80, 0x80, 0x80, 0xff, 0x80, 0x80, 0x80, 0xff, 0x80, 0x80, 0x80, 0xff, 0x80, 0x80, 0x80, 0xff, 
  0x80, 0x80, 0x80, 0xff, 0x80, 0x80, 0x80, 0xff, 0x80, 0x80, 0x80, 0xff, 0x80, 0x80, 0x80, 0xff, 0x80, 0x80, 0x80, 0xff, 0x80, 0x80, 0x80, 0xff, 0x80, 0x80, 0x80, 0xff, 
  0x80, 0x80, 0x80, 0xff, 0x80, 0x80, 0x80, 0xff, 0x80, 0x80, 0x80, 0xff, 0x80, 0x80, 0x80, 0xff, 0x80, 0x80, 0x80, 0xff, 0x80, 0x80, 0x80, 0xff, 0x80, 0x80, 0x80, 0xff, 
  0x80, 0x80, 0x80, 0xff, 0x80, 0x80, 0x80, 0xff, 0x80, 0x80, 0x80, 0xff, 0x80, 0x80, 0x80, 0xff, 0x80, 0x80, 0x80, 0xff, 0x80, 0x80, 0x80, 0xff, 0x80, 0x80, 0x80, 0xff, 
  0x80, 0x80, 0x80, 0xff, 0x80, 0x80, 0x80, 0xff, 0x80, 0x80, 0x80, 0xff, 0x80, 0x80, 0x80, 0xff, 0x80, 0x80, 0x80, 0xff, 0x80, 0x80, 0x80, 0xff, 0x80, 0x80, 0x80, 0xff, 
  0x80, 0x80, 0x80, 0xff, 0x80, 0x80, 0x80, 0xff, 0x80, 0x80, 0x80, 0xff, 0x80, 0x80, 0x80, 0xff, 0x80, 0x80, 0x80, 0xff, 0x80, 0x80, 0x80, 0xff, 0x80, 0x80, 0x80, 0xff, 
  0x80, 0x80, 0x80, 0xff, 0x80, 0x80, 0x80, 0xff, 0x80, 0x80, 0x80, 0xff, 0x80, 0x80, 0x80, 0xff, 0x80, 0x80, 0x80, 0xff, 0x80, 0x80, 0x80, 0xff, 0x80, 0x80, 0x80, 0xff, 
  0x80, 0x80, 0x80, 0xff, 0x80, 0x80, 0x80, 0xff, 0x80, 0x80, 0x80, 0xff, 0x80, 0x80, 0x80, 0xff, 0x80, 0x80, 0x80, 0xff, 0x80, 0x80, 0x80, 0xff, 0x80, 0x80, 0x80, 0xff, 
  0x80, 0x80, 0x80, 0xff, 0x80, 0x80, 0x80, 0xff, 0x80, 0x80, 0x80, 0xff, 0x80, 0x80, 0x80, 0xff, 0x80, 0x80, 0x80, 0xff, 0x80, 0x80, 0x80, 0xff, 0x80, 0x80, 0x80, 0xff, 
  0x80, 0x80, 0x80, 0xff, 0x80, 0x80, 0x80, 0xff, 0x80, 0x80, 0x80, 0xff, 0x80, 0x80, 0x80, 0xff, 0x80, 0x80, 0x80, 0xff, 0x80, 0x80, 0x80, 0xff, 0x80, 0x80, 0x80, 0xff, 
  0x80, 0x80, 0x80, 0xff, 0x80, 0x80, 0x80, 0xff, 0x80, 0x80, 0x80, 0xff, 0x80, 0x80, 0x80, 0xff, 0x80, 0x80, 0x80, 0xff, 0x80, 0x80, 0x80, 0xff, 0x80, 0x80, 0x80, 0xff, 
  0x80, 0x80, 0x80, 0xff, 0x80, 0x80, 0x80, 0xff, 0x80, 0x80, 0x80, 0xff, 0x80, 0x80, 0x80, 0xff, 0x80, 0x80, 0x80, 0xff, 0x80, 0x80, 0x80, 0xff, 0x80, 0x80, 0x80, 0xff, 
  0x80, 0x80, 0x80, 0xff, 0x80, 0x80, 0x80, 0xff, 0x80, 0x80, 0x80, 0xff, 0x80, 0x80, 0x80, 0xff, 0x80, 0x80, 0x80, 0xff, 0x80, 0x80, 0x80, 0xff, 0x80, 0x80, 0x80, 0xff, 
  0x80, 0x80, 0x80, 0xff, 0x80, 0x80, 0x80, 0xff, 0x80, 0x80, 0x80, 0xff, 0x80, 0x80, 0x80, 0xff, 0x80, 0x80, 0x80, 0xff, 0x80, 0x80, 0x80, 0xff, 0x80, 0x80, 0x80, 0xff, 
  0x80, 0x80, 0x80, 0xff, 0x80, 0x80, 0x80, 0xff, 0x80, 0x80, 0x80, 0xff, 0x80, 0x80, 0x80, 0xff, 0x80, 0x80, 0x80, 0xff, 0x80, 0x80, 0x80, 0xff, 0x80, 0x80, 0x80, 0xff, 
  0x80, 0x80, 0x80, 0xff, 0x80, 0x80, 0x80, 0xff, 0x80, 0x80, 0x80, 0xff, 0x80, 0x80, 0x80, 0xff, 0x80, 0x80, 0x80, 0xff, 0x80, 0x80, 0x80, 0xff, 0x80, 0x80, 0x80, 0xff, 
  0x80, 0x80, 0x80, 0xff, 0x80, 0x80, 0x80, 0xff, 0x80, 0x80, 0x80, 0xff, 0x80, 0x80, 0x80, 0xff, 0x80, 0x80, 0x80, 0xff, 0x80, 0x80, 0x80, 0xff, 0x80, 0x80, 0x80, 0xff, 
  0x80, 0x80, 0x80, 0xff, 0x80, 0x80, 0x80, 0xff, 0x80, 0x80, 0x80, 0xff, 0x80, 0x80, 0x80, 0xff, 0x80, 0x80, 0x80, 0xff, 0x80, 0x80, 0x80, 0xff, 0x80, 0x80, 0x80, 0xff, 
  0x80, 0x80, 0x80, 0xff, 0x80, 0x80, 0x80, 0xff, 0x80, 0x80, 0x80, 0xff, 0x80, 0x80, 0x80, 0xff, 0x80, 0x80, 0x80, 0xff, 0x80, 0x80, 0x80, 0xff, 0x80, 0x80, 0x80, 0xff, 
  0x80, 0x80, 0x80, 0xff, 0x80, 0x80, 0x80, 0xff, 0x80, 0x80, 0x80, 0xff, 0x80, 0x80, 0x80, 0xff, 0x80, 0x80, 0x80, 0xff, 0x80, 0x80, 0x80, 0xff, 0x80, 0x80, 0x80, 0xff, 
  0x80, 0x80, 0x80, 0xff, 0x80, 0x80, 0x80, 0xff, 0x80, 0x80, 0x80, 0xff, 0x80, 0x80, 0x80, 0xff, 0x80, 0x80, 0x80, 0xff, 0x80, 0x80, 0x80, 0xff, 0x80, 0x80, 0x80, 0xff, 
  0x80, 0x80, 0x80, 0xff, 0x80, 0x80, 0x80, 0xff, 0x80, 0x80, 0x80, 0xff, 0x80, 0x80, 0x80, 0xff, 0x80, 0x80, 0x80, 0xff, 0x80, 0x80, 0x80, 0xff, 0x80, 0x80, 0x80, 0xff, 
  0x80, 0x80, 0x80, 0xff, 0x80, 0x80, 0x80, 0xff, 0x80, 0x80, 0x80, 0xff, 0x80, 0x80, 0x80, 0xff, 0x80, 0x80, 0x80, 0xff, 0x80, 0x80, 0x80, 0xff, 0x80, 0x80, 0x80, 0xff, 
  0x80, 0x80, 0x80, 0xff, 0x80, 0x80, 0x80, 0xff, 0x80, 0x80, 0x80, 0xff, 0x80, 0x80, 0x80, 0xff, 0x80, 0x80, 0x80, 0xff, 0x80, 0x80, 0x80, 0xff, 0x80, 0x80, 0x80, 0xff, 
  0x80, 0x80, 0x80, 0xff, 0x80, 0x80, 0x80, 0xff, 0x80, 0x80, 0x80, 0xff, 0x80, 0x80, 0x80, 0xff, 0x80, 0x80, 0x80, 0xff, 0x80, 0x80, 0x80, 0xff, 0x80, 0x80, 0x80, 0xff, 
  0x80, 0x80, 0x80, 0xff, 0x80, 0x80, 0x80, 0xff, 0x80, 0x80, 0x80, 0xff, 0x80, 0x80, 0x80, 0xff, 0x80, 0x80, 0x80, 0xff, 0x80, 0x80, 0x80, 0xff, 0x80, 0x80, 0x80, 0xff, 
  0x80, 0x80, 0x80, 0xff, 0x80, 0x80, 0x80, 0xff, 0x80, 0x80, 0x80, 0xff, 0x80, 0x80, 0x80, 0xff, 0x80, 0x80, 0x80, 0xff, 0x80, 0x80, 0x80, 0xff, 0x80, 0x80, 0x80, 0xff, 
  0x80, 0x80, 0x80, 0xff, 0x80, 0x80, 0x80, 0xff, 0x80, 0x80, 0x80, 0xff, 0x80, 0x80, 0x80, 0xff, 0x80, 0x80, 0x80, 0xff, 0x80, 0x80, 0x80, 0xff, 0x80, 0x80, 0x80, 0xff, 
  0x80, 0x80, 0x80, 0xff, 0x80, 0x80, 0x80, 0xff, 0x80, 0x80, 0x80, 0xff, 0x80, 0x80, 0x80, 0xff, 0x80, 0x80, 0x80, 0xff, 0x80, 0x80, 0x80, 0xff, 0x80, 0x80, 0x80, 0xff, 
  0x80, 0x80, 0x80, 0xff, 0x80, 0x80, 0x80, 0xff, 0x80, 0x80, 0x80, 0xff, 0x80, 0x80, 0x80, 0xff, 0x80, 0x80, 0x80, 0xff, 0x80, 0x80, 0x80, 0xff, 0x80, 0x80, 0x80, 0xff, 
  0x80, 0x80, 0x80, 0xff, 0x80, 0x80, 0x80, 0xff, 0x80, 0x80, 0x80, 0xff, 0x80, 0x80, 0x80, 0xff, 0x80, 0x80, 0x80, 0xff, 0x80, 0x80, 0x80, 0xff, 0x80, 0x80, 0x80, 0xff, 
  0x80, 0x80, 0x80, 0xff, 0x80, 0x80, 0x80, 0xff, 0x80, 0x80, 0x80, 0xff, 0x80, 0x80, 0x80, 0xff, 0x80, 0x80, 0x80, 0xff, 0x80, 0x80, 0x80, 0xff, 0x80, 0x80, 0x80, 0xff, 
  0x80, 0x80, 0x80, 0xff, 0x80, 0x80, 0x80, 0xff, 0x80, 0x80, 0x80, 0xff, 0x80, 0x80, 0x80, 0xff, 0x80, 0x80, 0x80, 0xff, 0x80, 0x80, 0x80, 0xff, 0x80, 0x80, 0x80, 0xff, 
  0x80, 0x80, 0x80, 0xff, 0x80, 0x80, 0x80, 0xff, 0x80, 0x80, 0x80, 0xff, 0x80, 0x80, 0x80, 0xff, 0x80, 0x80, 0x80, 0xff, 0x80, 0x80, 0x80, 0xff, 0x80, 0x80, 0x80, 0xff, 
  0x80, 0x80, 0x80, 0xff, 0x80, 0x80, 0x80, 0xff, 0x80, 0x80, 0x80, 0xff, 0x80, 0x80, 0x80, 0xff, 0x80, 0x80, 0x80, 0xff, 0x80, 0x80, 0x80, 0xff, 0x80, 0x80, 0x80, 0xff, 
  0x80, 0x80, 0x80, 0xff, 0x80, 0x80, 0x80, 0xff, 0x80, 0x80, 0x80, 0xff, 0x80, 0x80, 0x80, 0xff, 0x80, 0x80, 0x80, 0xff, 0x80, 0x80, 0x80, 0xff, 0x80, 0x80, 0x80, 0xff, 
  0x80, 0x80, 0x80, 0xff, 0x80, 0x80, 0x80, 0xff, 0x80, 0x80, 0x80, 0xff, 0x80, 0x80, 0x80, 0xff, 0x80, 0x80, 0x80, 0xff, 0x80, 0x80, 0x80, 0xff, 0x80, 0x80, 0x80, 0xff, 
  0x80, 0x80, 0x80, 0xff, 0x80, 0x80, 0x80, 0xff, 0x80, 0x80, 0x80, 0xff, 0x80, 0x80, 0x80, 0xff, 0x80, 0x80, 0x80, 0xff, 0x80, 0x80, 0x80, 0xff, 0x80, 0x80, 0x80, 0xff, 
  0x80, 0x80, 0x80, 0xff, 0x80, 0x80, 0x80, 0xff, 0x80, 0x80, 0x80, 0xff, 0x80, 0x80, 0x80, 0xff, 0x80, 0x80, 0x80, 0xff, 0x80, 0x80, 0x80, 0xff, 0x80, 0x80, 0x80, 0xff, 
  0x80, 0x80, 0x80, 0xff, 0x80, 0x80, 0x80, 0xff, 0x80, 0x80, 0x80, 0xff, 0x80, 0x80, 0x80, 0xff, 0x80, 0x80, 0x80, 0xff, 0x80, 0x80, 0x80, 0xff, 0x80, 0x80, 0x80, 0xff, 
  0x80, 0x80, 0x80, 0xff, 0x80, 0x80, 0x80, 0xff, 0x80, 0x80, 0x80, 0xff, 0x80, 0x80, 0x80, 0xff, 0x80, 0x80, 0x80, 0xff, 0x80, 0x80, 0x80, 0xff, 0x80, 0x80, 0x80, 0xff, 
  0x80, 0x80, 0x80, 0xff, 0x80, 0x80, 0x80, 0xff, 0x80, 0x80, 0x80, 0xff, 0x80, 0x80, 0x80, 0xff, 0x80, 0x80, 0x80, 0xff, 0x80, 0x80, 0x80, 0xff, 0x80, 0x80, 0x80, 0xff, 
  0x80, 0x80, 0x80, 0xff, 0x80, 0x80, 0x80, 0xff, 0x80, 0x80, 0x80, 0xff, 0x80, 0x80, 0x80, 0xff, 0x80, 0x80, 0x80, 0xff, 0x80, 0x80, 0x80, 0xff, 0x80, 0x80, 0x80, 0xff, 
  0x80, 0x80, 0x80, 0xff, 0x80, 0x80, 0x80, 0xff, 0x80, 0x80, 0x80, 0xff, 0x80, 0x80, 0x80, 0xff, 0x80, 0x80, 0x80, 0xff, 0x80, 0x80, 0x80, 0xff, 0x80, 0x80, 0x80, 0xff, 
  0x80, 0x80, 0x80, 0xff, 0x80, 0x80, 0x80, 0xff, 0x80, 0x80, 0x80, 0xff, 0x80, 0x80, 0x80, 0xff, 0x80, 0x80, 0x80, 0xff, 0x80, 0x80, 0x80, 0xff, 0x80, 0x80, 0x80, 0xff, 
  0x80, 0x80, 0x80, 0xff, 0x80, 0x80, 0x80, 0xff, 0x80, 0x80, 0x80, 0xff, 0x80, 0x80, 0x80, 0xff, 0x80, 0x80, 0x80, 0xff, 0x80, 0x80, 0x80, 0xff, 0x80, 0x80, 0x80, 0xff, 
  0x80, 0x80, 0x80, 0xff, 0x80, 0x80, 0x80, 0xff, 0x80, 0x80, 0x80, 0xff, 0x80, 0x80, 0x80, 0xff, 0x80, 0x80, 0x80, 0xff, 0x80, 0x80, 0x80, 0xff, 0x80, 0x80, 0x80, 0xff, 
  0x80, 0x80, 0x80, 0xff, 0x80, 0x80, 0x80, 0xff, 0x80, 0x80, 0x80, 0xff, 0x80, 0x80, 0x80, 0xff, 0x80, 0x80, 0x80, 0xff, 0x80, 0x80, 0x80, 0xff, 0x80, 0x80, 0x80, 0xff, 
  0x80, 0x80, 0x80, 0xff, 0x80, 0x80, 0x80, 0xff, 0x80, 0x80, 0x80, 0xff, 0x80, 0x80, 0x80, 0xff, 0x80, 0x80, 0x80, 0xff, 0x80, 0x80, 0x80, 0xff, 0x80, 0x80, 0x80, 0xff, 
  0x80, 0x80, 0x80, 0xff, 0x80, 0x80, 0x80, 0xff, 0x80, 0x80, 0x80, 0xff, 0x80, 0x80, 0x80, 0xff, 0x80, 0x80, 0x80, 0xff, 0x80, 0x80, 0x80, 0xff, 0x80, 0x80, 0x80, 0xff, 
  0x80, 0x80, 0x80, 0xff, 0x80, 0x80, 0x80, 0xff, 0x80, 0x80, 0x80, 0xff, 0x80, 0x80, 0x80, 0xff, 0x80, 0x80, 0x80, 0xff, 0x80, 0x80, 0x80, 0xff, 0x80, 0x80, 0x80, 0xff, 
  0x80, 0x80, 0x80, 0xff, 0x80, 0x80, 0x80, 0xff, 0x80, 0x80, 0x80, 0xff, 0x80, 0x80, 0x80, 0xff, 0x80, 0x80, 0x80, 0xff, 0x80, 0x80, 0x80, 0xff, 0x80, 0x80, 0x80, 0xff, 
  0x80, 0x80, 0x80, 0xff, 0x80, 0x80, 0x80, 0xff, 0x80, 0x80, 0x80, 0xff, 0x80, 0x80, 0x80, 0xff, 0x80, 0x80, 0x80, 0xff, 0x80, 0x80, 0x80, 0xff, 0x80, 0x80, 0x80, 0xff, 
  0x80, 0x80, 0x80, 0xff, 0x80, 0x80, 0x80, 0xff, 0x80, 0x80, 0x80, 0xff, 0x80, 0x80, 0x80, 0xff, 0x80, 0x80, 0x80, 0xff, 0x80, 0x80, 0x80, 0xff, 0x80, 0x80, 0x80, 0xff, 
  0x80, 0x80, 0x80, 0xff, 0x80, 0x80, 0x80, 0xff, 0x80, 0x80, 0x80, 0xff, 0x80, 0x80, 0x80, 0xff, 0x80, 0x80, 0x80, 0xff, 0x80, 0x80, 0x80, 0xff, 0x80, 0x80, 0x80, 0xff, 
  0x80, 0x80, 0x80, 0xff, 0x80, 0x80, 0x80, 0xff, 0x80, 0x80, 0x80, 0xff, 0x80, 0x80, 0x80, 0xff, 0x80, 0x80, 0x80, 0xff, 0x80, 0x80, 0x80, 0xff, 0x80, 0x80, 0x80, 0xff, 
  0x80, 0x80, 0x80, 0xff, 0x80, 0x80, 0x80, 0xff, 0x80, 0x80, 0x80, 0xff, 0x80, 0x80, 0x80, 0xff, 0x80, 0x80, 0x80, 0xff, 0x80, 0x80, 0x80, 0xff, 0x80, 0x80, 0x80, 0xff, 
  0x80, 0x80, 0x80, 0xff, 0x80, 0x80, 0x80, 0xff, 0x80, 0x80, 0x80, 0xff, 0x80, 0x80, 0x80, 0xff, 0x80, 0x80, 0x80, 0xff, 0x80, 0x80, 0x80, 0xff, 0x80, 0x80, 0x80, 0xff, 
  0x80, 0x80, 0x80, 0xff, 0x80, 0x80, 0x80, 0xff, 0x80, 0x80, 0x80, 0xff, 0x80, 0x80, 0x80, 0xff, 0x80, 0x80, 0x80, 0xff, 0x80, 0x80, 0x80, 0xff, 0x80, 0x80, 0x80, 0xff, 
  0x80, 0x80, 0x80, 0xff, 0x80, 0x80, 0x80, 0xff, 0x80, 0x80, 0x80, 0xff, 0x80, 0x80, 0x80, 0xff, 0x80, 0x80, 0x80, 0xff, 0x80, 0x80, 0x80, 0xff, 0x80, 0x80, 0x80, 0xff, 
  0x80, 0x80, 0x80, 0xff, 0x80, 0x80, 0x80, 0xff, 0x80, 0x80, 0x80, 0xff, 0x80, 0x80, 0x80, 0xff, 0x80, 0x80, 0x80, 0xff, 0x80, 0x80, 0x80, 0xff, 0x80, 0x80, 0x80, 0xff, 
  0x80, 0x80, 0x80, 0xff, 0x80, 0x80, 0x80, 0xff, 0x80, 0x80, 0x80, 0xff, 0x80, 0x80, 0x80, 0xff, 0x80, 0x80, 0x80, 0xff, 0x80, 0x80, 0x80, 0xff, 0x80, 0x80, 0x80, 0xff, 
  0x80, 0x80, 0x80, 0xff, 0x80, 0x80, 0x80, 0xff, 0x80, 0x80, 0x80, 0xff, 0x80, 0x80, 0x80, 0xff, 0x80, 0x80, 0x80, 0xff, 0x80, 0x80, 0x80, 0xff, 0x80, 0x80, 0x80, 0xff, 
  0x80, 0x80, 0x80, 0xff, 0x80, 0x80, 0x80, 0xff, 0x80, 0x80, 0x80, 0xff, 0x80, 0x80, 0x80, 0xff, 0x80, 0x80, 0x80, 0xff, 0x80, 0x80, 0x80, 0xff, 0x80, 0x80, 0x80, 0xff, 
  0x80, 0x80, 0x80, 0xff, 0x80, 0x80, 0x80, 0xff, 0x80, 0x80, 0x80, 0xff, 0x80, 0x80, 0x80, 0xff, 0x80, 0x80, 0x80, 0xff, 0x80, 0x80, 0x80, 0xff, 0x80, 0x80, 0x80, 0xff, 
  0x80, 0x80, 0x80, 0xff, 0x80, 0x80, 0x80, 0xff, 0x80, 0x80, 0x80, 0xff, 0x80, 0x80, 0x80, 0xff, 0x80, 0x80, 0x80, 0xff, 0x80, 0x80, 0x80, 0xff, 0x80, 0x80, 0x80, 0xff, 
  0x80, 0x80, 0x80, 0xff, 0x80, 0x80, 0x80, 0xff, 0x80, 0x80, 0x80, 0xff, 0x80, 0x80, 0x80, 0xff, 0x80, 0x80, 0x80, 0xff, 0x80, 0x80, 0x80, 0xff, 0x80, 0x80, 0x80, 0xff, 
  0x80, 0x80, 0x80, 0xff, 0x80, 0x80, 0x80, 0xff, 0x80, 0x80, 0x80, 0xff, 0x80, 0x80, 0x80, 0xff, 0x80, 0x80, 0x80, 0xff, 0x80, 0x80, 0x80, 0xff, 0x80, 0x80, 0x80, 0xff, 
  0x80, 0x80, 0x80, 0xff, 0x80, 0x80, 0x80, 0xff, 0x80, 0x80, 0x80, 0xff, 0x80, 0x80, 0x80, 0xff, 0x80, 0x80, 0x80, 0xff, 0x80, 0x80, 0x80, 0xff, 0x80, 0x80, 0x80, 0xff, 
  0x80, 0x80, 0x80, 0xff, 0x80, 0x80, 0x80, 0xff, 0x80, 0x80, 0x80, 0xff, 0x80, 0x80, 0x80, 0xff, 0x80, 0x80, 0x80, 0xff, 0x80, 0x80, 0x80, 0xff, 0x80, 0x80, 0x80, 0xff, 
  0x80, 0x80, 0x80, 0xff, 0x80, 0x80, 0x80, 0xff, 0x80, 0x80, 0x80, 0xff, 0x80, 0x80, 0x80, 0xff, 0x80, 0x80, 0x80, 0xff, 0x80, 0x80, 0x80, 0xff, 0x80, 0x80, 0x80, 0xff, 
  0x80, 0x80, 0x80, 0xff, 0x80, 0x80, 0x80, 0xff, 0x80, 0x80, 0x80, 0xff, 0x80, 0x80, 0x80, 0xff, 0x80, 0x80, 0x80, 0xff, 0x80, 0x80, 0x80, 0xff, 0x80, 0x80, 0x80, 0xff, 
  0x80, 0x80, 0x80, 0xff, 0x80, 0x80, 0x80, 0xff, 0x80, 0x80, 0x80, 0xff, 0x80, 0x80, 0x80, 0xff, 0x80, 0x80, 0x80, 0xff, 0x80, 0x80, 0x80, 0xff, 0x80, 0x80, 0x80, 0xff, 
  0x80, 0x80, 0x80, 0xff, 0x80, 0x80, 0x80, 0xff, 0x80, 0x80, 0x80, 0xff, 0x80, 0x80, 0x80, 0xff, 0x80, 0x80, 0x80, 0xff, 0x80, 0x80, 0x80, 0xff, 0x80, 0x80, 0x80, 0xff, 
  0x80, 0x80, 0x80, 0xff, 0x80, 0x80, 0x80, 0xff, 0x80, 0x80, 0x80, 0xff, 0x80, 0x80, 0x80, 0xff, 0x80, 0x80, 0x80, 0xff, 0x80, 0x80, 0x80, 0xff, 0x80, 0x80, 0x80, 0xff, 
  0x80, 0x80, 0x80, 0xff, 0x80, 0x80, 0x80, 0xff, 0x80, 0x80, 0x80, 0xff, 0x80, 0x80, 0x80, 0xff, 0x80, 0x80, 0x80, 0xff, 0x80, 0x80, 0x80, 0xff, 0x80, 0x80, 0x80, 0xff, 
  0x80, 0x80, 0x80, 0xff, 0x80, 0x80, 0x80, 0xff, 0x80, 0x80, 0x80, 0xff, 0x80, 0x80, 0x80, 0xff, 0x80, 0x80, 0x80, 0xff, 0x80, 0x80, 0x80, 0xff, 0x80, 0x80, 0x80, 0xff, 
  0x80, 0x80, 0x80, 0xff, 0x80, 0x80, 0x80, 0xff, 0x80, 0x80, 0x80, 0xff, 0x80, 0x80, 0x80, 0xff, 0x80, 0x80, 0x80, 0xff, 0x80, 0x80, 0x80, 0xff, 0x80, 0x80, 0x80, 0xff, 
  0x80, 0x80, 0x80, 0xff, 0x80, 0x80, 0x80, 0xff, 0x80, 0x80, 0x80, 0xff, 0x80, 0x80, 0x80, 0xff, 0x80, 0x80, 0x80, 0xff, 0x80, 0x80, 0x80, 0xff, 0x80, 0x80, 0x80, 0xff, 
  0x80, 0x80, 0x80, 0xff, 0x80, 0x80, 0x80, 0xff, 0x80, 0x80, 0x80, 0xff, 0x80, 0x80, 0x80, 0xff, 0x80, 0x80, 0x80, 0xff, 0x80, 0x80, 0x80, 0xff, 0x80, 0x80, 0x80, 0xff, 
  0x80, 0x80, 0x80, 0xff, 0x80, 0x80, 0x80, 0xff, 0x80, 0x80, 0x80, 0xff, 0x80, 0x80, 0x80, 0xff, 0x80, 0x80, 0x80, 0xff, 0x80, 0x80, 0x80, 0xff, 0x80, 0x80, 0x80, 0xff, 
  0x80, 0x80, 0x80, 0xff, 0x80, 0x80, 0x80, 0xff, 0x80, 0x80, 0x80, 0xff, 0x80, 0x80, 0x80, 0xff, 0x80, 0x80, 0x80, 0xff, 0x80, 0x80, 0x80, 0xff, 0x80, 0x80, 0x80, 0xff, 
  0x80, 0x80, 0x80, 0xff, 0x80, 0x80, 0x80, 0xff, 0x80, 0x80, 0x80, 0xff, 0x80, 0x80, 0x80, 0xff, 0x80, 0x80, 0x80, 0xff, 0x80, 0x80, 0x80, 0xff, 0x80, 0x80, 0x80, 0xff, 
  0x80, 0x80, 0x80, 0xff, 0x80, 0x80, 0x80, 0xff, 0x80, 0x80, 0x80, 0xff, 0x80, 0x80, 0x80, 0xff, 0x80, 0x80, 0x80, 0xff, 0x80, 0x80, 0x80, 0xff, 0x80, 0x80, 0x80, 0xff, 
  0x80, 0x80, 0x80, 0xff, 0x80, 0x80, 0x80, 0xff, 0x80, 0x80, 0x80, 0xff, 0x80, 0x80, 0x80, 0xff, 0x80, 0x80, 0x80, 0xff, 0x80, 0x80, 0x80, 0xff, 0x80, 0x80, 0x80, 0xff, 
  0x80, 0x80, 0x80, 0xff, 0x80, 0x80, 0x80, 0xff, 0x80, 0x80, 0x80, 0xff, 0x80, 0x80, 0x80, 0xff, 0x80, 0x80, 0x80, 0xff, 0x80, 0x80, 0x80, 0xff, 0x80, 0x80, 0x80, 0xff, 
  0x80, 0x80, 0x80, 0xff, 0x80, 0x80, 0x80, 0xff, 0x80, 0x80, 0x80, 0xff, 0x80, 0x80, 0x80, 0xff, 0x80, 0x80, 0x80, 0xff, 0x80, 0x80, 0x80, 0xff, 0x80, 0x80, 0x80, 0xff, 
  0x80, 0x80, 0x80, 0xff, 0x80, 0x80, 0x80, 0xff, 0x80, 0x80, 0x80, 0xff, 0x80, 0x80, 0x80, 0xff, 0x80, 0x80, 0x80, 0xff, 0x80, 0x80, 0x80, 0xff, 0x80, 0x80, 0x80, 0xff, 
  0x80, 0x80, 0x80, 0xff, 0x80, 0x80, 0x80, 0xff, 0x80, 0x80, 0x80, 0xff, 0x80, 0x80, 0x80, 0xff, 0x80, 0x80, 0x80, 0xff, 0x80, 0x80, 0x80, 0xff, 0x80, 0x80, 0x80, 0xff, 
  0x80, 0x80, 0x80, 0xff, 0x80, 0x80, 0x80, 0xff, 0x80, 0x80, 0x80, 0xff, 0x80, 0x80, 0x80, 0xff, 0x80, 0x80, 0x80, 0xff, 0x80, 0x80, 0x80, 0xff, 0x80, 0x80, 0x80, 0xff, 
  0x80, 0x80, 0x80, 0xff, 0x80, 0x80, 0x80, 0xff, 0x80, 0x80, 0x80, 0xff, 0x80, 0x80, 0x80, 0xff, 0x80, 0x80, 0x80, 0xff, 0x80, 0x80, 0x80, 0xff, 0x80, 0x80, 0x80, 0xff, 
  0x80, 0x80, 0x80, 0xff, 0x80, 0x80, 0x80, 0xff, 0x80, 0x80, 0x80, 0xff, 0x80, 0x80, 0x80, 0xff, 0x80, 0x80, 0x80, 0xff, 0x80, 0x80, 0x80, 0xff, 0x80, 0x80, 0x80, 0xff, 
  0x80, 0x80, 0x80, 0xff, 0x80, 0x80, 0x80, 0xff, 0x80, 0x80, 0x80, 0xff, 0x80, 0x80, 0x80, 0xff, 0x80, 0x80, 0x80, 0xff, 0x80, 0x80, 0x80, 0xff, 0x80, 0x80, 0x80, 0xff, 
  0x80, 0x80, 0x80, 0xff, 0x80, 0x80, 0x80, 0xff, 0x80, 0x80, 0x80, 0xff, 0x80, 0x80, 0x80, 0xff, 0x80, 0x80, 0x80, 0xff, 0x80, 0x80, 0x80, 0xff, 0x80, 0x80, 0x80, 0xff, 
  0x80, 0x80, 0x80, 0xff, 0x80, 0x80, 0x80, 0xff, 0x80, 0x80, 0x80, 0xff, 0x80, 0x80, 0x80, 0xff, 0x80, 0x80, 0x80, 0xff, 0x80, 0x80, 0x80, 0xff, 0x80, 0x80, 0x80, 0xff, 
  0x80, 0x80, 0x80, 0xff, 0x80, 0x80, 0x80, 0xff, 0x80, 0x80, 0x80, 0xff, 0x80, 0x80, 0x80, 0xff, 0x80, 0x80, 0x80, 0xff, 0x80, 0x80, 0x80, 0xff, 0x80, 0x80, 0x80, 0xff, 
  0x80, 0x80, 0x80, 0xff, 0x80, 0x80, 0x80, 0xff, 0x80, 0x80, 0x80, 0xff, 0x80, 0x80, 0x80, 0xff, 0x80, 0x80, 0x80, 0xff, 0x80, 0x80, 0x80, 0xff, 0x80, 0x80, 0x80, 0xff, 
  0x80, 0x80, 0x80, 0xff, 0x80, 0x80, 0x80, 0xff, 0x80, 0x80, 0x80, 0xff, 0x80, 0x80, 0x80, 0xff, 0x80, 0x80, 0x80, 0xff, 0x80, 0x80, 0x80, 0xff, 0x80, 0x80, 0x80, 0xff, 
  0x80, 0x80, 0x80, 0xff, 0x80, 0x80, 0x80, 0xff, 0x80, 0x80, 0x80, 0xff, 0x80, 0x80, 0x80, 0xff, 0x80, 0x80, 0x80, 0xff, 0x80, 0x80, 0x80, 0xff, 0x80, 0x80, 0x80, 0xff, 
  0x80, 0x80, 0x80, 0xff, 0x80, 0x80, 0x80, 0xff, 0x80, 0x80, 0x80, 0xff, 0x80, 0x80, 0x80, 0xff, 0x80, 0x80, 0x80, 0xff, 0x80, 0x80, 0x80, 0xff, 0x80, 0x80, 0x80, 0xff, 
  0x80, 0x80, 0x80, 0xff, 0x80, 0x80, 0x80, 0xff, 0x80, 0x80, 0x80, 0xff, 0x80, 0x80, 0x80, 0xff, 0x80, 0x80, 0x80, 0xff, 0x80, 0x80, 0x80, 0xff, 0x80, 0x80, 0x80, 0xff, 
  0x80, 0x80, 0x80, 0xff, 0x80, 0x80, 0x80, 0xff, 0x80, 0x80, 0x80, 0xff, 0x80, 0x80, 0x80, 0xff, 0x80, 0x80, 0x80, 0xff, 0x80, 0x80, 0x80, 0xff, 0x80, 0x80, 0x80, 0xff, 
  0x80, 0x80, 0x80, 0xff, 0x80, 0x80, 0x80, 0xff, 0x80, 0x80, 0x80, 0xff, 0x80, 0x80, 0x80, 0xff, 0x80, 0x80, 0x80, 0xff, 0x80, 0x80, 0x80, 0xff, 0x80, 0x80, 0x80, 0xff, 
  0x80, 0x80, 0x80, 0xff, 0x80, 0x80, 0x80, 0xff, 0x80, 0x80, 0x80, 0xff, 0x80, 0x80, 0x80, 0xff, 0x80, 0x80, 0x80, 0xff, 0x80, 0x80, 0x80, 0xff, 0x80, 0x80, 0x80, 0xff, 
  0x80, 0x80, 0x80, 0xff, 0x80, 0x80, 0x80, 0xff, 0x80, 0x80, 0x80, 0xff, 0x80, 0x80, 0x80, 0xff, 0x80, 0x80, 0x80, 0xff, 0x80, 0x80, 0x80, 0xff, 0x80, 0x80, 0x80, 0xff, 
  0x80, 0x80, 0x80, 0xff, 0x80, 0x80, 0x80, 0xff, 0x80, 0x80, 0x80, 0xff, 0x80, 0x80, 0x80, 0xff, 0x80, 0x80, 0x80, 0xff, 0x80, 0x80, 0x80, 0xff, 0x80, 0x80, 0x80, 0xff, 
  0x80, 0x80, 0x80, 0xff, 0x80, 0x80, 0x80, 0xff, 0x80, 0x80, 0x80, 0xff, 0x80, 0x80, 0x80, 0xff, 0x80, 0x80, 0x80, 0xff, 0x80, 0x80, 0x80, 0xff, 0x80, 0x80, 0x80, 0xff, 
  0x80, 0x80, 0x80, 0xff, 0x80, 0x80, 0x80, 0xff, 0x80, 0x80, 0x80, 0xff, 0x80, 0x80, 0x80, 0xff, 0x80, 0x80, 0x80, 0xff, 0x80, 0x80, 0x80, 0xff, 0x80, 0x80, 0x80, 0xff, 
  0x80, 0x80, 0x80, 0xff, 0x80, 0x80, 0x80, 0xff, 0x80, 0x80, 0x80, 0xff, 0x80, 0x80, 0x80, 0xff, 0x80, 0x80, 0x80, 0xff, 0x80, 0x80, 0x80, 0xff, 0x80, 0x80, 0x80, 0xff, 
  0x80, 0x80, 0x80, 0xff, 0x80, 0x80, 0x80, 0xff, 0x80, 0x80, 0x80, 0xff, 0x80, 0x80, 0x80, 0xff, 0x80, 0x80, 0x80, 0xff, 0x80, 0x80, 0x80, 0xff, 0x80, 0x80, 0x80, 0xff, 
  0x80, 0x80, 0x80, 0xff, 0x80, 0x80, 0x80, 0xff, 0x80, 0x80, 0x80, 0xff, 0x80, 0x80, 0x80, 0xff, 0x80, 0x80, 0x80, 0xff, 0x80, 0x80, 0x80, 0xff, 0x80, 0x80, 0x80, 0xff, 
  0x80, 0x80, 0x80, 0xff, 0x80, 0x80, 0x80, 0xff, 0x80, 0x80, 0x80, 0xff, 0x80, 0x80, 0x80, 0xff, 0x80, 0x80, 0x80, 0xff, 0x80, 0x80, 0x80, 0xff, 0x80, 0x80, 0x80, 0xff, 
  0x80, 0x80, 0x80, 0xff, 0x80, 0x80, 0x80, 0xff, 0x80, 0x80, 0x80, 0xff, 0x80, 0x80, 0x80, 0xff, 0x80, 0x80, 0x80, 0xff, 0x80, 0x80, 0x80, 0xff, 0x80, 0x80, 0x80, 0xff, 
  0x80, 0x80, 0x80, 0xff, 0x80, 0x80, 0x80, 0xff, 0x80, 0x80, 0x80, 0xff, 0x80, 0x80, 0x80, 0xff, 0x80, 0x80, 0x80, 0xff, 0x80, 0x80, 0x80, 0xff, 0x80, 0x80, 0x80, 0xff, 
  0x80, 0x80, 0x80, 0xff, 0x80, 0x80, 0x80, 0xff, 0x80, 0x80, 0x80, 0xff, 0x80, 0x80, 0x80, 0xff, 0x80, 0x80, 0x80, 0xff, 0x80, 0x80, 0x80, 0xff, 0x80, 0x80, 0x80, 0xff, 
  0x80, 0x80, 0x80, 0xff, 0x80, 0x80, 0x80, 0xff, 0x80, 0x80, 0x80, 0xff, 0x80, 0x80, 0x80, 0xff, 0x80, 0x80, 0x80, 0xff, 0x80, 0x80, 0x80, 0xff, 0x80, 0x80, 0x80, 0xff, 
  0x80, 0x80, 0x80, 0xff, 0x80, 0x80, 0x80, 0xff, 0x80, 0x80, 0x80, 0xff, 0x80, 0x80, 0x80, 0xff, 0x80, 0x80, 0x80, 0xff, 0x80, 0x80, 0x80, 0xff, 0x80, 0x80, 0x80, 0xff, 
  0x80, 0x80, 0x80, 0xff, 0x80, 0x80, 0x80, 0xff, 0x80, 0x80, 0x80, 0xff, 0x80, 0x80, 0x80, 0xff, 0x80, 0x80, 0x80, 0xff, 0x80, 0x80, 0x80, 0xff, 0x80, 0x80, 0x80, 0xff, 
  0x80, 0x80, 0x80, 0xff, 0x80, 0x80, 0x80, 0xff, 0x80, 0x80, 0x80, 0xff, 0x80, 0x80, 0x80, 0xff, 0x80, 0x80, 0x80, 0xff, 0x80, 0x80, 0x80, 0xff, 0x80, 0x80, 0x80, 0xff, 
  0x80, 0x80, 0x80, 0xff, 0x80, 0x80, 0x80, 0xff, 0x80, 0x80, 0x80, 0xff, 0x80, 0x80, 0x80, 0xff, 0x80, 0x80, 0x80, 0xff, 0x80, 0x80, 0x80, 0xff, 0x80, 0x80, 0x80, 0xff, 
  0x80, 0x80, 0x80, 0xff, 0x80, 0x80, 0x80, 0xff, 0x80, 0x80, 0x80, 0xff, 0x80, 0x80, 0x80, 0xff, 0x80, 0x80, 0x80, 0xff, 0x80, 0x80, 0x80, 0xff, 0x80, 0x80, 0x80, 0xff, 
  0x80, 0x80, 0x80, 0xff, 0x80, 0x80, 0x80, 0xff, 0x80, 0x80, 0x80, 0xff, 0x80, 0x80, 0x80, 0xff, 0x80, 0x80, 0x80, 0xff, 0x80, 0x80, 0x80, 0xff, 0x80, 0x80, 0x80, 0xff, 
  0x80, 0x80, 0x80, 0xff, 0x80, 0x80, 0x80, 0xff, 0x80, 0x80, 0x80, 0xff, 0x80, 0x80, 0x80, 0xff, 0x80, 0x80, 0x80, 0xff, 0x80, 0x80, 0x80, 0xff, 0x80, 0x80, 0x80, 0xff, 
  0x80, 0x80, 0x80, 0xff, 0x80, 0x80, 0x80, 0xff, 0x80, 0x80, 0x80, 0xff, 0x80, 0x80, 0x80, 0xff, 0x80, 0x80, 0x80, 0xff, 0x80, 0x80, 0x80, 0xff, 0x80, 0x80, 0x80, 0xff, 
  0x80, 0x80, 0x80, 0xff, 0x80, 0x80, 0x80, 0xff, 0x80, 0x80, 0x80, 0xff, 0x80, 0x80, 0x80, 0xff, 0x80, 0x80, 0x80, 0xff, 0x80, 0x80, 0x80, 0xff, 0x80, 0x80, 0x80, 0xff, 
  0x80, 0x80, 0x80, 0xff, 0x80, 0x80, 0x80, 0xff, 0x80, 0x80, 0x80, 0xff, 0x80, 0x80, 0x80, 0xff, 0x80, 0x80, 0x80, 0xff, 0x80, 0x80, 0x80, 0xff, 0x80, 0x80, 0x80, 0xff, 
  0x80, 0x80, 0x80, 0xff, 0x80, 0x80, 0x80, 0xff, 0x80, 0x80, 0x80, 0xff, 0x80, 0x80, 0x80, 0xff, 0x80, 0x80, 0x80, 0xff, 0x80, 0x80, 0x80, 0xff, 0x80, 0x80, 0x80, 0xff, 
  0x80, 0x80, 0x80, 0xff, 0x80, 0x80, 0x80, 0xff, 0x80, 0x80, 0x80, 0xff, 0x80, 0x80, 0x80, 0xff, 0x80, 0x80, 0x80, 0xff, 0x80, 0x80, 0x80, 0xff, 0x80, 0x80, 0x80, 0xff, 
  0x80, 0x80, 0x80, 0xff, 0x80, 0x80, 0x80, 0xff, 0x80, 0x80, 0x80, 0xff, 0x80, 0x80, 0x80, 0xff, 0x80, 0x80, 0x80, 0xff, 0x80, 0x80, 0x80, 0xff, 0x80, 0x80, 0x80, 0xff, 
  0x80, 0x80, 0x80, 0xff, 0x80, 0x80, 0x80, 0xff, 0x80, 0x80, 0x80, 0xff, 0x80, 0x80, 0x80, 0xff, 0x80, 0x80, 0x80, 0xff, 0x80, 0x80, 0x80, 0xff, 0x80, 0x80, 0x80, 0xff, 
  0x80, 0x80, 0x80, 0xff, 0x80, 0x80, 0x80, 0xff, 0x80, 0x80, 0x80, 0xff, 0x80, 0x80, 0x80, 0xff, 0x80, 0x80, 0x80, 0xff, 0x80, 0x80, 0x80, 0xff, 0x80, 0x80, 0x80, 0xff, 
  0x80, 0x80, 0x80, 0xff, 0x80, 0x80, 0x80, 0xff, 0x80, 0x80, 0x80, 0xff, 0x80, 0x80, 0x80, 0xff, 0x80, 0x80, 0x80, 0xff, 0x80, 0x80, 0x80, 0xff, 0x80, 0x80, 0x80, 0xff, 
  0x80, 0x80, 0x80, 0xff, 0x80, 0x80, 0x80, 0xff, 0x80, 0x80, 0x80, 0xff, 0x80, 0x80, 0x80, 0xff, 0x80, 0x80, 0x80, 0xff, 0x80, 0x80, 0x80, 0xff, 0x80, 0x80, 0x80, 0xff, 
  0x80, 0x80, 0x80, 0xff, 0x80, 0x80, 0x80, 0xff, 0x80, 0x80, 0x80, 0xff, 0x80, 0x80, 0x80, 0xff, 0x80, 0x80, 0x80, 0xff, 0x80, 0x80, 0x80, 0xff, 0x80, 0x80, 0x80, 0xff, 
  0x80, 0x80, 0x80, 0xff, 0x80, 0x80, 0x80, 0xff, 0x80, 0x80, 0x80, 0xff, 0x80, 0x80, 0x80, 0xff, 0x80, 0x80, 0x80, 0xff, 0x80, 0x80, 0x80, 0xff, 0x80, 0x80, 0x80, 0xff, 
  0x80, 0x80, 0x80, 0xff, 0x80, 0x80, 0x80, 0xff, 0x80, 0x80, 0x80, 0xff, 0x80, 0x80, 0x80, 0xff, 0x80, 0x80, 0x80, 0xff, 0x80, 0x80, 0x80, 0xff, 0x80, 0x80, 0x80, 0xff, 
  0x80, 0x80, 0x80, 0xff, 0x80, 0x80, 0x80, 0xff, 0x80, 0x80, 0x80, 0xff, 0x80, 0x80, 0x80, 0xff, 0x80, 0x80, 0x80, 0xff, 0x80, 0x80, 0x80, 0xff, 0x80, 0x80, 0x80, 0xff, 
  0x80, 0x80, 0x80, 0xff, 0x80, 0x80, 0x80, 0xff, 0x80, 0x80, 0x80, 0xff, 0x80, 0x80, 0x80, 0xff, 0x80, 0x80, 0x80, 0xff, 0x80, 0x80, 0x80, 0xff, 0x80, 0x80, 0x80, 0xff, 
  0x80, 0x80, 0x80, 0xff, 0x80, 0x80, 0x80, 0xff, 0x80, 0x80, 0x80, 0xff, 0x80, 0x80, 0x80, 0xff, 0x80, 0x80, 0x80, 0xff, 0x80, 0x80, 0x80, 0xff, 0x80, 0x80, 0x80, 0xff, 
  0x80, 0x80, 0x80, 0xff, 0x80, 0x80, 0x80, 0xff, 0x80, 0x80, 0x80, 0xff, 0x80, 0x80, 0x80, 0xff, 0x80, 0x80, 0x80, 0xff, 0x80, 0x80, 0x80, 0xff, 0x80, 0x80, 0x80, 0xff, 
  0x80, 0x80, 0x80, 0xff, 0x80, 0x80, 0x80, 0xff, 0x80, 0x80, 0x80, 0xff, 0x80, 0x80, 0x80, 0xff, 0x80, 0x80, 0x80, 0xff, 0x80, 0x80, 0x80, 0xff, 0x80, 0x80, 0x80, 0xff, 
  0x80, 0x80, 0x80, 0xff, 0x80, 0x80, 0x80, 0xff, 0x80, 0x80, 0x80, 0xff, 0x80, 0x80, 0x80, 0xff, 0x80, 0x80, 0x80, 0xff, 0x80, 0x80, 0x80, 0xff, 0x80, 0x80, 0x80, 0xff, 
  0x80, 0x80, 0x80, 0xff, 0x80, 0x80, 0x80, 0xff, 0x80, 0x80, 0x80, 0xff, 0x80, 0x80, 0x80, 0xff, 0x80, 0x80, 0x80, 0xff, 0x80, 0x80, 0x80, 0xff, 0x80, 0x80, 0x80, 0xff, 
  0x80, 0x80, 0x80, 0xff, 0x80, 0x80, 0x80, 0xff, 0x80, 0x80, 0x80, 0xff, 0x80, 0x80, 0x80, 0xff, 0x80, 0x80, 0x80, 0xff, 0x80, 0x80, 0x80, 0xff, 0x80, 0x80, 0x80, 0xff, 
  0x80, 0x80, 0x80, 0xff, 0x80, 0x80, 0x80, 0xff, 0x80, 0x80, 0x80, 0xff, 0x80, 0x80, 0x80, 0xff, 0x80, 0x80, 0x80, 0xff, 0x80, 0x80, 0x80, 0xff, 0x80, 0x80, 0x80, 0xff, 
  0x80, 0x80, 0x80, 0xff, 0x80, 0x80, 0x80, 0xff, 0x80, 0x80, 0x80, 0xff, 0x80, 0x80, 0x80, 0xff, 0x80, 0x80, 0x80, 0xff, 0x80, 0x80, 0x80, 0xff, 0x80, 0x80, 0x80, 0xff, 
  0x80, 0x80, 0x80, 0xff, 0x80, 0x80, 0x80, 0xff, 0x80, 0x80, 0x80, 0xff, 0x80, 0x80, 0x80, 0xff, 0x80, 0x80, 0x80, 0xff, 0x80, 0x80, 0x80, 0xff, 0x80, 0x80, 0x80, 0xff, 
  0x80, 0x80, 0x80, 0xff, 0x80, 0x80, 0x80, 0xff, 0x80, 0x80, 0x80, 0xff, 0x80, 0x80, 0x80, 0xff, 0x80, 0x80, 0x80, 0xff, 0x80, 0x80, 0x80, 0xff, 0x80, 0x80, 0x80, 0xff, 
  0x80, 0x80, 0x80, 0xff, 0x80, 0x80, 0x80, 0xff, 0x80, 0x80, 0x80, 0xff, 0x80, 0x80, 0x80, 0xff, 0x80, 0x80, 0x80, 0xff, 0x80, 0x80, 0x80, 0xff, 0x80, 0x80, 0x80, 0xff, 
  0x80, 0x80, 0x80, 0xff, 0x80, 0x80, 0x80, 0xff, 0x80, 0x80, 0x80, 0xff, 0x80, 0x80, 0x80, 0xff, 0x80, 0x80, 0x80, 0xff, 0x80, 0x80, 0x80, 0xff, 0x80, 0x80, 0x80, 0xff, 
  0x80, 0x80, 0x80, 0xff, 0x80, 0x80, 0x80, 0xff, 0x80, 0x80, 0x80, 0xff, 0x80, 0x80, 0x80, 0xff, 0x80, 0x80, 0x80, 0xff, 0x80, 0x80, 0x80, 0xff, 0x80, 0x80, 0x80, 0xff, 
  0x80, 0x80, 0x80, 0xff, 0x80, 0x80, 0x80, 0xff, 0x80, 0x80, 0x80, 0xff, 0x80, 0x80, 0x80, 0xff, 0x80, 0x80, 0x80, 0xff, 0x80, 0x80, 0x80, 0xff, 0x80, 0x80, 0x80, 0xff, 
  0x80, 0x80, 0x80, 0xff, 0x80, 0x80, 0x80, 0xff, 0x80, 0x80, 0x80, 0xff, 0x80, 0x80, 0x80, 0xff, 0x80, 0x80, 0x80, 0xff, 0x80, 0x80, 0x80, 0xff, 0x80, 0x80, 0x80, 0xff, 
  0x80, 0x80, 0x80, 0xff, 0x80, 0x80, 0x80, 0xff, 0x80, 0x80, 0x80, 0xff, 0x80, 0x80, 0x80, 0xff, 0x80, 0x80, 0x80, 0xff, 0x80, 0x80, 0x80, 0xff, 0x80, 0x80, 0x80, 0xff, 
  0x80, 0x80, 0x80, 0xff, 0x80, 0x80, 0x80, 0xff, 0x80, 0x80, 0x80, 0xff, 0x80, 0x80, 0x80, 0xff, 0x80, 0x80, 0x80, 0xff, 0x80, 0x80, 0x80, 0xff, 0x80, 0x80, 0x80, 0xff, 
  0x80, 0x80, 0x80, 0xff, 0x80, 0x80, 0x80, 0xff, 0x80, 0x80, 0x80, 0xff, 0x80, 0x80, 0x80, 0xff, 0x80, 0x80, 0x80, 0xff, 0x80, 0x80, 0x80, 0xff, 0x80, 0x80, 0x80, 0xff, 
  0x80, 0x80, 0x80, 0xff, 0x80, 0x80, 0x80, 0xff, 0x80, 0x80, 0x80, 0xff, 0x80, 0x80, 0x80, 0xff, 0x80, 0x80, 0x80, 0xff, 0x80, 0x80, 0x80, 0xff, 0x80, 0x80, 0x80, 0xff, 
  0x80, 0x80, 0x80, 0xff, 0x80, 0x80, 0x80, 0xff, 0x80, 0x80, 0x80, 0xff, 0x80, 0x80, 0x80, 0xff, 0x80, 0x80, 0x80, 0xff, 0x80, 0x80, 0x80, 0xff, 0x80, 0x80, 0x80, 0xff, 
  0x80, 0x80, 0x80, 0xff, 0x80, 0x80, 0x80, 0xff, 0x80, 0x80, 0x80, 0xff, 0x80, 0x80, 0x80, 0xff, 0x80, 0x80, 0x80, 0xff, 0x80, 0x80, 0x80, 0xff, 0x80, 0x80, 0x80, 0xff, 
  0x80, 0x80, 0x80, 0xff, 0x80, 0x80, 0x80, 0xff, 0x80, 0x80, 0x80, 0xff, 0x80, 0x80, 0x80, 0xff, 0x80, 0x80, 0x80, 0xff, 0x80, 0x80, 0x80, 0xff, 0x80, 0x80, 0x80, 0xff, 
  0x80, 0x80, 0x80, 0xff, 0x80, 0x80, 0x80, 0xff, 0x80, 0x80, 0x80, 0xff, 0x80, 0x80, 0x80, 0xff, 0x80, 0x80, 0x80, 0xff, 0x80, 0x80, 0x80, 0xff, 0x80, 0x80, 0x80, 0xff, 
  0x80, 0x80, 0x80, 0xff, 0x80, 0x80, 0x80, 0xff, 0x80, 0x80, 0x80, 0xff, 0x80, 0x80, 0x80, 0xff, 0x80, 0x80, 0x80, 0xff, 0x80, 0x80, 0x80, 0xff, 0x80, 0x80, 0x80, 0xff, 
  0x80, 0x80, 0x80, 0xff, 0x80, 0x80, 0x80, 0xff, 0x80, 0x80, 0x80, 0xff, 0x80, 0x80, 0x80, 0xff, 0x80, 0x80, 0x80, 0xff, 0x80, 0x80, 0x80, 0xff, 0x80, 0x80, 0x80, 0xff, 
  0x80, 0x80, 0x80, 0xff, 0x80, 0x80, 0x80, 0xff, 0x80, 0x80, 0x80, 0xff, 0x80, 0x80, 0x80, 0xff, 0x80, 0x80, 0x80, 0xff, 0x80, 0x80, 0x80, 0xff, 0x80, 0x80, 0x80, 0xff, 
  0x80, 0x80, 0x80, 0xff, 0x80, 0x80, 0x80, 0xff, 0x80, 0x80, 0x80, 0xff, 0x80, 0x80, 0x80, 0xff, 0x80, 0x80, 0x80, 0xff, 0x80, 0x80, 0x80, 0xff, 0x80, 0x80, 0x80, 0xff, 
  0x80, 0x80, 0x80, 0xff, 0x80, 0x80, 0x80, 0xff, 0x80, 0x80, 0x80, 0xff, 0x80, 0x80, 0x80, 0xff, 0x80, 0x80, 0x80, 0xff, 0x80, 0x80, 0x80, 0xff, 0x80, 0x80, 0x80, 0xff, 
  0x80, 0x80, 0x80, 0xff, 0x80, 0x80, 0x80, 0xff, 0x80, 0x80, 0x80, 0xff, 0x80, 0x80, 0x80, 0xff, 0x80, 0x80, 0x80, 0xff, 0x80, 0x80, 0x80, 0xff, 0x80, 0x80, 0x80, 0xff, 
  0x80, 0x80, 0x80, 0xff, 0x80, 0x80, 0x80, 0xff, 0x80, 0x80, 0x80, 0xff, 0x80, 0x80, 0x80, 0xff, 0x80, 0x80, 0x80, 0xff, 0x80, 0x80, 0x80, 0xff, 0x80, 0x80, 0x80, 0xff, 
  0x80, 0x80, 0x80, 0xff, 0x80, 0x80, 0x80, 0xff, 0x80, 0x80, 0x80, 0xff, 0x80, 0x80, 0x80, 0xff, 0x80, 0x80, 0x80, 0xff, 0x80, 0x80, 0x80, 0xff, 0x80, 0x80, 0x80, 0xff, 
  0x80, 0x80, 0x80, 0xff, 0x80, 0x80, 0x80, 0xff, 0x80, 0x80, 0x80, 0xff, 0x80, 0x80, 0x80, 0xff, 0x80, 0x80, 0x80, 0xff, 0x80, 0x80, 0x80, 0xff, 0x80, 0x80, 0x80, 0xff, 
  0x80, 0x80, 0x80, 0xff, 0x80, 0x80, 0x80, 0xff, 0x80, 0x80, 0x80, 0xff, 0x80, 0x80, 0x80, 0xff, 0x80, 0x80, 0x80, 0xff, 0x80, 0x80, 0x80, 0xff, 0x80, 0x80, 0x80, 0xff, 
  0x80, 0x80, 0x80, 0xff, 0x80, 0x80, 0x80, 0xff, 0x80, 0x80, 0x80, 0xff, 0x80, 0x80, 0x80, 0xff, 0x80, 0x80, 0x80, 0xff, 0x80, 0x80, 0x80, 0xff, 0x80, 0x80, 0x80, 0xff, 
  0x80, 0x80, 0x80, 0xff, 0x80, 0x80, 0x80, 0xff, 0x80, 0x80, 0x80, 0xff, 0x80, 0x80, 0x80, 0xff, 0x80, 0x80, 0x80, 0xff, 0x80, 0x80, 0x80, 0xff, 0x80, 0x80, 0x80, 0xff, 
  0x80, 0x80, 0x80, 0xff, 0x80, 0x80, 0x80, 0xff, 0x80, 0x80, 0x80, 0xff, 0x80, 0x80, 0x80, 0xff, 0x80, 0x80, 0x80, 0xff, 0x80, 0x80, 0x80, 0xff, 0x80, 0x80, 0x80, 0xff, 
  0x80, 0x80, 0x80, 0xff, 0x80, 0x80, 0x80, 0xff, 0x80, 0x80, 0x80, 0xff, 0x80, 0x80, 0x80, 0xff, 0x80, 0x80, 0x80, 0xff, 0x80, 0x80, 0x80, 0xff, 0x80, 0x80, 0x80, 0xff, 
  0x80, 0x80, 0x80, 0xff, 0x80, 0x80, 0x80, 0xff, 0x80, 0x80, 0x80, 0xff, 0x80, 0x80, 0x80, 0xff, 0x80, 0x80, 0x80, 0xff, 0x80, 0x80, 0x80, 0xff, 0x80, 0x80, 0x80, 0xff, 
  0x80, 0x80, 0x80, 0xff, 0x80, 0x80, 0x80, 0xff, 0x80, 0x80, 0x80, 0xff, 0x80, 0x80, 0x80, 0xff, 0x80, 0x80, 0x80, 0xff, 0x80, 0x80, 0x80, 0xff, 0x80, 0x80, 0x80, 0xff, 
  0x80, 0x80, 0x80, 0xff, 0x80, 0x80, 0x80, 0xff, 0x80, 0x80, 0x80, 0xff, 0x80, 0x80, 0x80, 0xff, 0x80, 0x80, 0x80, 0xff, 0x80, 0x80, 0x80, 0xff, 0x80, 0x80, 0x80, 0xff, 
  0x80, 0x80, 0x80, 0xff, 0x80, 0x80, 0x80, 0xff, 0x80, 0x80, 0x80, 0xff, 0x80, 0x80, 0x80, 0xff, 0x80, 0x80, 0x80, 0xff, 0x80, 0x80, 0x80, 0xff, 0x80, 0x80, 0x80, 0xff, 
  0x80, 0x80, 0x80, 0xff, 0x80, 0x80, 0x80, 0xff, 0x80, 0x80, 0x80, 0xff, 0x80, 0x80, 0x80, 0xff, 0x80, 0x80, 0x80, 0xff, 0x80, 0x80, 0x80, 0xff, 0x80, 0x80, 0x80, 0xff, 
  0x80, 0x80, 0x80, 0xff, 0x80, 0x80, 0x80, 0xff, 0x80, 0x80, 0x80, 0xff, 0x80, 0x80, 0x80, 0xff, 0x80, 0x80, 0x80, 0xff, 0x80, 0x80, 0x80, 0xff, 0x80, 0x80, 0x80, 0xff, 
  0x80, 0x80, 0x80, 0xff, 0x80, 0x80, 0x80, 0xff, 0x80, 0x80, 0x80, 0xff, 0x80, 0x80, 0x80, 0xff, 0x80, 0x80, 0x80, 0xff, 0x80, 0x80, 0x80, 0xff, 0x80, 0x80, 0x80, 0xff, 
  0x80, 0x80, 0x80, 0xff, 0x80, 0x80, 0x80, 0xff, 0x80, 0x80, 0x80, 0xff, 0x80, 0x80, 0x80, 0xff, 0x80, 0x80, 0x80, 0xff, 0x80, 0x80, 0x80, 0xff, 0x80, 0x80, 0x80, 0xff, 
  0x80, 0x80, 0x80, 0xff, 0x80, 0x80, 0x80, 0xff, 0x80, 0x80, 0x80, 0xff, 0x80, 0x80, 0x80, 0xff, 0x80, 0x80, 0x80, 0xff, 0x80, 0x80, 0x80, 0xff, 0x80, 0x80, 0x80, 0xff, 
  0x80, 0x80, 0x80, 0xff, 0x80, 0x80, 0x80, 0xff, 0x80, 0x80, 0x80, 0xff, 0x80, 0x80, 0x80, 0xff, 0x80, 0x80, 0x80, 0xff, 0x80, 0x80, 0x80, 0xff, 0x80, 0x80, 0x80, 0xff, 
  0x80, 0x80, 0x80, 0xff, 0x80, 0x80, 0x80, 0xff, 0x80, 0x80, 0x80, 0xff, 0x80, 0x80, 0x80, 0xff, 0x80, 0x80, 0x80, 0xff, 0x80, 0x80, 0x80, 0xff, 0x80, 0x80, 0x80, 0xff, 
  0x80, 0x80, 0x80, 0xff, 0x80, 0x80, 0x80, 0xff, 0x80, 0x80, 0x80, 0xff, 0x80, 0x80, 0x80, 0xff, 0x80, 0x80, 0x80, 0xff, 0x80, 0x80, 0x80, 0xff, 0x80, 0x80, 0x80, 0xff, 
  0x80, 0x80, 0x80, 0xff, 0x80, 0x80, 0x80, 0xff, 0x80, 0x80, 0x80, 0xff, 0x80, 0x80, 0x80, 0xff, 0x80, 0x80, 0x80, 0xff, 0x80, 0x80, 0x80, 0xff, 0x80, 0x80, 0x80, 0xff, 
  0x80, 0x80, 0x80, 0xff, 0x80, 0x80, 0x80, 0xff, 0x80, 0x80, 0x80, 0xff, 0x80, 0x80, 0x80, 0xff, 0x80, 0x80, 0x80, 0xff, 0x80, 0x80, 0x80, 0xff, 0x80, 0x80, 0x80, 0xff, 
  0x80, 0x80, 0x80, 0xff, 0x80, 0x80, 0x80, 0xff, 0x80, 0x80, 0x80, 0xff, 0x80, 0x80, 0x80, 0xff, 0x80, 0x80, 0x80, 0xff, 0x80, 0x80, 0x80, 0xff, 0x80, 0x80, 0x80, 0xff, 
  0x80, 0x80, 0x80, 0xff, 0x80, 0x80, 0x80, 0xff, 0x80, 0x80, 0x80, 0xff, 0x80, 0x80, 0x80, 0xff, 0x80, 0x80, 0x80, 0xff, 0x80, 0x80, 0x80, 0xff, 0x80, 0x80, 0x80, 0xff, 
  0x80, 0x80, 0x80, 0xff, 0x80, 0x80, 0x80, 0xff, 0x80, 0x80, 0x80, 0xff, 0x80, 0x80, 0x80, 0xff, 0x80, 0x80, 0x80, 0xff, 0x80, 0x80, 0x80, 0xff, 0x80, 0x80, 0x80, 0xff, 
  0x80, 0x80, 0x80, 0xff, 0x80, 0x80, 0x80, 0xff, 0x80, 0x80, 0x80, 0xff, 0x80, 0x80, 0x80, 0xff, 0x80, 0x80, 0x80, 0xff, 0x80, 0x80, 0x80, 0xff, 0x80, 0x80, 0x80, 0xff, 
  0x80, 0x80, 0x80, 0xff, 0x80, 0x80, 0x80, 0xff, 0x80, 0x80, 0x80, 0xff, 0x80, 0x80, 0x80, 0xff, 0x80, 0x80, 0x80, 0xff, 0x80, 0x80, 0x80, 0xff, 0x80, 0x80, 0x80, 0xff, 
  0x80, 0x80, 0x80, 0xff, 0x80, 0x80, 0x80, 0xff, 0x80, 0x80, 0x80, 0xff, 0x80, 0x80, 0x80, 0xff, 0x80, 0x80, 0x80, 0xff, 0x80, 0x80, 0x80, 0xff, 0x80, 0x80, 0x80, 0xff, 
  0x80, 0x80, 0x80, 0xff, 0x80, 0x80, 0x80, 0xff, 0x80, 0x80, 0x80, 0xff, 0x80, 0x80, 0x80, 0xff, 0x80, 0x80, 0x80, 0xff, 0x80, 0x80, 0x80, 0xff, 0x80, 0x80, 0x80, 0xff, 
  0x80, 0x80, 0x80, 0xff, 0x80, 0x80, 0x80, 0xff, 0x80, 0x80, 0x80, 0xff, 0x80, 0x80, 0x80, 0xff, 0x80, 0x80, 0x80, 0xff, 0x80, 0x80, 0x80, 0xff, 0x80, 0x80, 0x80, 0xff, 
  0x80, 0x80, 0x80, 0xff, 0x80, 0x80, 0x80, 0xff, 0x80, 0x80, 0x80, 0xff, 0x80, 0x80, 0x80, 0xff, 0x80, 0x80, 0x80, 0xff, 0x80, 0x80, 0x80, 0xff, 0x80, 0x80, 0x80, 0xff, 
  0x80, 0x80, 0x80, 0xff, 0x80, 0x80, 0x80, 0xff, 0x80, 0x80, 0x80, 0xff, 0x80, 0x80, 0x80, 0xff, 0x80, 0x80, 0x80, 0xff, 0x80, 0x80, 0x80, 0xff, 0x80, 0x80, 0x80, 0xff, 
  0x80, 0x80, 0x80, 0xff, 0x80, 0x80, 0x80, 0xff, 0x80, 0x80, 0x80, 0xff, 0x80, 0x80, 0x80, 0xff, 0x80, 0x80, 0x80, 0xff, 0x80, 0x80, 0x80, 0xff, 0x80, 0x80, 0x80, 0xff, 
  0x80, 0x80, 0x80, 0xff, 0x80, 0x80, 0x80, 0xff, 0x80, 0x80, 0x80, 0xff, 0x80, 0x80, 0x80, 0xff, 0x80, 0x80, 0x80, 0xff, 0x80, 0x80, 0x80, 0xff, 0x80, 0x80, 0x80, 0xff, 
  0x80, 0x80, 0x80, 0xff, 0x80, 0x80, 0x80, 0xff, 0x80, 0x80, 0x80, 0xff, 0x80, 0x80, 0x80, 0xff, 0x80, 0x80, 0x80, 0xff, 0x80, 0x80, 0x80, 0xff, 0x80, 0x80, 0x80, 0xff, 
  0x80, 0x80, 0x80, 0xff, 0x80, 0x80, 0x80, 0xff, 0x80, 0x80, 0x80, 0xff, 0x80, 0x80, 0x80, 0xff, 0x80, 0x80, 0x80, 0xff, 0x80, 0x80, 0x80, 0xff, 0x80, 0x80, 0x80, 0xff, 
  0x80, 0x80, 0x80, 0xff, 0x80, 0x80, 0x80, 0xff, 0x80, 0x80, 0x80, 0xff, 0x80, 0x80, 0x80, 0xff, 0x80, 0x80, 0x80, 0xff, 0x80, 0x80, 0x80, 0xff, 0x80, 0x80, 0x80, 0xff, 
  0x80, 0x80, 0x80, 0xff, 0x80, 0x80, 0x80, 0xff, 0x80, 0x80, 0x80, 0xff, 0x80, 0x80, 0x80, 0xff, 0x80, 0x80, 0x80, 0xff, 0x80, 0x80, 0x80, 0xff, 0x80, 0x80, 0x80, 0xff, 
  0x80, 0x80, 0x80, 0xff, 0x80, 0x80, 0x80, 0xff, 0x80, 0x80, 0x80, 0xff, 0x80, 0x80, 0x80, 0xff, 0x80, 0x80, 0x80, 0xff, 0x80, 0x80, 0x80, 0xff, 0x80, 0x80, 0x80, 0xff, 
  0x80, 0x80, 0x80, 0xff, 0x80, 0x80, 0x80, 0xff, 0x80, 0x80, 0x80, 0xff, 0x80, 0x80, 0x80, 0xff, 0x80, 0x80, 0x80, 0xff, 0x80, 0x80, 0x80, 0xff, 0x80, 0x80, 0x80, 0xff, 
  0x80, 0x80, 0x80, 0xff, 0x80, 0x80, 0x80, 0xff, 0x80, 0x80, 0x80, 0xff, 0x80, 0x80, 0x80, 0xff, 0x80, 0x80, 0x80, 0xff, 0x80, 0x80, 0x80, 0xff, 0x80, 0x80, 0x80, 0xff, 
  0x80, 0x80, 0x80, 0xff, 0x80, 0x80, 0x80, 0xff, 0x80, 0x80, 0x80, 0xff, 0x80, 0x80, 0x80, 0xff, 0x80, 0x80, 0x80, 0xff, 0x80, 0x80, 0x80, 0xff, 0x80, 0x80, 0x80, 0xff, 
  0x80, 0x80, 0x80, 0xff, 0x80, 0x80, 0x80, 0xff, 0x80, 0x80, 0x80, 0xff, 0x80, 0x80, 0x80, 0xff, 0x80, 0x80, 0x80, 0xff, 0x80, 0x80, 0x80, 0xff, 0x80, 0x80, 0x80, 0xff, 
  0x80, 0x80, 0x80, 0xff, 0x80, 0x80, 0x80, 0xff, 0x80, 0x80, 0x80, 0xff, 0x80, 0x80, 0x80, 0xff, 0x80, 0x80, 0x80, 0xff, 0x80, 0x80, 0x80, 0xff, 0x80, 0x80, 0x80, 0xff, 
  0x80, 0x80, 0x80, 0xff, 0x80, 0x80, 0x80, 0xff, 0x80, 0x80, 0x80, 0xff, 0x80, 0x80, 0x80, 0xff, 0x80, 0x80, 0x80, 0xff, 0x80, 0x80, 0x80, 0xff, 0x80, 0x80, 0x80, 0xff, 
  0x80, 0x80, 0x80, 0xff, 0x80, 0x80, 0x80, 0xff, 0x80, 0x80, 0x80, 0xff, 0x80, 0x80, 0x80, 0xff, 0x80, 0x80, 0x80, 0xff, 0x80, 0x80, 0x80, 0xff, 0x80, 0x80, 0x80, 0xff, 
  0x80, 0x80, 0x80, 0xff, 0x80, 0x80, 0x80, 0xff, 0x80, 0x80, 0x80, 0xff, 0x80, 0x80, 0x80, 0xff, 0x80, 0x80, 0x80, 0xff, 0x80, 0x80, 0x80, 0xff, 0x80, 0x80, 0x80, 0xff, 
  0x80, 0x80, 0x80, 0xff, 0x80, 0x80, 0x80, 0xff, 0x80, 0x80, 0x80, 0xff, 0x80, 0x80, 0x80, 0xff, 0x80, 0x80, 0x80, 0xff, 0x80, 0x80, 0x80, 0xff, 0x80, 0x80, 0x80, 0xff, 
  0x80, 0x80, 0x80, 0xff, 0x80, 0x80, 0x80, 0xff, 0x80, 0x80, 0x80, 0xff, 0x80, 0x80, 0x80, 0xff, 0x80, 0x80, 0x80, 0xff, 0x80, 0x80, 0x80, 0xff, 0x80, 0x80, 0x80, 0xff, 
  0x80, 0x80, 0x80, 0xff, 0x80, 0x80, 0x80, 0xff, 0x80, 0x80, 0x80, 0xff, 0x80, 0x80, 0x80, 0xff, 0x80, 0x80, 0x80, 0xff, 0x80, 0x80, 0x80, 0xff, 0x80, 0x80, 0x80, 0xff, 
  0x80, 0x80, 0x80, 0xff, 0x80, 0x80, 0x80, 0xff, 0x80, 0x80, 0x80, 0xff, 0x80, 0x80, 0x80, 0xff, 0x80, 0x80, 0x80, 0xff, 0x80, 0x80, 0x80, 0xff, 0x80, 0x80, 0x80, 0xff, 
  0x80, 0x80, 0x80, 0xff, 0x80, 0x80, 0x80, 0xff, 0x80, 0x80, 0x80, 0xff, 0x80, 0x80, 0x80, 0xff, 0x80, 0x80, 0x80, 0xff, 0x80, 0x80, 0x80, 0xff, 0x80, 0x80, 0x80, 0xff, 
  0x80, 0x80, 0x80, 0xff, 0x80, 0x80, 0x80, 0xff, 0x80, 0x80, 0x80, 0xff, 0x80, 0x80, 0x80, 0xff, 0x80, 0x80, 0x80, 0xff, 0x80, 0x80, 0x80, 0xff, 0x80, 0x80, 0x80, 0xff, 
  0x80, 0x80, 0x80, 0xff, 0x80, 0x80, 0x80, 0xff, 0x80, 0x80, 0x80, 0xff, 0x80, 0x80, 0x80, 0xff, 0x80, 0x80, 0x80, 0xff, 0x80, 0x80, 0x80, 0xff, 0x80, 0x80, 0x80, 0xff, 
  0x80, 0x80, 0x80, 0xff, 0x80, 0x80, 0x80, 0xff, 0x80, 0x80, 0x80, 0xff, 0x80, 0x80, 0x80, 0xff, 0x80, 0x80, 0x80, 0xff, 0x80, 0x80, 0x80, 0xff, 0x80, 0x80, 0x80, 0xff, 
  0x80, 0x80, 0x80, 0x00, 0x80, 0x80, 0x80, 0xff, 0x80, 0x80, 0x80, 0xff, 0x80, 0x80, 0x80, 0xff, 0x80, 0x80, 0x80, 0xff, 0x80, 0x80, 0x80, 0xff, 0x80, 0x80, 0x80, 0xff, 
  0x80, 0x80, 0x80, 0xff, 0x80, 0x80, 0x80, 0xff, 0x80, 0x80, 0x80, 0xff, 0x80, 0x80, 0x80, 0xff, 0x80, 0x80, 0x80, 0xff, 0x80, 0x80, 0x80, 0xff, 0x80, 0x80, 0x80, 0xff, 
  0x80, 0x80, 0x80, 0xff, 0x80, 0x80, 0x80, 0xff, 0x80, 0x80, 0x80, 0xff, 0x80, 0x80, 0x80, 0xff, 0x80, 0x80, 0x80, 0xff, 0x80, 0x80, 0x80, 0xff, 0x80, 0x80, 0x80, 0xff, 
  0x80, 0x80, 0x80, 0xff, 0x80, 0x80, 0x80, 0xff, 0x80, 0x80, 0x80, 0xff, 0x80, 0x80, 0x80, 0xff, 0x80, 0x80, 0x80, 0xff, 0x80, 0x80, 0x80, 0xff, 0x80, 0x80, 0x80, 0xff, 
  0x80, 0x80, 0x80, 0xff, 0x80, 0x80, 0x80, 0xff, 0x80, 0x80, 0x80, 0xff, 0x80, 0x80, 0x80, 0xff, 0x80, 0x80, 0x80, 0xff, 0x80, 0x80, 0x80, 0xff, 0x80, 0x80, 0x80, 0xff, 
  0x80, 0x80, 0x80, 0xff, 0x80, 0x80, 0x80, 0xff, 0x80, 0x80, 0x80, 0xff, 0x80, 0x80, 0x80, 0xff, 0x80, 0x80, 0x80, 0xff, 0x80, 0x80, 0x80, 0xff, 0x80, 0x80, 0x80, 0xff, 
  0x80, 0x80, 0x80, 0xff, 0x80, 0x80, 0x80, 0xff, 0x80, 0x80, 0x80, 0xff, 0x80, 0x80, 0x80, 0xff, 0x80, 0x80, 0x80, 0xff, 0x80, 0x80, 0x80, 0xff, 0x80, 0x80, 0x80, 0xff, 
  0x80, 0x80, 0x80, 0xff, 0x80, 0x80, 0x80, 0xff, 0x80, 0x80, 0x80, 0xff, 0x80, 0x80, 0x80, 0xff, 0x80, 0x80, 0x80, 0xff, 0x80, 0x80, 0x80, 0xff, 0x80, 0x80, 0x80, 0xff, 
  0x80, 0x80, 0x80, 0xff, 0x80, 0x80, 0x80, 0xff, 0x80, 0x80, 0x80, 0xff, 0x80, 0x80, 0x80, 0xff, 0x80, 0x80, 0x80, 0xff, 0x80, 0x80, 0x80, 0xff, 0x80, 0x80, 0x80, 0xff, 
  0x80, 0x80, 0x80, 0xff, 0x80, 0x80, 0x80, 0xff, 0x80, 0x80, 0x80, 0xff, 0x80, 0x80, 0x80, 0xff, 0x80, 0x80, 0x80, 0xff, 0x80, 0x80, 0x80, 0xff, 0x80, 0x80, 0x80, 0xff, 
  0x80, 0x80, 0x80, 0xff, 0x80, 0x80, 0x80, 0xff, 0x80, 0x80, 0x80, 0xff, 0x80, 0x80, 0x80, 0xff, 0x80, 0x80, 0x80, 0xff, 0x80, 0x80, 0x80, 0xff, 0x80, 0x80, 0x80, 0xff, 
  0x80, 0x80, 0x80, 0xff, 0x80, 0x80, 0x80, 0xff, 0x80, 0x80, 0x80, 0xff, 0x80, 0x80, 0x80, 0xff, 0x80, 0x80, 0x80, 0xff, 0x80, 0x80, 0x80, 0xff, 0x80, 0x80, 0x80, 0xff, 
  0x80, 0x80, 0x80, 0xff, 0x80, 0x80, 0x80, 0xff, 0x80, 0x80, 0x80, 0xff, 0x80, 0x80, 0x80, 0xff, 0x80, 0x80, 0x80, 0xff, 0x80, 0x80, 0x80, 0xff, 0x80, 0x80, 0x80, 0xff, 
  0x80, 0x80, 0x80, 0xff, 0x80, 0x80, 0x80, 0xff, 0x80, 0x80, 0x80, 0xff, 0x80, 0x80, 0x80, 0xff, 0x80, 0x80, 0x80, 0xff, 0x80, 0x80, 0x80, 0xff, 0x80, 0x80, 0x80, 0xff, 
  0x80, 0x80, 0x80, 0xff, 0x80, 0x80, 0x80, 0xff, 0x80, 0x80, 0x80, 0xff, 0x80, 0x80, 0x80, 0xff, 0x80, 0x80, 0x80, 0xff, 0x80, 0x80, 0x80, 0xff, 0x80, 0x80, 0x80, 0xff, 
  0x80, 0x80, 0x80, 0xff, 0x80, 0x80, 0x80, 0xff, 0x80, 0x80, 0x80, 0xff, 0x80, 0x80, 0x80, 0xff, 0x80, 0x80, 0x80, 0xff, 0x80, 0x80, 0x80, 0xff, 0x80, 0x80, 0x80, 0xff, 
  0x80, 0x80, 0x80, 0x00, 0x80, 0x80, 0x80, 0xff, 0x80, 0x80, 0x80, 0xff, 0x80, 0x80, 0x80, 0xff, 0x80, 0x80, 0x80, 0xff, 0x80, 0x80, 0x80, 0xff, 0x80, 0x80, 0x80, 0xff, 
  0x80, 0x80, 0x80, 0xff, 0x80, 0x80, 0x80, 0xff, 0x80, 0x80, 0x80, 0xff, 0x80, 0x80, 0x80, 0xff, 0x80, 0x80, 0x80, 0xff, 0x80, 0x80, 0x80, 0xff, 0x80, 0x80, 0x80, 0xff, 
  0x80, 0x80, 0x80, 0xff, 0x80, 0x80, 0x80, 0xff, 0x80, 0x80, 0x80, 0xff, 0x80, 0x80, 0x80, 0xff, 0x80, 0x80, 0x80, 0xff, 0x80, 0x80, 0x80, 0xff, 0x80, 0x80, 0x80, 0xff, 
  0x80, 0x80, 0x80, 0xff, 0x80, 0x80, 0x80, 0xff, 0x80, 0x80, 0x80, 0xff, 0x80, 0x80, 0x80, 0xff, 0x80, 0x80, 0x80, 0xff, 0x80, 0x80, 0x80, 0xff, 0x80, 0x80, 0x80, 0xff, 
  0x80, 0x80, 0x80, 0xff, 0x80, 0x80, 0x80, 0xff, 0x80, 0x80, 0x80, 0xff, 0x80, 0x80, 0x80, 0xff, 0x80, 0x80, 0x80, 0xff, 0x80, 0x80, 0x80, 0xff, 0x80, 0x80, 0x80, 0xff, 
  0x80, 0x80, 0x80, 0xff, 0x80, 0x80, 0x80, 0xff, 0x80, 0x80, 0x80, 0xff, 0x80, 0x80, 0x80, 0xff, 0x80, 0x80, 0x80, 0xff, 0x80, 0x80, 0x80, 0xff, 0x80, 0x80, 0x80, 0xff, 
  0x80, 0x80, 0x80, 0xff, 0x80, 0x80, 0x80, 0xff, 0x80, 0x80, 0x80, 0xff, 0x80, 0x80, 0x80, 0xff, 0x80, 0x80, 0x80, 0xff, 0x80, 0x80, 0x80, 0xff, 0x80, 0x80, 0x80, 0xff, 
  0x80, 0x80, 0x80, 0xff, 0x80, 0x80, 0x80, 0xff, 0x80, 0x80, 0x80, 0xff, 0x80, 0x80, 0x80, 0xff, 0x80, 0x80, 0x80, 0xff, 0x80, 0x80, 0x80, 0xff, 0x80, 0x80, 0x80, 0xff, 
  0x80, 0x80, 0x80, 0xff, 0x80, 0x80, 0x80, 0xff, 0x80, 0x80, 0x80, 0xff, 0x80, 0x80, 0x80, 0xff, 0x80, 0x80, 0x80, 0xff, 0x80, 0x80, 0x80, 0xff, 0x80, 0x80, 0x80, 0xff, 
  0x80, 0x80, 0x80, 0xff, 0x80, 0x80, 0x80, 0xff, 0x80, 0x80, 0x80, 0xff, 0x80, 0x80, 0x80, 0xff, 0x80, 0x80, 0x80, 0xff, 0x80, 0x80, 0x80, 0xff, 0x80, 0x80, 0x80, 0xff, 
  0x80, 0x80, 0x80, 0xff, 0x80, 0x80, 0x80, 0xff, 0x80, 0x80, 0x80, 0xff, 0x80, 0x80, 0x80, 0xff, 0x80, 0x80, 0x80, 0xff, 0x80, 0x80, 0x80, 0xff, 0x80, 0x80, 0x80, 0xff, 
  0x80, 0x80, 0x80, 0xff, 0x80, 0x80, 0x80, 0xff, 0x80, 0x80, 0x80, 0xff, 0x80, 0x80, 0x80, 0xff, 0x80, 0x80, 0x80, 0xff, 0x80, 0x80, 0x80, 0xff, 0x80, 0x80, 0x80, 0xff, 
  0x80, 0x80, 0x80, 0xff, 0x80, 0x80, 0x80, 0xff, 0x80, 0x80, 0x80, 0xff, 0x80, 0x80, 0x80, 0xff, 0x80, 0x80, 0x80, 0xff, 0x80, 0x80, 0x80, 0xff, 0x80, 0x80, 0x80, 0xff, 
  0x80, 0x80, 0x80, 0xff, 0x80, 0x80, 0x80, 0xff, 0x80, 0x80, 0x80, 0xff, 0x80, 0x80, 0x80, 0xff, 0x80, 0x80, 0x80, 0xff, 0x80, 0x80, 0x80, 0xff, 0x80, 0x80, 0x80, 0xff, 
  0x80, 0x80, 0x80, 0xff, 0x80, 0x80, 0x80, 0xff, 0x80, 0x80, 0x80, 0xff, 0x80, 0x80, 0x80, 0xff, 0x80, 0x80, 0x80, 0xff, 0x80, 0x80, 0x80, 0xff, 0x80, 0x80, 0x80, 0xff, 
  0x80, 0x80, 0x80, 0xff, 0x80, 0x80, 0x80, 0xff, 0x80, 0x80, 0x80, 0xff, 0x80, 0x80, 0x80, 0xff, 0x80, 0x80, 0x80, 0xff, 0x80, 0x80, 0x80, 0xff, 0x80, 0x80, 0x80, 0xff, 
  0x80, 0x80, 0x80, 0x00, 0x80, 0x80, 0x80, 0x00, 0x80, 0x80, 0x80, 0xff, 0x80, 0x80, 0x80, 0xff, 0x80, 0x80, 0x80, 0xff, 0x80, 0x80, 0x80, 0xff, 0x80, 0x80, 0x80, 0xff, 
  0x80, 0x80, 0x80, 0xff, 0x80, 0x80, 0x80, 0xff, 0x80, 0x80, 0x80, 0xff, 0x80, 0x80, 0x80, 0xff, 0x80, 0x80, 0x80, 0xff, 0x80, 0x80, 0x80, 0xff, 0x80, 0x80, 0x80, 0xff, 
  0x80, 0x80, 0x80, 0xff, 0x80, 0x80, 0x80, 0xff, 0x80, 0x80, 0x80, 0xff, 0x80, 0x80, 0x80, 0xff, 0x80, 0x80, 0x80, 0xff, 0x80, 0x80, 0x80, 0xff, 0x80, 0x80, 0x80, 0xff, 
  0x80, 0x80, 0x80, 0xff, 0x80, 0x80, 0x80, 0xff, 0x80, 0x80, 0x80, 0xff, 0x80, 0x80, 0x80, 0xff, 0x80, 0x80, 0x80, 0xff, 0x80, 0x80, 0x80, 0xff, 0x80, 0x80, 0x80, 0xff, 
  0x80, 0x80, 0x80, 0xff, 0x80, 0x80, 0x80, 0xff, 0x80, 0x80, 0x80, 0xff, 0x80, 0x80, 0x80, 0xff, 0x80, 0x80, 0x80, 0xff, 0x80, 0x80, 0x80, 0xff, 0x80, 0x80, 0x80, 0xff, 
  0x80, 0x80, 0x80, 0xff, 0x80, 0x80, 0x80, 0xff, 0x80, 0x80, 0x80, 0xff, 0x80, 0x80, 0x80, 0xff, 0x80, 0x80, 0x80, 0xff, 0x80, 0x80, 0x80, 0xff, 0x80, 0x80, 0x80, 0xff, 
  0x80, 0x80, 0x80, 0xff, 0x80, 0x80, 0x80, 0xff, 0x80, 0x80, 0x80, 0xff, 0x80, 0x80, 0x80, 0xff, 0x80, 0x80, 0x80, 0xff, 0x80, 0x80, 0x80, 0xff, 0x80, 0x80, 0x80, 0xff, 
  0x80, 0x80, 0x80, 0xff, 0x80, 0x80, 0x80, 0xff, 0x80, 0x80, 0x80, 0xff, 0x80, 0x80, 0x80, 0xff, 0x80, 0x80, 0x80, 0xff, 0x80, 0x80, 0x80, 0xff, 0x80, 0x80, 0x80, 0xff, 
  0x80, 0x80, 0x80, 0xff, 0x80, 0x80, 0x80, 0xff, 0x80, 0x80, 0x80, 0xff, 0x80, 0x80, 0x80, 0xff, 0x80, 0x80, 0x80, 0xff, 0x80, 0x80, 0x80, 0xff, 0x80, 0x80, 0x80, 0xff, 
  0x80, 0x80, 0x80, 0xff, 0x80, 0x80, 0x80, 0xff, 0x80, 0x80, 0x80, 0xff, 0x80, 0x80, 0x80, 0xff, 0x80, 0x80, 0x80, 0xff, 0x80, 0x80, 0x80, 0xff, 0x80, 0x80, 0x80, 0xff, 
  0x80, 0x80, 0x80, 0xff, 0x80, 0x80, 0x80, 0xff, 0x80, 0x80, 0x80, 0xff, 0x80, 0x80, 0x80, 0xff, 0x80, 0x80, 0x80, 0xff, 0x80, 0x80, 0x80, 0xff, 0x80, 0x80, 0x80, 0xff, 
  0x80, 0x80, 0x80, 0xff, 0x80, 0x80, 0x80, 0xff, 0x80, 0x80, 0x80, 0xff, 0x80, 0x80, 0x80, 0xff, 0x80, 0x80, 0x80, 0xff, 0x80, 0x80, 0x80, 0xff, 0x80, 0x80, 0x80, 0xff, 
  0x80, 0x80, 0x80, 0xff, 0x80, 0x80, 0x80, 0xff, 0x80, 0x80, 0x80, 0xff, 0x80, 0x80, 0x80, 0xff, 0x80, 0x80, 0x80, 0xff, 0x80, 0x80, 0x80, 0xff, 0x80, 0x80, 0x80, 0xff, 
  0x80, 0x80, 0x80, 0xff, 0x80, 0x80, 0x80, 0xff, 0x80, 0x80, 0x80, 0xff, 0x80, 0x80, 0x80, 0xff, 0x80, 0x80, 0x80, 0xff, 0x80, 0x80, 0x80, 0xff, 0x80, 0x80, 0x80, 0xff, 
  0x80, 0x80, 0x80, 0xff, 0x80, 0x80, 0x80, 0xff, 0x80, 0x80, 0x80, 0xff, 0x80, 0x80, 0x80, 0xff, 0x80, 0x80, 0x80, 0xff, 0x80, 0x80, 0x80, 0xff, 0x80, 0x80, 0x80, 0xff, 
  0x80, 0x80, 0x80, 0xff, 0x80, 0x80, 0x80, 0xff, 0x80, 0x80, 0x80, 0xff, 0x80, 0x80, 0x80, 0xff, 0x80, 0x80, 0x80, 0xff, 0x80, 0x80, 0x80, 0xff, 0x80, 0x80, 0x80, 0x00, 
  0x80, 0x80, 0x80, 0x00, 0x80, 0x80, 0x80, 0x00, 0x80, 0x80, 0x80, 0xff, 0x80, 0x80, 0x80, 0xff, 0x80, 0x80, 0x80, 0xff, 0x80, 0x80, 0x80, 0xff, 0x80, 0x80, 0x80, 0xff, 
  0x80, 0x80, 0x80, 0xff, 0x80, 0x80, 0x80, 0xff, 0x80, 0x80, 0x80, 0xff, 0x80, 0x80, 0x80, 0xff, 0x80, 0x80, 0x80, 0xff, 0x80, 0x80, 0x80, 0xff, 0x80, 0x80, 0x80, 0xff, 
  0x80, 0x80, 0x80, 0xff, 0x80, 0x80, 0x80, 0xff, 0x80, 0x80, 0x80, 0xff, 0x80, 0x80, 0x80, 0xff, 0x80, 0x80, 0x80, 0xff, 0x80, 0x80, 0x80, 0xff, 0x80, 0x80, 0x80, 0xff, 
  0x80, 0x80, 0x80, 0xff, 0x80, 0x80, 0x80, 0xff, 0x80, 0x80, 0x80, 0xff, 0x80, 0x80, 0x80, 0xff, 0x80, 0x80, 0x80, 0xff, 0x80, 0x80, 0x80, 0xff, 0x80, 0x80, 0x80, 0xff, 
  0x80, 0x80, 0x80, 0xff, 0x80, 0x80, 0x80, 0xff, 0x80, 0x80, 0x80, 0xff, 0x80, 0x80, 0x80, 0xff, 0x80, 0x80, 0x80, 0xff, 0x80, 0x80, 0x80, 0xff, 0x80, 0x80, 0x80, 0xff, 
  0x80, 0x80, 0x80, 0xff, 0x80, 0x80, 0x80, 0xff, 0x80, 0x80, 0x80, 0xff, 0x80, 0x80, 0x80, 0xff, 0x80, 0x80, 0x80, 0xff, 0x80, 0x80, 0x80, 0xff, 0x80, 0x80, 0x80, 0xff, 
  0x80, 0x80, 0x80, 0xff, 0x80, 0x80, 0x80, 0xff, 0x80, 0x80, 0x80, 0xff, 0x80, 0x80, 0x80, 0xff, 0x80, 0x80, 0x80, 0xff, 0x80, 0x80, 0x80, 0xff, 0x80, 0x80, 0x80, 0xff, 
  0x80, 0x80, 0x80, 0xff, 0x80, 0x80, 0x80, 0xff, 0x80, 0x80, 0x80, 0xff, 0x80, 0x80, 0x80, 0xff, 0x80, 0x80, 0x80, 0xff, 0x80, 0x80, 0x80, 0xff, 0x80, 0x80, 0x80, 0xff, 
  0x80, 0x80, 0x80, 0xff, 0x80, 0x80, 0x80, 0xff, 0x80, 0x80, 0x80, 0xff, 0x80, 0x80, 0x80, 0xff, 0x80, 0x80, 0x80, 0xff, 0x80, 0x80, 0x80, 0xff, 0x80, 0x80, 0x80, 0xff, 
  0x80, 0x80, 0x80, 0xff, 0x80, 0x80, 0x80, 0xff, 0x80, 0x80, 0x80, 0xff, 0x80, 0x80, 0x80, 0xff, 0x80, 0x80, 0x80, 0xff, 0x80, 0x80, 0x80, 0xff, 0x80, 0x80, 0x80, 0xff, 
  0x80, 0x80, 0x80, 0xff, 0x80, 0x80, 0x80, 0xff, 0x80, 0x80, 0x80, 0xff, 0x80, 0x80, 0x80, 0xff, 0x80, 0x80, 0x80, 0xff, 0x80, 0x80, 0x80, 0xff, 0x80, 0x80, 0x80, 0xff, 
  0x80, 0x80, 0x80, 0xff, 0x80, 0x80, 0x80, 0xff, 0x80, 0x80, 0x80, 0xff, 0x80, 0x80, 0x80, 0xff, 0x80, 0x80, 0x80, 0xff, 0x80, 0x80, 0x80, 0xff, 0x80, 0x80, 0x80, 0xff, 
  0x80, 0x80, 0x80, 0xff, 0x80, 0x80, 0x80, 0xff, 0x80, 0x80, 0x80, 0xff, 0x80, 0x80, 0x80, 0xff, 0x80, 0x80, 0x80, 0xff, 0x80, 0x80, 0x80, 0xff, 0x80, 0x80, 0x80, 0xff, 
  0x80, 0x80, 0x80, 0xff, 0x80, 0x80, 0x80, 0xff, 0x80, 0x80, 0x80, 0xff, 0x80, 0x80, 0x80, 0xff, 0x80, 0x80, 0x80, 0xff, 0x80, 0x80, 0x80, 0xff, 0x80, 0x80, 0x80, 0xff, 
  0x80, 0x80, 0x80, 0xff, 0x80, 0x80, 0x80, 0xff, 0x80, 0x80, 0x80, 0xff, 0x80, 0x80, 0x80, 0xff, 0x80, 0x80, 0x80, 0xff, 0x80, 0x80, 0x80, 0xff, 0x80, 0x80, 0x80, 0xff, 
  0x80, 0x80, 0x80, 0xff, 0x80, 0x80, 0x80, 0xff, 0x80, 0x80, 0x80, 0xff, 0x80, 0x80, 0x80, 0xff, 0x80, 0x80, 0x80, 0xff, 0x80, 0x80, 0x80, 0xff, 0x80, 0x80, 0x80, 0x00, 
  0x80, 0x80, 0x80, 0x00, 0x80, 0x80, 0x80, 0x00, 0x80, 0x80, 0x80, 0x00, 0x80, 0x80, 0x80, 0xff, 0x80, 0x80, 0x80, 0xff, 0x80, 0x80, 0x80, 0xff, 0x80, 0x80, 0x80, 0xff, 
  0x80, 0x80, 0x80, 0xff, 0x80, 0x80, 0x80, 0xff, 0x80, 0x80, 0x80, 0xff, 0x80, 0x80, 0x80, 0xff, 0x80, 0x80, 0x80, 0xff, 0x80, 0x80, 0x80, 0xff, 0x80, 0x80, 0x80, 0xff, 
  0x80, 0x80, 0x80, 0xff, 0x80, 0x80, 0x80, 0xff, 0x80, 0x80, 0x80, 0xff, 0x80, 0x80, 0x80, 0xff, 0x80, 0x80, 0x80, 0xff, 0x80, 0x80, 0x80, 0xff, 0x80, 0x80, 0x80, 0xff, 
  0x80, 0x80, 0x80, 0xff, 0x80, 0x80, 0x80, 0xff, 0x80, 0x80, 0x80, 0xff, 0x80, 0x80, 0x80, 0xff, 0x80, 0x80, 0x80, 0xff, 0x80, 0x80, 0x80, 0xff, 0x80, 0x80, 0x80, 0xff, 
  0x80, 0x80, 0x80, 0xff, 0x80, 0x80, 0x80, 0xff, 0x80, 0x80, 0x80, 0xff, 0x80, 0x80, 0x80, 0xff, 0x80, 0x80, 0x80, 0xff, 0x80, 0x80, 0x80, 0xff, 0x80, 0x80, 0x80, 0xff, 
  0x80, 0x80, 0x80, 0xff, 0x80, 0x80, 0x80, 0xff, 0x80, 0x80, 0x80, 0xff, 0x80, 0x80, 0x80, 0xff, 0x80, 0x80, 0x80, 0xff, 0x80, 0x80, 0x80, 0xff, 0x80, 0x80, 0x80, 0xff, 
  0x80, 0x80, 0x80, 0xff, 0x80, 0x80, 0x80, 0xff, 0x80, 0x80, 0x80, 0xff, 0x80, 0x80, 0x80, 0xff, 0x80, 0x80, 0x80, 0xff, 0x80, 0x80, 0x80, 0xff, 0x80, 0x80, 0x80, 0xff, 
  0x80, 0x80, 0x80, 0xff, 0x80, 0x80, 0x80, 0xff, 0x80, 0x80, 0x80, 0xff, 0x80, 0x80, 0x80, 0xff, 0x80, 0x80, 0x80, 0xff, 0x80, 0x80, 0x80, 0xff, 0x80, 0x80, 0x80, 0xff, 
  0x80, 0x80, 0x80, 0xff, 0x80, 0x80, 0x80, 0xff, 0x80, 0x80, 0x80, 0xff, 0x80, 0x80, 0x80, 0xff, 0x80, 0x80, 0x80, 0xff, 0x80, 0x80, 0x80, 0xff, 0x80, 0x80, 0x80, 0xff, 
  0x80, 0x80, 0x80, 0xff, 0x80, 0x80, 0x80, 0xff, 0x80, 0x80, 0x80, 0xff, 0x80, 0x80, 0x80, 0xff, 0x80, 0x80, 0x80, 0xff, 0x80, 0x80, 0x80, 0xff, 0x80, 0x80, 0x80, 0xff, 
  0x80, 0x80, 0x80, 0xff, 0x80, 0x80, 0x80, 0xff, 0x80, 0x80, 0x80, 0xff, 0x80, 0x80, 0x80, 0xff, 0x80, 0x80, 0x80, 0xff, 0x80, 0x80, 0x80, 0xff, 0x80, 0x80, 0x80, 0xff, 
  0x80, 0x80, 0x80, 0xff, 0x80, 0x80, 0x80, 0xff, 0x80, 0x80, 0x80, 0xff, 0x80, 0x80, 0x80, 0xff, 0x80, 0x80, 0x80, 0xff, 0x80, 0x80, 0x80, 0xff, 0x80, 0x80, 0x80, 0xff, 
  0x80, 0x80, 0x80, 0xff, 0x80, 0x80, 0x80, 0xff, 0x80, 0x80, 0x80, 0xff, 0x80, 0x80, 0x80, 0xff, 0x80, 0x80, 0x80, 0xff, 0x80, 0x80, 0x80, 0xff, 0x80, 0x80, 0x80, 0xff, 
  0x80, 0x80, 0x80, 0xff, 0x80, 0x80, 0x80, 0xff, 0x80, 0x80, 0x80, 0xff, 0x80, 0x80, 0x80, 0xff, 0x80, 0x80, 0x80, 0xff, 0x80, 0x80, 0x80, 0xff, 0x80, 0x80, 0x80, 0xff, 
  0x80, 0x80, 0x80, 0xff, 0x80, 0x80, 0x80, 0xff, 0x80, 0x80, 0x80, 0xff, 0x80, 0x80, 0x80, 0xff, 0x80, 0x80, 0x80, 0xff, 0x80, 0x80, 0x80, 0xff, 0x80, 0x80, 0x80, 0xff, 
  0x80, 0x80, 0x80, 0xff, 0x80, 0x80, 0x80, 0xff, 0x80, 0x80, 0x80, 0xff, 0x80, 0x80, 0x80, 0xff, 0x80, 0x80, 0x80, 0xff, 0x80, 0x80, 0x80, 0x00, 0x80, 0x80, 0x80, 0x00, 
  0x80, 0x80, 0x80, 0x00, 0x80, 0x80, 0x80, 0x00, 0x80, 0x80, 0x80, 0x00, 0x80, 0x80, 0x80, 0x00, 0x80, 0x80, 0x80, 0xff, 0x80, 0x80, 0x80, 0xff, 0x80, 0x80, 0x80, 0xff, 
  0x80, 0x80, 0x80, 0xff, 0x80, 0x80, 0x80, 0xff, 0x80, 0x80, 0x80, 0xff, 0x80, 0x80, 0x80, 0xff, 0x80, 0x80, 0x80, 0xff, 0x80, 0x80, 0x80, 0xff, 0x80, 0x80, 0x80, 0xff, 
  0x80, 0x80, 0x80, 0xff, 0x80, 0x80, 0x80, 0xff, 0x80, 0x80, 0x80, 0xff, 0x80, 0x80, 0x80, 0xff, 0x80, 0x80, 0x80, 0xff, 0x80, 0x80, 0x80, 0xff, 0x80, 0x80, 0x80, 0xff, 
  0x80, 0x80, 0x80, 0xff, 0x80, 0x80, 0x80, 0xff, 0x80, 0x80, 0x80, 0xff, 0x80, 0x80, 0x80, 0xff, 0x80, 0x80, 0x80, 0xff, 0x80, 0x80, 0x80, 0xff, 0x80, 0x80, 0x80, 0xff, 
  0x80, 0x80, 0x80, 0xff, 0x80, 0x80, 0x80, 0xff, 0x80, 0x80, 0x80, 0xff, 0x80, 0x80, 0x80, 0xff, 0x80, 0x80, 0x80, 0xff, 0x80, 0x80, 0x80, 0xff, 0x80, 0x80, 0x80, 0xff, 
  0x80, 0x80, 0x80, 0xff, 0x80, 0x80, 0x80, 0xff, 0x80, 0x80, 0x80, 0xff, 0x80, 0x80, 0x80, 0xff, 0x80, 0x80, 0x80, 0xff, 0x80, 0x80, 0x80, 0xff, 0x80, 0x80, 0x80, 0xff, 
  0x80, 0x80, 0x80, 0xff, 0x80, 0x80, 0x80, 0xff, 0x80, 0x80, 0x80, 0xff, 0x80, 0x80, 0x80, 0xff, 0x80, 0x80, 0x80, 0xff, 0x80, 0x80, 0x80, 0xff, 0x80, 0x80, 0x80, 0xff, 
  0x80, 0x80, 0x80, 0xff, 0x80, 0x80, 0x80, 0xff, 0x80, 0x80, 0x80, 0xff, 0x80, 0x80, 0x80, 0xff, 0x80, 0x80, 0x80, 0xff, 0x80, 0x80, 0x80, 0xff, 0x80, 0x80, 0x80, 0xff, 
  0x80, 0x80, 0x80, 0xff, 0x80, 0x80, 0x80, 0xff, 0x80, 0x80, 0x80, 0xff, 0x80, 0x80, 0x80, 0xff, 0x80, 0x80, 0x80, 0xff, 0x80, 0x80, 0x80, 0xff, 0x80, 0x80, 0x80, 0xff, 
  0x80, 0x80, 0x80, 0xff, 0x80, 0x80, 0x80, 0xff, 0x80, 0x80, 0x80, 0xff, 0x80, 0x80, 0x80, 0xff, 0x80, 0x80, 0x80, 0xff, 0x80, 0x80, 0x80, 0xff, 0x80, 0x80, 0x80, 0xff, 
  0x80, 0x80, 0x80, 0xff, 0x80, 0x80, 0x80, 0xff, 0x80, 0x80, 0x80, 0xff, 0x80, 0x80, 0x80, 0xff, 0x80, 0x80, 0x80, 0xff, 0x80, 0x80, 0x80, 0xff, 0x80, 0x80, 0x80, 0xff, 
  0x80, 0x80, 0x80, 0xff, 0x80, 0x80, 0x80, 0xff, 0x80, 0x80, 0x80, 0xff, 0x80, 0x80, 0x80, 0xff, 0x80, 0x80, 0x80, 0xff, 0x80, 0x80, 0x80, 0xff, 0x80, 0x80, 0x80, 0xff, 
  0x80, 0x80, 0x80, 0xff, 0x80, 0x80, 0x80, 0xff, 0x80, 0x80, 0x80, 0xff, 0x80, 0x80, 0x80, 0xff, 0x80, 0x80, 0x80, 0xff, 0x80, 0x80, 0x80, 0xff, 0x80, 0x80, 0x80, 0xff, 
  0x80, 0x80, 0x80, 0xff, 0x80, 0x80, 0x80, 0xff, 0x80, 0x80, 0x80, 0xff, 0x80, 0x80, 0x80, 0xff, 0x80, 0x80, 0x80, 0xff, 0x80, 0x80, 0x80, 0xff, 0x80, 0x80, 0x80, 0xff, 
  0x80, 0x80, 0x80, 0xff, 0x80, 0x80, 0x80, 0xff, 0x80, 0x80, 0x80, 0xff, 0x80, 0x80, 0x80, 0xff, 0x80, 0x80, 0x80, 0xff, 0x80, 0x80, 0x80, 0xff, 0x80, 0x80, 0x80, 0xff, 
  0x80, 0x80, 0x80, 0xff, 0x80, 0x80, 0x80, 0xff, 0x80, 0x80, 0x80, 0xff, 0x80, 0x80, 0x80, 0xff, 0x80, 0x80, 0x80, 0x00, 0x80, 0x80, 0x80, 0x00, 0x80, 0x80, 0x80, 0x00, 
  0x80, 0x80, 0x80, 0x00, 0x80, 0x80, 0x80, 0x00, 0x80, 0x80, 0x80, 0x00, 0x80, 0x80, 0x80, 0x00, 0x80, 0x80, 0x80, 0x00, 0x80, 0x80, 0x80, 0xff, 0x80, 0x80, 0x80, 0xff, 
  0x80, 0x80, 0x80, 0xff, 0x80, 0x80, 0x80, 0xff, 0x80, 0x80, 0x80, 0xff, 0x80, 0x80, 0x80, 0xff, 0x80, 0x80, 0x80, 0xff, 0x80, 0x80, 0x80, 0xff, 0x80, 0x80, 0x80, 0xff, 
  0x80, 0x80, 0x80, 0xff, 0x80, 0x80, 0x80, 0xff, 0x80, 0x80, 0x80, 0xff, 0x80, 0x80, 0x80, 0xff, 0x80, 0x80, 0x80, 0xff, 0x80, 0x80, 0x80, 0xff, 0x80, 0x80, 0x80, 0xff, 
  0x80, 0x80, 0x80, 0xff, 0x80, 0x80, 0x80, 0xff, 0x80, 0x80, 0x80, 0xff, 0x80, 0x80, 0x80, 0xff, 0x80, 0x80, 0x80, 0xff, 0x80, 0x80, 0x80, 0xff, 0x80, 0x80, 0x80, 0xff, 
  0x80, 0x80, 0x80, 0xff, 0x80, 0x80, 0x80, 0xff, 0x80, 0x80, 0x80, 0xff, 0x80, 0x80, 0x80, 0xff, 0x80, 0x80, 0x80, 0xff, 0x80, 0x80, 0x80, 0xff, 0x80, 0x80, 0x80, 0xff, 
  0x80, 0x80, 0x80, 0xff, 0x80, 0x80, 0x80, 0xff, 0x80, 0x80, 0x80, 0xff, 0x80, 0x80, 0x80, 0xff, 0x80, 0x80, 0x80, 0xff, 0x80, 0x80, 0x80, 0xff, 0x80, 0x80, 0x80, 0xff, 
  0x80, 0x80, 0x80, 0xff, 0x80, 0x80, 0x80, 0xff, 0x80, 0x80, 0x80, 0xff, 0x80, 0x80, 0x80, 0xff, 0x80, 0x80, 0x80, 0xff, 0x80, 0x80, 0x80, 0xff, 0x80, 0x80, 0x80, 0xff, 
  0x80, 0x80, 0x80, 0xff, 0x80, 0x80, 0x80, 0xff, 0x80, 0x80, 0x80, 0xff, 0x80, 0x80, 0x80, 0xff, 0x80, 0x80, 0x80, 0xff, 0x80, 0x80, 0x80, 0xff, 0x80, 0x80, 0x80, 0xff, 
  0x80, 0x80, 0x80, 0xff, 0x80, 0x80, 0x80, 0xff, 0x80, 0x80, 0x80, 0xff, 0x80, 0x80, 0x80, 0xff, 0x80, 0x80, 0x80, 0xff, 0x80, 0x80, 0x80, 0xff, 0x80, 0x80, 0x80, 0xff, 
  0x80, 0x80, 0x80, 0xff, 0x80, 0x80, 0x80, 0xff, 0x80, 0x80, 0x80, 0xff, 0x80, 0x80, 0x80, 0xff, 0x80, 0x80, 0x80, 0xff, 0x80, 0x80, 0x80, 0xff, 0x80, 0x80, 0x80, 0xff, 
  0x80, 0x80, 0x80, 0xff, 0x80, 0x80, 0x80, 0xff, 0x80, 0x80, 0x80, 0xff, 0x80, 0x80, 0x80, 0xff, 0x80, 0x80, 0x80, 0xff, 0x80, 0x80, 0x80, 0xff, 0x80, 0x80, 0x80, 0xff, 
  0x80, 0x80, 0x80, 0xff, 0x80, 0x80, 0x80, 0xff, 0x80, 0x80, 0x80, 0xff, 0x80, 0x80, 0x80, 0xff, 0x80, 0x80, 0x80, 0xff, 0x80, 0x80, 0x80, 0xff, 0x80, 0x80, 0x80, 0xff, 
  0x80, 0x80, 0x80, 0xff, 0x80, 0x80, 0x80, 0xff, 0x80, 0x80, 0x80, 0xff, 0x80, 0x80, 0x80, 0xff, 0x80, 0x80, 0x80, 0xff, 0x80, 0x80, 0x80, 0xff, 0x80, 0x80, 0x80, 0xff, 
  0x80, 0x80, 0x80, 0xff, 0x80, 0x80, 0x80, 0xff, 0x80, 0x80, 0x80, 0xff, 0x80, 0x80, 0x80, 0xff, 0x80, 0x80, 0x80, 0xff, 0x80, 0x80, 0x80, 0xff, 0x80, 0x80, 0x80, 0xff, 
  0x80, 0x80, 0x80, 0xff, 0x80, 0x80, 0x80, 0xff, 0x80, 0x80, 0x80, 0xff, 0x80, 0x80, 0x80, 0xff, 0x80, 0x80, 0x80, 0xff, 0x80, 0x80, 0x80, 0xff, 0x80, 0x80, 0x80, 0xff, 
  0x80, 0x80, 0x80, 0xff, 0x80, 0x80, 0x80, 0xff, 0x80, 0x80, 0x80, 0xff, 0x80, 0x80, 0x80, 0x00, 0x80, 0x80, 0x80, 0x00, 0x80, 0x80, 0x80, 0x00, 0x80, 0x80, 0x80, 0x00, 
  0x80, 0x80, 0x80, 0x00, 0x80, 0x80, 0x80, 0x00, 0x80, 0x80, 0x80, 0x00, 0x80, 0x80, 0x80, 0x00, 0x80, 0x80, 0x80, 0x00, 0x80, 0x80, 0x80, 0x00, 0x80, 0x80, 0x80, 0x00, 
  0x80, 0x80, 0x80, 0xff, 0x80, 0x80, 0x80, 0xff, 0x80, 0x80, 0x80, 0xff, 0x80, 0x80, 0x80, 0xff, 0x80, 0x80, 0x80, 0xff, 0x80, 0x80, 0x80, 0xff, 0x80, 0x80, 0x80, 0xff, 
  0x80, 0x80, 0x80, 0xff, 0x80, 0x80, 0x80, 0xff, 0x80, 0x80, 0x80, 0xff, 0x80, 0x80, 0x80, 0xff, 0x80, 0x80, 0x80, 0xff, 0x80, 0x80, 0x80, 0xff, 0x80, 0x80, 0x80, 0xff, 
  0x80, 0x80, 0x80, 0xff, 0x80, 0x80, 0x80, 0xff, 0x80, 0x80, 0x80, 0xff, 0x80, 0x80, 0x80, 0xff, 0x80, 0x80, 0x80, 0xff, 0x80, 0x80, 0x80, 0xff, 0x80, 0x80, 0x80, 0xff, 
  0x80, 0x80, 0x80, 0xff, 0x80, 0x80, 0x80, 0xff, 0x80, 0x80, 0x80, 0xff, 0x80, 0x80, 0x80, 0xff, 0x80, 0x80, 0x80, 0xff, 0x80, 0x80, 0x80, 0xff, 0x80, 0x80, 0x80, 0xff, 
  0x80, 0x80, 0x80, 0xff, 0x80, 0x80, 0x80, 0xff, 0x80, 0x80, 0x80, 0xff, 0x80, 0x80, 0x80, 0xff, 0x80, 0x80, 0x80, 0xff, 0x80, 0x80, 0x80, 0xff, 0x80, 0x80, 0x80, 0xff, 
  0x80, 0x80, 0x80, 0xff, 0x80, 0x80, 0x80, 0xff, 0x80, 0x80, 0x80, 0xff, 0x80, 0x80, 0x80, 0xff, 0x80, 0x80, 0x80, 0xff, 0x80, 0x80, 0x80, 0xff, 0x80, 0x80, 0x80, 0xff, 
  0x80, 0x80, 0x80, 0xff, 0x80, 0x80, 0x80, 0xff, 0x80, 0x80, 0x80, 0xff, 0x80, 0x80, 0x80, 0xff, 0x80, 0x80, 0x80, 0xff, 0x80, 0x80, 0x80, 0xff, 0x80, 0x80, 0x80, 0xff, 
  0x80, 0x80, 0x80, 0xff, 0x80, 0x80, 0x80, 0xff, 0x80, 0x80, 0x80, 0xff, 0x80, 0x80, 0x80, 0xff, 0x80, 0x80, 0x80, 0xff, 0x80, 0x80, 0x80, 0xff, 0x80, 0x80, 0x80, 0xff, 
  0x80, 0x80, 0x80, 0xff, 0x80, 0x80, 0x80, 0xff, 0x80, 0x80, 0x80, 0xff, 0x80, 0x80, 0x80, 0xff, 0x80, 0x80, 0x80, 0xff, 0x80, 0x80, 0x80, 0xff, 0x80, 0x80, 0x80, 0xff, 
  0x80, 0x80, 0x80, 0xff, 0x80, 0x80, 0x80, 0xff, 0x80, 0x80, 0x80, 0xff, 0x80, 0x80, 0x80, 0xff, 0x80, 0x80, 0x80, 0xff, 0x80, 0x80, 0x80, 0xff, 0x80, 0x80, 0x80, 0xff, 
  0x80, 0x80, 0x80, 0xff, 0x80, 0x80, 0x80, 0xff, 0x80, 0x80, 0x80, 0xff, 0x80, 0x80, 0x80, 0xff, 0x80, 0x80, 0x80, 0xff, 0x80, 0x80, 0x80, 0xff, 0x80, 0x80, 0x80, 0xff, 
  0x80, 0x80, 0x80, 0xff, 0x80, 0x80, 0x80, 0xff, 0x80, 0x80, 0x80, 0xff, 0x80, 0x80, 0x80, 0xff, 0x80, 0x80, 0x80, 0xff, 0x80, 0x80, 0x80, 0xff, 0x80, 0x80, 0x80, 0xff, 
  0x80, 0x80, 0x80, 0xff, 0x80, 0x80, 0x80, 0xff, 0x80, 0x80, 0x80, 0xff, 0x80, 0x80, 0x80, 0xff, 0x80, 0x80, 0x80, 0xff, 0x80, 0x80, 0x80, 0xff, 0x80, 0x80, 0x80, 0xff, 
  0x80, 0x80, 0x80, 0xff, 0x80, 0x80, 0x80, 0xff, 0x80, 0x80, 0x80, 0xff, 0x80, 0x80, 0x80, 0xff, 0x80, 0x80, 0x80, 0xff, 0x80, 0x80, 0x80, 0xff, 0x80, 0x80, 0x80, 0xff, 
  0x80, 0x80, 0x80, 0xff, 0x80, 0x80, 0x80, 0x00, 0x80, 0x80, 0x80, 0x00, 0x80, 0x80, 0x80, 0x00, 0x80, 0x80, 0x80, 0x00, 0x80, 0x80, 0x80, 0x00, 0x80, 0x80, 0x80, 0x00, 

};

const lv_image_dsc_t camera_app_icon = {
  .header.cf = LV_COLOR_FORMAT_ARGB8888,
  .header.magic = LV_IMAGE_HEADER_MAGIC,
  .header.w = 112,
  .header.h = 112,
  .data_size = 50176,
  .data = camera_app_icon_map,
};
